// Generated by tools/ryujinx_trace/export_startup_buffers.py from testresults/ryujinx_audio/20260917_122613.
// What Carbon's GB audio thread found in its AudioOut buffers (never cleared) on Ryujinx 1.1.1403.
// 0: session 4 buffer A @ guest 0x9348000, peak 16384 nonzero 2047/4096
// 1: session 4 buffer B @ guest 0x935e000, peak 32640 nonzero 404/4096
// 2: session 5 buffer A @ guest 0x9340000, peak 8320 nonzero 901/4096
// 3: session 5 buffer B @ guest 0xa1f8000, peak 32688 nonzero 897/4096
// 4: session 6 buffer A @ guest 0xc9c2000, peak 32768 nonzero 2803/4096
// 5: session 6 buffer B @ guest 0xc9c6000, peak 0 nonzero 0/4096
// 6: session 7 buffer B @ guest 0xa1f3000, peak 20496 nonzero 685/4096
// 7: session 8 buffer B @ guest 0xc94c000, peak 16384 nonzero 900/4096
// 8: session 9 buffer B @ guest 0xc9fc000, peak 2356 nonzero 2/4096
constexpr int kHeapCaptureCount = 9;
constexpr HeapCaptureRun kHeapCaptureRuns[] = {
    {0, 0x0001, 0x0008, 0x00000},
    {0, 0x1008, 0x0ff8, 0x00008},
    {1, 0x0090, 0x0004, 0x01000},
    {1, 0x0118, 0x0004, 0x01004},
    {1, 0x01a0, 0x0004, 0x01008},
    {1, 0x0228, 0x0004, 0x0100c},
    {1, 0x02b0, 0x0004, 0x01010},
    {1, 0x0338, 0x0004, 0x01014},
    {1, 0x03c0, 0x0004, 0x01018},
    {1, 0x0448, 0x0004, 0x0101c},
    {1, 0x04d0, 0x0004, 0x01020},
    {1, 0x0558, 0x0004, 0x01024},
    {1, 0x05e0, 0x0004, 0x01028},
    {1, 0x0668, 0x0004, 0x0102c},
    {1, 0x06f0, 0x0004, 0x01030},
    {1, 0x0778, 0x0004, 0x01034},
    {1, 0x0800, 0x011c, 0x01038},
    {1, 0x0929, 0x0023, 0x01154},
    {1, 0x0958, 0x004c, 0x01177},
    {1, 0x0a20, 0x0004, 0x011c3},
    {1, 0x0aa8, 0x0004, 0x011c7},
    {1, 0x0b30, 0x0004, 0x011cb},
    {1, 0x0bb8, 0x0004, 0x011cf},
    {1, 0x0c40, 0x0004, 0x011d3},
    {1, 0x0cc8, 0x0004, 0x011d7},
    {1, 0x0d50, 0x0004, 0x011db},
    {1, 0x0dd8, 0x0004, 0x011df},
    {1, 0x0e60, 0x0004, 0x011e3},
    {1, 0x0ee8, 0x0004, 0x011e7},
    {1, 0x0f70, 0x0004, 0x011eb},
    {1, 0x0ff8, 0x0020, 0x011ef},
    {1, 0x1028, 0x0003, 0x0120f},
    {1, 0x1049, 0x000c, 0x01212},
    {1, 0x1060, 0x0024, 0x0121e},
    {1, 0x1098, 0x0015, 0x01242},
    {1, 0x10bc, 0x0014, 0x01257},
    {1, 0x10dc, 0x0011, 0x0126b},
    {1, 0x111b, 0x0001, 0x0127c},
    {1, 0x1191, 0x000c, 0x0127d},
    {1, 0x11a8, 0x0034, 0x01289},
    {1, 0x11fb, 0x0001, 0x012bd},
    {1, 0x121b, 0x0001, 0x012be},
    {1, 0x12a1, 0x0001, 0x012bf},
    {1, 0x12bb, 0x0001, 0x012c0},
    {1, 0x12d9, 0x0001, 0x012c1},
    {1, 0x12e4, 0x0001, 0x012c2},
    {1, 0x12f0, 0x002c, 0x012c3},
    {1, 0x1421, 0x0043, 0x012ef},
    {1, 0x14e0, 0x0001, 0x01332},
    {1, 0x14f9, 0x0001, 0x01333},
    {1, 0x1538, 0x0001, 0x01334},
    {1, 0x1570, 0x0004, 0x01335},
    {1, 0x1580, 0x0104, 0x01339},
    {1, 0x16b8, 0x0020, 0x0143d},
    {1, 0x16e0, 0x0004, 0x0145d},
    {1, 0x16f0, 0x000d, 0x01461},
    {1, 0x1708, 0x004c, 0x0146e},
    {1, 0x1761, 0x0003, 0x014ba},
    {1, 0x1778, 0x002c, 0x014bd},
    {1, 0x17c0, 0x002a, 0x014e9},
    {1, 0x17f8, 0x0004, 0x01513},
    {1, 0x1808, 0x004c, 0x01517},
    {1, 0x1ff8, 0x0004, 0x01563},
    {2, 0x0000, 0x0004, 0x01567},
    {2, 0x003e, 0x0001, 0x0156b},
    {2, 0x0049, 0x0003, 0x0156c},
    {2, 0x006f, 0x0001, 0x0156f},
    {2, 0x0089, 0x0001, 0x01570},
    {2, 0x0098, 0x003c, 0x01571},
    {2, 0x010e, 0x0001, 0x015ad},
    {2, 0x0119, 0x0003, 0x015ae},
    {2, 0x013f, 0x0001, 0x015b1},
    {2, 0x0159, 0x0001, 0x015b2},
    {2, 0x0168, 0x003c, 0x015b3},
    {2, 0x01de, 0x0001, 0x015ef},
    {2, 0x01e9, 0x0003, 0x015f0},
    {2, 0x020f, 0x0001, 0x015f3},
    {2, 0x0229, 0x0001, 0x015f4},
    {2, 0x0238, 0x003c, 0x015f5},
    {2, 0x02ae, 0x0001, 0x01631},
    {2, 0x02b9, 0x0003, 0x01632},
    {2, 0x02df, 0x0001, 0x01635},
    {2, 0x02f9, 0x0001, 0x01636},
    {2, 0x0308, 0x003c, 0x01637},
    {2, 0x037e, 0x0001, 0x01673},
    {2, 0x0389, 0x0003, 0x01674},
    {2, 0x03af, 0x0001, 0x01677},
    {2, 0x03c9, 0x0001, 0x01678},
    {2, 0x03d8, 0x003c, 0x01679},
    {2, 0x044e, 0x0001, 0x016b5},
    {2, 0x0459, 0x0003, 0x016b6},
    {2, 0x047f, 0x0001, 0x016b9},
    {2, 0x0499, 0x0001, 0x016ba},
    {2, 0x04a8, 0x003c, 0x016bb},
    {2, 0x051e, 0x0001, 0x016f7},
    {2, 0x0529, 0x0003, 0x016f8},
    {2, 0x054f, 0x0001, 0x016fb},
    {2, 0x0569, 0x0001, 0x016fc},
    {2, 0x0578, 0x003c, 0x016fd},
    {2, 0x05ee, 0x0001, 0x01739},
    {2, 0x05f9, 0x0003, 0x0173a},
    {2, 0x061f, 0x0001, 0x0173d},
    {2, 0x0639, 0x0001, 0x0173e},
    {2, 0x0648, 0x003c, 0x0173f},
    {2, 0x06be, 0x0001, 0x0177b},
    {2, 0x06c9, 0x0003, 0x0177c},
    {2, 0x06ef, 0x0001, 0x0177f},
    {2, 0x0709, 0x0001, 0x01780},
    {2, 0x0718, 0x003c, 0x01781},
    {2, 0x078e, 0x0001, 0x017bd},
    {2, 0x0799, 0x0003, 0x017be},
    {2, 0x07bf, 0x0001, 0x017c1},
    {2, 0x07d9, 0x0001, 0x017c2},
    {2, 0x07e9, 0x003b, 0x017c3},
    {2, 0x085e, 0x0001, 0x017fe},
    {2, 0x0869, 0x0003, 0x017ff},
    {2, 0x088f, 0x0001, 0x01802},
    {2, 0x08a9, 0x0001, 0x01803},
    {2, 0x08b8, 0x003c, 0x01804},
    {2, 0x092e, 0x0001, 0x01840},
    {2, 0x0939, 0x0003, 0x01841},
    {2, 0x095f, 0x0001, 0x01844},
    {2, 0x0979, 0x0001, 0x01845},
    {2, 0x0988, 0x003c, 0x01846},
    {2, 0x09fe, 0x0001, 0x01882},
    {2, 0x0a09, 0x0003, 0x01883},
    {2, 0x0a2f, 0x0001, 0x01886},
    {2, 0x0a49, 0x0001, 0x01887},
    {2, 0x0a58, 0x003c, 0x01888},
    {2, 0x0ace, 0x0001, 0x018c4},
    {2, 0x0ad9, 0x0003, 0x018c5},
    {2, 0x0aff, 0x0001, 0x018c8},
    {2, 0x0b19, 0x0001, 0x018c9},
    {2, 0x0b28, 0x0032, 0x018ca},
    {2, 0x0b62, 0x0002, 0x018fc},
    {2, 0x0b9e, 0x0001, 0x018fe},
    {2, 0x0ba9, 0x0003, 0x018ff},
    {2, 0x0bcf, 0x0001, 0x01902},
    {2, 0x0be9, 0x0001, 0x01903},
    {2, 0x0bf8, 0x003c, 0x01904},
    {2, 0x0c6e, 0x0001, 0x01940},
    {2, 0x0c79, 0x0003, 0x01941},
    {2, 0x0c9f, 0x0001, 0x01944},
    {2, 0x0cb9, 0x0001, 0x01945},
    {2, 0x0cc8, 0x003c, 0x01946},
    {2, 0x0d3e, 0x0001, 0x01982},
    {2, 0x0d49, 0x0003, 0x01983},
    {2, 0x0d6f, 0x0001, 0x01986},
    {2, 0x0d89, 0x0001, 0x01987},
    {2, 0x0d98, 0x003c, 0x01988},
    {2, 0x0e0e, 0x0001, 0x019c4},
    {2, 0x0e19, 0x0003, 0x019c5},
    {2, 0x0e3f, 0x0001, 0x019c8},
    {2, 0x0e59, 0x0001, 0x019c9},
    {2, 0x0e68, 0x003c, 0x019ca},
    {2, 0x0ede, 0x0001, 0x01a06},
    {2, 0x0ee9, 0x0003, 0x01a07},
    {2, 0x0f0f, 0x0001, 0x01a0a},
    {2, 0x0f29, 0x0001, 0x01a0b},
    {2, 0x0f38, 0x003c, 0x01a0c},
    {2, 0x0fae, 0x0001, 0x01a48},
    {2, 0x0fb9, 0x0003, 0x01a49},
    {2, 0x0fdf, 0x0001, 0x01a4c},
    {2, 0x0ff9, 0x0001, 0x01a4d},
    {2, 0x1008, 0x003c, 0x01a4e},
    {2, 0x107e, 0x0001, 0x01a8a},
    {2, 0x1089, 0x0003, 0x01a8b},
    {2, 0x10af, 0x0001, 0x01a8e},
    {2, 0x10c9, 0x0001, 0x01a8f},
    {2, 0x10d8, 0x003c, 0x01a90},
    {2, 0x114e, 0x0001, 0x01acc},
    {2, 0x1159, 0x0003, 0x01acd},
    {2, 0x117f, 0x0001, 0x01ad0},
    {2, 0x1199, 0x0001, 0x01ad1},
    {2, 0x11a8, 0x003c, 0x01ad2},
    {2, 0x121e, 0x0001, 0x01b0e},
    {2, 0x1229, 0x0003, 0x01b0f},
    {2, 0x124f, 0x0001, 0x01b12},
    {2, 0x1269, 0x0001, 0x01b13},
    {2, 0x1278, 0x003c, 0x01b14},
    {2, 0x12ee, 0x0001, 0x01b50},
    {2, 0x12f9, 0x0003, 0x01b51},
    {2, 0x131f, 0x0001, 0x01b54},
    {2, 0x1339, 0x0001, 0x01b55},
    {2, 0x1348, 0x003c, 0x01b56},
    {2, 0x13be, 0x0001, 0x01b92},
    {2, 0x13c9, 0x0003, 0x01b93},
    {2, 0x13ef, 0x0001, 0x01b96},
    {2, 0x1409, 0x0001, 0x01b97},
    {2, 0x1418, 0x003c, 0x01b98},
    {2, 0x148e, 0x0001, 0x01bd4},
    {2, 0x1499, 0x0003, 0x01bd5},
    {2, 0x14bf, 0x0001, 0x01bd8},
    {2, 0x14d9, 0x0001, 0x01bd9},
    {2, 0x14e9, 0x003b, 0x01bda},
    {2, 0x155e, 0x0001, 0x01c15},
    {2, 0x1569, 0x0003, 0x01c16},
    {2, 0x158f, 0x0001, 0x01c19},
    {2, 0x15a9, 0x0001, 0x01c1a},
    {2, 0x15b8, 0x003c, 0x01c1b},
    {2, 0x162e, 0x0001, 0x01c57},
    {2, 0x1639, 0x0003, 0x01c58},
    {2, 0x165f, 0x0001, 0x01c5b},
    {2, 0x1679, 0x0001, 0x01c5c},
    {2, 0x1688, 0x003c, 0x01c5d},
    {2, 0x16fe, 0x0001, 0x01c99},
    {2, 0x1709, 0x0003, 0x01c9a},
    {2, 0x172f, 0x0001, 0x01c9d},
    {2, 0x1749, 0x0001, 0x01c9e},
    {2, 0x1758, 0x003c, 0x01c9f},
    {2, 0x17ce, 0x0001, 0x01cdb},
    {2, 0x17d9, 0x0003, 0x01cdc},
    {2, 0x17ff, 0x0001, 0x01cdf},
    {2, 0x1819, 0x0001, 0x01ce0},
    {2, 0x1828, 0x003c, 0x01ce1},
    {2, 0x189e, 0x0001, 0x01d1d},
    {2, 0x18a9, 0x0003, 0x01d1e},
    {2, 0x18cf, 0x0001, 0x01d21},
    {2, 0x18e9, 0x0001, 0x01d22},
    {2, 0x18f8, 0x003c, 0x01d23},
    {2, 0x196e, 0x0001, 0x01d5f},
    {2, 0x1979, 0x0003, 0x01d60},
    {2, 0x199f, 0x0001, 0x01d63},
    {2, 0x19b9, 0x0001, 0x01d64},
    {2, 0x19c8, 0x003c, 0x01d65},
    {2, 0x1a3e, 0x0001, 0x01da1},
    {2, 0x1a49, 0x0003, 0x01da2},
    {2, 0x1a6f, 0x0001, 0x01da5},
    {2, 0x1a89, 0x0001, 0x01da6},
    {2, 0x1a98, 0x003c, 0x01da7},
    {2, 0x1b0e, 0x0001, 0x01de3},
    {2, 0x1b19, 0x0003, 0x01de4},
    {2, 0x1b3f, 0x0001, 0x01de7},
    {2, 0x1b59, 0x0001, 0x01de8},
    {2, 0x1b68, 0x003c, 0x01de9},
    {2, 0x1bde, 0x0001, 0x01e25},
    {2, 0x1be9, 0x0003, 0x01e26},
    {2, 0x1c0f, 0x0001, 0x01e29},
    {2, 0x1c29, 0x0001, 0x01e2a},
    {2, 0x1c38, 0x003c, 0x01e2b},
    {2, 0x1cae, 0x0001, 0x01e67},
    {2, 0x1cb9, 0x0003, 0x01e68},
    {2, 0x1cdf, 0x0001, 0x01e6b},
    {2, 0x1cf9, 0x0001, 0x01e6c},
    {2, 0x1d08, 0x003c, 0x01e6d},
    {2, 0x1d7e, 0x0001, 0x01ea9},
    {2, 0x1d89, 0x0003, 0x01eaa},
    {2, 0x1daf, 0x0001, 0x01ead},
    {2, 0x1dc9, 0x0001, 0x01eae},
    {2, 0x1dd8, 0x003c, 0x01eaf},
    {2, 0x1e4e, 0x0001, 0x01eeb},
    {2, 0x1e59, 0x0003, 0x01eec},
    {2, 0x1e7f, 0x0001, 0x01eef},
    {2, 0x1e99, 0x0001, 0x01ef0},
    {2, 0x1ea8, 0x003c, 0x01ef1},
    {2, 0x1f1e, 0x0001, 0x01f2d},
    {2, 0x1f29, 0x0003, 0x01f2e},
    {2, 0x1f4f, 0x0001, 0x01f31},
    {2, 0x1f69, 0x0001, 0x01f32},
    {2, 0x1f78, 0x003c, 0x01f33},
    {2, 0x1fee, 0x0001, 0x01f6f},
    {2, 0x1ff9, 0x0003, 0x01f70},
    {3, 0x001f, 0x0001, 0x01f73},
    {3, 0x0039, 0x0001, 0x01f74},
    {3, 0x0048, 0x003c, 0x01f75},
    {3, 0x00be, 0x0001, 0x01fb1},
    {3, 0x00c9, 0x0003, 0x01fb2},
    {3, 0x00ef, 0x0001, 0x01fb5},
    {3, 0x0109, 0x0001, 0x01fb6},
    {3, 0x0118, 0x003c, 0x01fb7},
    {3, 0x018e, 0x0001, 0x01ff3},
    {3, 0x0199, 0x0003, 0x01ff4},
    {3, 0x01bf, 0x0001, 0x01ff7},
    {3, 0x01d9, 0x0001, 0x01ff8},
    {3, 0x01e9, 0x003b, 0x01ff9},
    {3, 0x025e, 0x0001, 0x02034},
    {3, 0x0269, 0x0003, 0x02035},
    {3, 0x028f, 0x0001, 0x02038},
    {3, 0x02a9, 0x0001, 0x02039},
    {3, 0x02b8, 0x003c, 0x0203a},
    {3, 0x032e, 0x0001, 0x02076},
    {3, 0x0339, 0x0003, 0x02077},
    {3, 0x035f, 0x0001, 0x0207a},
    {3, 0x0379, 0x0001, 0x0207b},
    {3, 0x0388, 0x003c, 0x0207c},
    {3, 0x03fe, 0x0001, 0x020b8},
    {3, 0x0409, 0x0003, 0x020b9},
    {3, 0x042f, 0x0001, 0x020bc},
    {3, 0x0449, 0x0001, 0x020bd},
    {3, 0x0458, 0x003c, 0x020be},
    {3, 0x04ce, 0x0001, 0x020fa},
    {3, 0x04d9, 0x0003, 0x020fb},
    {3, 0x04ff, 0x0001, 0x020fe},
    {3, 0x0519, 0x0001, 0x020ff},
    {3, 0x0528, 0x003c, 0x02100},
    {3, 0x059e, 0x0001, 0x0213c},
    {3, 0x05a9, 0x0003, 0x0213d},
    {3, 0x05cf, 0x0001, 0x02140},
    {3, 0x05e9, 0x0001, 0x02141},
    {3, 0x05f8, 0x003c, 0x02142},
    {3, 0x066e, 0x0001, 0x0217e},
    {3, 0x0679, 0x0003, 0x0217f},
    {3, 0x069f, 0x0001, 0x02182},
    {3, 0x06b9, 0x0001, 0x02183},
    {3, 0x06c8, 0x003c, 0x02184},
    {3, 0x073e, 0x0001, 0x021c0},
    {3, 0x0749, 0x0003, 0x021c1},
    {3, 0x076f, 0x0001, 0x021c4},
    {3, 0x0789, 0x0001, 0x021c5},
    {3, 0x0798, 0x003c, 0x021c6},
    {3, 0x080e, 0x0001, 0x02202},
    {3, 0x0819, 0x0003, 0x02203},
    {3, 0x083f, 0x0001, 0x02206},
    {3, 0x0859, 0x0001, 0x02207},
    {3, 0x0868, 0x003c, 0x02208},
    {3, 0x08de, 0x0001, 0x02244},
    {3, 0x08e9, 0x0003, 0x02245},
    {3, 0x090f, 0x0001, 0x02248},
    {3, 0x0929, 0x0001, 0x02249},
    {3, 0x0938, 0x003c, 0x0224a},
    {3, 0x09ae, 0x0001, 0x02286},
    {3, 0x09b9, 0x0003, 0x02287},
    {3, 0x09df, 0x0001, 0x0228a},
    {3, 0x09f9, 0x0001, 0x0228b},
    {3, 0x0a08, 0x003c, 0x0228c},
    {3, 0x0a7e, 0x0001, 0x022c8},
    {3, 0x0a89, 0x0003, 0x022c9},
    {3, 0x0aaf, 0x0001, 0x022cc},
    {3, 0x0ac9, 0x0001, 0x022cd},
    {3, 0x0ad8, 0x003c, 0x022ce},
    {3, 0x0b4e, 0x0001, 0x0230a},
    {3, 0x0b59, 0x0003, 0x0230b},
    {3, 0x0b7f, 0x0001, 0x0230e},
    {3, 0x0b99, 0x0001, 0x0230f},
    {3, 0x0ba8, 0x003c, 0x02310},
    {3, 0x0c1e, 0x0001, 0x0234c},
    {3, 0x0c29, 0x0003, 0x0234d},
    {3, 0x0c4f, 0x0001, 0x02350},
    {3, 0x0c69, 0x0001, 0x02351},
    {3, 0x0c78, 0x003c, 0x02352},
    {3, 0x0cee, 0x0001, 0x0238e},
    {3, 0x0cf9, 0x0003, 0x0238f},
    {3, 0x0d1f, 0x0001, 0x02392},
    {3, 0x0d39, 0x0001, 0x02393},
    {3, 0x0d48, 0x003c, 0x02394},
    {3, 0x0dbe, 0x0001, 0x023d0},
    {3, 0x0dc9, 0x0003, 0x023d1},
    {3, 0x0def, 0x0001, 0x023d4},
    {3, 0x0e09, 0x0001, 0x023d5},
    {3, 0x0e18, 0x003c, 0x023d6},
    {3, 0x0e8e, 0x0001, 0x02412},
    {3, 0x0e99, 0x0003, 0x02413},
    {3, 0x0ebf, 0x0001, 0x02416},
    {3, 0x0ed9, 0x0001, 0x02417},
    {3, 0x0ee9, 0x003b, 0x02418},
    {3, 0x0f5e, 0x0001, 0x02453},
    {3, 0x0f69, 0x0003, 0x02454},
    {3, 0x0f8f, 0x0001, 0x02457},
    {3, 0x0fa9, 0x0001, 0x02458},
    {3, 0x0fb8, 0x0032, 0x02459},
    {3, 0x103e, 0x0001, 0x0248b},
    {3, 0x1049, 0x0003, 0x0248c},
    {3, 0x106f, 0x0001, 0x0248f},
    {3, 0x1089, 0x0001, 0x02490},
    {3, 0x1098, 0x003c, 0x02491},
    {3, 0x110e, 0x0001, 0x024cd},
    {3, 0x1119, 0x0003, 0x024ce},
    {3, 0x113f, 0x0001, 0x024d1},
    {3, 0x1159, 0x0001, 0x024d2},
    {3, 0x1168, 0x003c, 0x024d3},
    {3, 0x11de, 0x0001, 0x0250f},
    {3, 0x11e9, 0x0003, 0x02510},
    {3, 0x120f, 0x0001, 0x02513},
    {3, 0x1229, 0x0001, 0x02514},
    {3, 0x1238, 0x003c, 0x02515},
    {3, 0x12ae, 0x0001, 0x02551},
    {3, 0x12b9, 0x0003, 0x02552},
    {3, 0x12df, 0x0001, 0x02555},
    {3, 0x12f9, 0x0001, 0x02556},
    {3, 0x1308, 0x003c, 0x02557},
    {3, 0x137e, 0x0001, 0x02593},
    {3, 0x1389, 0x0003, 0x02594},
    {3, 0x13af, 0x0001, 0x02597},
    {3, 0x13c9, 0x0001, 0x02598},
    {3, 0x13d8, 0x003c, 0x02599},
    {3, 0x144e, 0x0001, 0x025d5},
    {3, 0x1459, 0x0003, 0x025d6},
    {3, 0x147f, 0x0001, 0x025d9},
    {3, 0x1499, 0x0001, 0x025da},
    {3, 0x14a8, 0x003c, 0x025db},
    {3, 0x151e, 0x0001, 0x02617},
    {3, 0x1529, 0x0003, 0x02618},
    {3, 0x154f, 0x0001, 0x0261b},
    {3, 0x1569, 0x0001, 0x0261c},
    {3, 0x1578, 0x003c, 0x0261d},
    {3, 0x15ee, 0x0001, 0x02659},
    {3, 0x15f9, 0x0003, 0x0265a},
    {3, 0x161f, 0x0001, 0x0265d},
    {3, 0x1639, 0x0001, 0x0265e},
    {3, 0x1648, 0x003c, 0x0265f},
    {3, 0x16be, 0x0001, 0x0269b},
    {3, 0x16c9, 0x0003, 0x0269c},
    {3, 0x16ef, 0x0001, 0x0269f},
    {3, 0x1709, 0x0001, 0x026a0},
    {3, 0x1718, 0x003c, 0x026a1},
    {3, 0x178e, 0x0001, 0x026dd},
    {3, 0x1799, 0x0003, 0x026de},
    {3, 0x17bf, 0x0001, 0x026e1},
    {3, 0x17d9, 0x0001, 0x026e2},
    {3, 0x17e9, 0x003b, 0x026e3},
    {3, 0x185e, 0x0001, 0x0271e},
    {3, 0x1869, 0x0003, 0x0271f},
    {3, 0x188f, 0x0001, 0x02722},
    {3, 0x18a9, 0x0001, 0x02723},
    {3, 0x18b8, 0x003c, 0x02724},
    {3, 0x192e, 0x0001, 0x02760},
    {3, 0x1939, 0x0003, 0x02761},
    {3, 0x195f, 0x0001, 0x02764},
    {3, 0x1979, 0x0001, 0x02765},
    {3, 0x1988, 0x003c, 0x02766},
    {3, 0x19fe, 0x0001, 0x027a2},
    {3, 0x1a09, 0x0003, 0x027a3},
    {3, 0x1a2f, 0x0001, 0x027a6},
    {3, 0x1a49, 0x0001, 0x027a7},
    {3, 0x1a58, 0x003c, 0x027a8},
    {3, 0x1ace, 0x0001, 0x027e4},
    {3, 0x1ad9, 0x0003, 0x027e5},
    {3, 0x1aff, 0x0001, 0x027e8},
    {3, 0x1b19, 0x0001, 0x027e9},
    {3, 0x1b28, 0x003c, 0x027ea},
    {3, 0x1b9e, 0x0001, 0x02826},
    {3, 0x1ba9, 0x0003, 0x02827},
    {3, 0x1bcf, 0x0001, 0x0282a},
    {3, 0x1be9, 0x0001, 0x0282b},
    {3, 0x1bf8, 0x003c, 0x0282c},
    {3, 0x1c6e, 0x0001, 0x02868},
    {3, 0x1c79, 0x0003, 0x02869},
    {3, 0x1c9f, 0x0001, 0x0286c},
    {3, 0x1cb9, 0x0001, 0x0286d},
    {3, 0x1cc8, 0x003c, 0x0286e},
    {3, 0x1d3e, 0x0001, 0x028aa},
    {3, 0x1d49, 0x0003, 0x028ab},
    {3, 0x1d6f, 0x0001, 0x028ae},
    {3, 0x1d89, 0x0001, 0x028af},
    {3, 0x1d98, 0x003c, 0x028b0},
    {3, 0x1e0e, 0x0001, 0x028ec},
    {3, 0x1e19, 0x0003, 0x028ed},
    {3, 0x1e3f, 0x0001, 0x028f0},
    {3, 0x1e59, 0x0001, 0x028f1},
    {3, 0x1e68, 0x003c, 0x028f2},
    {3, 0x1ede, 0x0001, 0x0292e},
    {3, 0x1ee9, 0x0003, 0x0292f},
    {3, 0x1f0f, 0x0001, 0x02932},
    {3, 0x1f29, 0x0001, 0x02933},
    {3, 0x1f38, 0x003c, 0x02934},
    {3, 0x1fae, 0x0001, 0x02970},
    {3, 0x1fb9, 0x0003, 0x02971},
    {3, 0x1fdf, 0x0001, 0x02974},
    {3, 0x1ff9, 0x0001, 0x02975},
    {4, 0x0000, 0x16e8, 0x02976},
    {6, 0x0000, 0x0015, 0x0405e},
    {6, 0x0039, 0x001b, 0x04073},
    {6, 0x0062, 0x0012, 0x0408e},
    {6, 0x0082, 0x0012, 0x040a0},
    {6, 0x00a2, 0x0012, 0x040b2},
    {6, 0x00c2, 0x0012, 0x040c4},
    {6, 0x00e2, 0x0012, 0x040d6},
    {6, 0x0102, 0x0006, 0x040e8},
    {6, 0x0113, 0x0001, 0x040ee},
    {6, 0x0122, 0x0012, 0x040ef},
    {6, 0x0142, 0x0012, 0x04101},
    {6, 0x0162, 0x0012, 0x04113},
    {6, 0x0182, 0x0012, 0x04125},
    {6, 0x01a8, 0x000c, 0x04137},
    {6, 0x01f8, 0x0001, 0x04143},
    {6, 0x0278, 0x0008, 0x04144},
    {6, 0x0340, 0x0008, 0x0414c},
    {6, 0x0360, 0x0004, 0x04154},
    {6, 0x03d8, 0x0001, 0x04158},
    {6, 0x0428, 0x0001, 0x04159},
    {6, 0x04b0, 0x0011, 0x0415a},
    {6, 0x04f1, 0x0004, 0x0416b},
    {6, 0x0509, 0x001f, 0x0416f},
    {6, 0x05b9, 0x0028, 0x0418e},
    {6, 0x05e9, 0x0018, 0x041b6},
    {6, 0x0650, 0x0009, 0x041ce},
    {6, 0x06a0, 0x0001, 0x041d7},
    {6, 0x06c0, 0x0004, 0x041d8},
    {6, 0x06dc, 0x0003, 0x041dc},
    {6, 0x06f8, 0x0010, 0x041df},
    {6, 0x0720, 0x0008, 0x041ef},
    {6, 0x07e8, 0x0008, 0x041f7},
    {6, 0x0870, 0x0004, 0x041ff},
    {6, 0x0880, 0x0001, 0x04203},
    {6, 0x08d0, 0x0001, 0x04204},
    {6, 0x0959, 0x0010, 0x04205},
    {6, 0x0998, 0x0008, 0x04215},
    {6, 0x0a20, 0x0004, 0x0421d},
    {6, 0x0a60, 0x0008, 0x04221},
    {6, 0x0af8, 0x0001, 0x04229},
    {6, 0x0b48, 0x0001, 0x0422a},
    {6, 0x0bc8, 0x000c, 0x0422b},
    {6, 0x0c90, 0x0008, 0x04237},
    {6, 0x0d28, 0x0001, 0x0423f},
    {6, 0x0d78, 0x000c, 0x04240},
    {6, 0x0e0e, 0x0001, 0x0424c},
    {6, 0x0e19, 0x0003, 0x0424d},
    {6, 0x0e3f, 0x0001, 0x04250},
    {6, 0x0e59, 0x0001, 0x04251},
    {6, 0x0e68, 0x0032, 0x04252},
    {6, 0x0ede, 0x0001, 0x04284},
    {6, 0x0ee9, 0x0003, 0x04285},
    {6, 0x0f0f, 0x0001, 0x04288},
    {6, 0x0f29, 0x004b, 0x04289},
    {6, 0x0fae, 0x0001, 0x042d4},
    {6, 0x0fb9, 0x0003, 0x042d5},
    {6, 0x0fdf, 0x0001, 0x042d8},
    {6, 0x0ff9, 0x0001, 0x042d9},
    {6, 0x1008, 0x003c, 0x042da},
    {6, 0x107e, 0x0001, 0x04316},
    {6, 0x1089, 0x0003, 0x04317},
    {6, 0x10af, 0x0001, 0x0431a},
    {6, 0x10c9, 0x0001, 0x0431b},
    {6, 0x10d8, 0x003c, 0x0431c},
    {6, 0x114e, 0x0001, 0x04358},
    {6, 0x1159, 0x0003, 0x04359},
    {6, 0x117f, 0x0001, 0x0435c},
    {6, 0x1199, 0x0001, 0x0435d},
    {6, 0x11a8, 0x003c, 0x0435e},
    {6, 0x121e, 0x0001, 0x0439a},
    {6, 0x1229, 0x0003, 0x0439b},
    {6, 0x124f, 0x0001, 0x0439e},
    {6, 0x1269, 0x0001, 0x0439f},
    {6, 0x1278, 0x003c, 0x043a0},
    {6, 0x12ee, 0x0001, 0x043dc},
    {6, 0x12f9, 0x0003, 0x043dd},
    {6, 0x131f, 0x0001, 0x043e0},
    {6, 0x1339, 0x0001, 0x043e1},
    {6, 0x1348, 0x003c, 0x043e2},
    {6, 0x13be, 0x0001, 0x0441e},
    {6, 0x13c9, 0x0003, 0x0441f},
    {6, 0x13ef, 0x0001, 0x04422},
    {6, 0x1409, 0x0001, 0x04423},
    {6, 0x1418, 0x003c, 0x04424},
    {6, 0x148e, 0x0001, 0x04460},
    {6, 0x1499, 0x0003, 0x04461},
    {6, 0x14bf, 0x0001, 0x04464},
    {6, 0x14d9, 0x0001, 0x04465},
    {6, 0x14e9, 0x003b, 0x04466},
    {6, 0x155e, 0x0001, 0x044a1},
    {6, 0x1569, 0x0003, 0x044a2},
    {6, 0x158f, 0x0001, 0x044a5},
    {6, 0x15a9, 0x0001, 0x044a6},
    {6, 0x15b8, 0x003c, 0x044a7},
    {6, 0x162e, 0x0001, 0x044e3},
    {6, 0x1639, 0x0003, 0x044e4},
    {6, 0x165f, 0x0001, 0x044e7},
    {6, 0x1679, 0x0001, 0x044e8},
    {6, 0x1688, 0x003c, 0x044e9},
    {6, 0x16fe, 0x0001, 0x04525},
    {6, 0x1709, 0x0003, 0x04526},
    {6, 0x172f, 0x0001, 0x04529},
    {6, 0x1749, 0x0001, 0x0452a},
    {6, 0x1758, 0x003c, 0x0452b},
    {6, 0x17a0, 0x0004, 0x04567},
    {6, 0x17ce, 0x0001, 0x0456b},
    {6, 0x17d9, 0x0003, 0x0456c},
    {6, 0x17ff, 0x0001, 0x0456f},
    {6, 0x1819, 0x0001, 0x04570},
    {6, 0x1828, 0x003c, 0x04571},
    {6, 0x189e, 0x0001, 0x045ad},
    {6, 0x18a9, 0x0003, 0x045ae},
    {6, 0x18cf, 0x0001, 0x045b1},
    {6, 0x18e9, 0x0001, 0x045b2},
    {6, 0x18f8, 0x003c, 0x045b3},
    {6, 0x1951, 0x0003, 0x045ef},
    {6, 0x196e, 0x0001, 0x045f2},
    {6, 0x1979, 0x0003, 0x045f3},
    {6, 0x199f, 0x0001, 0x045f6},
    {6, 0x19b9, 0x0001, 0x045f7},
    {6, 0x19c8, 0x003c, 0x045f8},
    {6, 0x1a3e, 0x0001, 0x04634},
    {6, 0x1a49, 0x0003, 0x04635},
    {6, 0x1a6f, 0x0001, 0x04638},
    {6, 0x1a89, 0x0001, 0x04639},
    {6, 0x1a98, 0x003c, 0x0463a},
    {6, 0x1b00, 0x0004, 0x04676},
    {6, 0x1b0e, 0x0001, 0x0467a},
    {6, 0x1b19, 0x0003, 0x0467b},
    {6, 0x1b3f, 0x0001, 0x0467e},
    {6, 0x1b59, 0x0001, 0x0467f},
    {6, 0x1b68, 0x003c, 0x04680},
    {6, 0x1bde, 0x0001, 0x046bc},
    {6, 0x1be9, 0x0003, 0x046bd},
    {6, 0x1c0f, 0x0001, 0x046c0},
    {6, 0x1c29, 0x0001, 0x046c1},
    {6, 0x1c38, 0x003c, 0x046c2},
    {6, 0x1cae, 0x000e, 0x046fe},
    {6, 0x1cdf, 0x0001, 0x0470c},
    {6, 0x1cfe, 0x0001, 0x0470d},
    {6, 0x1d08, 0x0030, 0x0470e},
    {6, 0x1d40, 0x0004, 0x0473e},
    {6, 0x1d7e, 0x0001, 0x04742},
    {6, 0x1d89, 0x0003, 0x04743},
    {6, 0x1daf, 0x0001, 0x04746},
    {6, 0x1dc9, 0x0001, 0x04747},
    {6, 0x1dd8, 0x003c, 0x04748},
    {6, 0x1e4e, 0x0001, 0x04784},
    {6, 0x1e59, 0x000b, 0x04785},
    {6, 0x1e7f, 0x0001, 0x04790},
    {6, 0x1e99, 0x0001, 0x04791},
    {6, 0x1ea8, 0x003c, 0x04792},
    {6, 0x1f1e, 0x0001, 0x047ce},
    {6, 0x1f29, 0x0003, 0x047cf},
    {6, 0x1f4f, 0x0001, 0x047d2},
    {6, 0x1f69, 0x0001, 0x047d3},
    {6, 0x1f78, 0x003c, 0x047d4},
    {6, 0x1fee, 0x0001, 0x04810},
    {6, 0x1ff9, 0x0003, 0x04811},
    {7, 0x003e, 0x0001, 0x04814},
    {7, 0x0049, 0x0003, 0x04815},
    {7, 0x006f, 0x0001, 0x04818},
    {7, 0x0089, 0x0001, 0x04819},
    {7, 0x0098, 0x003c, 0x0481a},
    {7, 0x010e, 0x0001, 0x04856},
    {7, 0x0119, 0x0003, 0x04857},
    {7, 0x013f, 0x0001, 0x0485a},
    {7, 0x0159, 0x0001, 0x0485b},
    {7, 0x0168, 0x003c, 0x0485c},
    {7, 0x01de, 0x0001, 0x04898},
    {7, 0x01e9, 0x0003, 0x04899},
    {7, 0x020f, 0x0001, 0x0489c},
    {7, 0x0229, 0x0001, 0x0489d},
    {7, 0x0238, 0x003c, 0x0489e},
    {7, 0x02ae, 0x0001, 0x048da},
    {7, 0x02b9, 0x0003, 0x048db},
    {7, 0x02df, 0x0001, 0x048de},
    {7, 0x02f9, 0x0001, 0x048df},
    {7, 0x0308, 0x003c, 0x048e0},
    {7, 0x037e, 0x0001, 0x0491c},
    {7, 0x0389, 0x0003, 0x0491d},
    {7, 0x03af, 0x0001, 0x04920},
    {7, 0x03c9, 0x0001, 0x04921},
    {7, 0x03d8, 0x003c, 0x04922},
    {7, 0x044e, 0x0001, 0x0495e},
    {7, 0x0459, 0x0003, 0x0495f},
    {7, 0x047f, 0x0001, 0x04962},
    {7, 0x0499, 0x0001, 0x04963},
    {7, 0x04a8, 0x003c, 0x04964},
    {7, 0x051e, 0x0001, 0x049a0},
    {7, 0x0529, 0x0003, 0x049a1},
    {7, 0x054f, 0x0001, 0x049a4},
    {7, 0x0569, 0x0001, 0x049a5},
    {7, 0x0578, 0x003c, 0x049a6},
    {7, 0x05ee, 0x0001, 0x049e2},
    {7, 0x05f9, 0x0003, 0x049e3},
    {7, 0x061f, 0x0001, 0x049e6},
    {7, 0x0639, 0x0001, 0x049e7},
    {7, 0x0648, 0x003c, 0x049e8},
    {7, 0x06be, 0x0001, 0x04a24},
    {7, 0x06c9, 0x0003, 0x04a25},
    {7, 0x06ef, 0x0001, 0x04a28},
    {7, 0x0709, 0x0001, 0x04a29},
    {7, 0x0718, 0x003c, 0x04a2a},
    {7, 0x078e, 0x0001, 0x04a66},
    {7, 0x0799, 0x0003, 0x04a67},
    {7, 0x07bf, 0x0001, 0x04a6a},
    {7, 0x07d9, 0x0001, 0x04a6b},
    {7, 0x07e9, 0x003b, 0x04a6c},
    {7, 0x085e, 0x0001, 0x04aa7},
    {7, 0x0869, 0x0003, 0x04aa8},
    {7, 0x088f, 0x0001, 0x04aab},
    {7, 0x08a9, 0x0001, 0x04aac},
    {7, 0x08b8, 0x003c, 0x04aad},
    {7, 0x092e, 0x0001, 0x04ae9},
    {7, 0x0939, 0x0003, 0x04aea},
    {7, 0x095f, 0x0001, 0x04aed},
    {7, 0x0979, 0x0001, 0x04aee},
    {7, 0x0988, 0x003c, 0x04aef},
    {7, 0x09fe, 0x0001, 0x04b2b},
    {7, 0x0a09, 0x0003, 0x04b2c},
    {7, 0x0a2f, 0x0001, 0x04b2f},
    {7, 0x0a49, 0x0001, 0x04b30},
    {7, 0x0a58, 0x003c, 0x04b31},
    {7, 0x0ace, 0x0001, 0x04b6d},
    {7, 0x0ad9, 0x0003, 0x04b6e},
    {7, 0x0aff, 0x0001, 0x04b71},
    {7, 0x0b19, 0x0001, 0x04b72},
    {7, 0x0b28, 0x003c, 0x04b73},
    {7, 0x0b9e, 0x0001, 0x04baf},
    {7, 0x0ba9, 0x0003, 0x04bb0},
    {7, 0x0bcf, 0x0001, 0x04bb3},
    {7, 0x0be9, 0x0001, 0x04bb4},
    {7, 0x0bf8, 0x003c, 0x04bb5},
    {7, 0x0c6e, 0x0001, 0x04bf1},
    {7, 0x0c79, 0x0003, 0x04bf2},
    {7, 0x0c9f, 0x0001, 0x04bf5},
    {7, 0x0cb9, 0x0001, 0x04bf6},
    {7, 0x0cc8, 0x003c, 0x04bf7},
    {7, 0x0d3e, 0x0001, 0x04c33},
    {7, 0x0d49, 0x0003, 0x04c34},
    {7, 0x0d6f, 0x0001, 0x04c37},
    {7, 0x0d89, 0x0001, 0x04c38},
    {7, 0x0d98, 0x003c, 0x04c39},
    {7, 0x0e0e, 0x0001, 0x04c75},
    {7, 0x0e19, 0x0003, 0x04c76},
    {7, 0x0e3f, 0x0001, 0x04c79},
    {7, 0x0e59, 0x0001, 0x04c7a},
    {7, 0x0e68, 0x003c, 0x04c7b},
    {7, 0x0ede, 0x0001, 0x04cb7},
    {7, 0x0ee9, 0x0003, 0x04cb8},
    {7, 0x0f0f, 0x0001, 0x04cbb},
    {7, 0x0f29, 0x0001, 0x04cbc},
    {7, 0x0f38, 0x003c, 0x04cbd},
    {7, 0x0fae, 0x0001, 0x04cf9},
    {7, 0x0fb9, 0x0003, 0x04cfa},
    {7, 0x0fdf, 0x0001, 0x04cfd},
    {7, 0x0ff9, 0x0001, 0x04cfe},
    {7, 0x1008, 0x003c, 0x04cff},
    {7, 0x107e, 0x0001, 0x04d3b},
    {7, 0x1089, 0x0003, 0x04d3c},
    {7, 0x10af, 0x0001, 0x04d3f},
    {7, 0x10c9, 0x0001, 0x04d40},
    {7, 0x10d8, 0x003c, 0x04d41},
    {7, 0x114e, 0x0001, 0x04d7d},
    {7, 0x1159, 0x0003, 0x04d7e},
    {7, 0x117f, 0x0001, 0x04d81},
    {7, 0x1199, 0x0001, 0x04d82},
    {7, 0x11a8, 0x003c, 0x04d83},
    {7, 0x121e, 0x0001, 0x04dbf},
    {7, 0x1229, 0x0003, 0x04dc0},
    {7, 0x124f, 0x0001, 0x04dc3},
    {7, 0x1269, 0x0001, 0x04dc4},
    {7, 0x1278, 0x003c, 0x04dc5},
    {7, 0x12ee, 0x0001, 0x04e01},
    {7, 0x12f9, 0x0003, 0x04e02},
    {7, 0x131f, 0x0001, 0x04e05},
    {7, 0x1339, 0x0001, 0x04e06},
    {7, 0x1348, 0x003c, 0x04e07},
    {7, 0x13be, 0x0001, 0x04e43},
    {7, 0x13c9, 0x0003, 0x04e44},
    {7, 0x13ef, 0x0001, 0x04e47},
    {7, 0x1409, 0x0001, 0x04e48},
    {7, 0x1418, 0x003c, 0x04e49},
    {7, 0x148e, 0x0001, 0x04e85},
    {7, 0x1499, 0x0003, 0x04e86},
    {7, 0x14bf, 0x0001, 0x04e89},
    {7, 0x14d9, 0x0001, 0x04e8a},
    {7, 0x14e9, 0x003b, 0x04e8b},
    {7, 0x155e, 0x0001, 0x04ec6},
    {7, 0x1569, 0x0003, 0x04ec7},
    {7, 0x158f, 0x0001, 0x04eca},
    {7, 0x15a9, 0x0001, 0x04ecb},
    {7, 0x15b8, 0x003c, 0x04ecc},
    {7, 0x162e, 0x0001, 0x04f08},
    {7, 0x1639, 0x0003, 0x04f09},
    {7, 0x165f, 0x0001, 0x04f0c},
    {7, 0x1679, 0x0001, 0x04f0d},
    {7, 0x1688, 0x003c, 0x04f0e},
    {7, 0x16fe, 0x0001, 0x04f4a},
    {7, 0x1709, 0x0003, 0x04f4b},
    {7, 0x172f, 0x0001, 0x04f4e},
    {7, 0x1749, 0x0001, 0x04f4f},
    {7, 0x1758, 0x003c, 0x04f50},
    {7, 0x17ce, 0x0001, 0x04f8c},
    {7, 0x17d9, 0x0003, 0x04f8d},
    {7, 0x17ff, 0x0001, 0x04f90},
    {7, 0x1819, 0x0001, 0x04f91},
    {7, 0x1828, 0x003c, 0x04f92},
    {7, 0x189e, 0x0001, 0x04fce},
    {7, 0x18a9, 0x0003, 0x04fcf},
    {7, 0x18cf, 0x0001, 0x04fd2},
    {7, 0x18e9, 0x0001, 0x04fd3},
    {7, 0x18f8, 0x003c, 0x04fd4},
    {7, 0x196e, 0x0001, 0x05010},
    {7, 0x1979, 0x0003, 0x05011},
    {7, 0x199f, 0x0001, 0x05014},
    {7, 0x19b9, 0x0001, 0x05015},
    {7, 0x19c8, 0x003c, 0x05016},
    {7, 0x1a3e, 0x0001, 0x05052},
    {7, 0x1a49, 0x0003, 0x05053},
    {7, 0x1a6f, 0x0001, 0x05056},
    {7, 0x1a89, 0x0001, 0x05057},
    {7, 0x1a98, 0x003c, 0x05058},
    {7, 0x1b0e, 0x0001, 0x05094},
    {7, 0x1b19, 0x0003, 0x05095},
    {7, 0x1b3f, 0x0001, 0x05098},
    {7, 0x1b59, 0x0001, 0x05099},
    {7, 0x1b68, 0x003c, 0x0509a},
    {7, 0x1bde, 0x0001, 0x050d6},
    {7, 0x1be9, 0x0003, 0x050d7},
    {7, 0x1c0f, 0x0001, 0x050da},
    {7, 0x1c29, 0x0001, 0x050db},
    {7, 0x1c38, 0x003c, 0x050dc},
    {7, 0x1cae, 0x0001, 0x05118},
    {7, 0x1cb9, 0x0003, 0x05119},
    {7, 0x1cdf, 0x0001, 0x0511c},
    {7, 0x1cf9, 0x0001, 0x0511d},
    {7, 0x1d08, 0x003c, 0x0511e},
    {7, 0x1d7e, 0x0001, 0x0515a},
    {7, 0x1d89, 0x0003, 0x0515b},
    {7, 0x1daf, 0x0001, 0x0515e},
    {7, 0x1dc9, 0x0001, 0x0515f},
    {7, 0x1dd8, 0x003c, 0x05160},
    {7, 0x1e4e, 0x0001, 0x0519c},
    {7, 0x1e59, 0x0003, 0x0519d},
    {7, 0x1e7f, 0x0001, 0x051a0},
    {7, 0x1e99, 0x0001, 0x051a1},
    {7, 0x1ea8, 0x003c, 0x051a2},
    {7, 0x1f1e, 0x0001, 0x051de},
    {7, 0x1f29, 0x0003, 0x051df},
    {7, 0x1f4f, 0x0001, 0x051e2},
    {7, 0x1f69, 0x0001, 0x051e3},
    {7, 0x1f78, 0x003c, 0x051e4},
    {7, 0x1fee, 0x0001, 0x05220},
    {7, 0x1ff9, 0x0003, 0x05221},
    {8, 0x0002, 0x0007, 0x05224},
};
constexpr unsigned char kHeapCaptureBytes[] = {
    0xc0, 0xa4, 0x0c, 0x00, 0x00, 0x00, 0x00, 0x01, 0x01, 0x01, 0x01, 0x01, 0x01, 0x01, 0x01, 0x01, 0x01, 0x01, 0x01, 0x01, 0x01, 0x01, 0x01, 0x01,
    0x01, 0x01, 0x01, 0x01, 0x01, 0x01, 0x01, 0x01, 0x01, 0x01, 0x01, 0x01, 0x01, 0x01, 0x01, 0x01, 0x01, 0x01, 0x01, 0x01, 0x01, 0x01, 0x01, 0x01,
    0x01, 0x01, 0x01, 0x01, 0x01, 0x01, 0x01, 0x01, 0x01, 0x01, 0x01, 0x01, 0x01, 0x01, 0x01, 0x01, 0x01, 0x01, 0x01, 0x01, 0x01, 0x01, 0x01, 0x01,
    0x01, 0x01, 0x01, 0x01, 0x01, 0x01, 0x01, 0x01, 0x01, 0x01, 0x01, 0x01, 0x01, 0x01, 0x01, 0x01, 0x01, 0x01, 0x01, 0x01, 0x01, 0x01, 0x01, 0x01,
    0x01, 0x01, 0x01, 0x01, 0x01, 0x01, 0x01, 0x01, 0x01, 0x01, 0x01, 0x01, 0x01, 0x01, 0x01, 0x01, 0x01, 0x01, 0x01, 0x01, 0x01, 0x01, 0x01, 0x01,
    0x01, 0x01, 0x01, 0x01, 0x01, 0x01, 0x01, 0x01, 0x01, 0x01, 0x01, 0x01, 0x01, 0x01, 0x01, 0x01, 0x01, 0x01, 0x01, 0x01, 0x01, 0x01, 0x01, 0x01,
    0x01, 0x01, 0x01, 0x01, 0x01, 0x01, 0x01, 0x01, 0x01, 0x01, 0x01, 0x01, 0x01, 0x01, 0x01, 0x01, 0x01, 0x01, 0x01, 0x01, 0x01, 0x01, 0x01, 0x01,
    0x01, 0x01, 0x01, 0x01, 0x01, 0x01, 0x01, 0x01, 0x01, 0x01, 0x01, 0x01, 0x01, 0x01, 0x01, 0x01, 0x01, 0x01, 0x01, 0x01, 0x01, 0x01, 0x01, 0x01,
    0x01, 0x01, 0x01, 0x01, 0x01, 0x01, 0x01, 0x01, 0x01, 0x01, 0x01, 0x01, 0x01, 0x01, 0x01, 0x01, 0x01, 0x01, 0x01, 0x01, 0x01, 0x01, 0x01, 0x01,
    0x01, 0x01, 0x01, 0x01, 0x01, 0x01, 0x01, 0x01, 0x01, 0x01, 0x01, 0x01, 0x01, 0x01, 0x01, 0x01, 0x01, 0x01, 0x01, 0x01, 0x01, 0x01, 0x01, 0x01,
    0x01, 0x01, 0x01, 0x01, 0x01, 0x01, 0x01, 0x01, 0x01, 0x01, 0x01, 0x01, 0x01, 0x01, 0x01, 0x01, 0x01, 0x01, 0x01, 0x01, 0x01, 0x01, 0x01, 0x01,
    0x01, 0x01, 0x01, 0x01, 0x01, 0x01, 0x01, 0x01, 0x01, 0x01, 0x01, 0x01, 0x01, 0x01, 0x01, 0x01, 0x01, 0x01, 0x01, 0x01, 0x01, 0x01, 0x01, 0x01,
    0x01, 0x01, 0x01, 0x01, 0x01, 0x01, 0x01, 0x01, 0x01, 0x01, 0x01, 0x01, 0x01, 0x01, 0x01, 0x01, 0x01, 0x01, 0x01, 0x01, 0x01, 0x01, 0x01, 0x01,
    0x01, 0x01, 0x01, 0x01, 0x01, 0x01, 0x01, 0x01, 0x01, 0x01, 0x01, 0x01, 0x01, 0x01, 0x01, 0x01, 0x01, 0x01, 0x01, 0x01, 0x01, 0x01, 0x01, 0x01,
    0x01, 0x01, 0x01, 0x01, 0x01, 0x01, 0x01, 0x01, 0x01, 0x01, 0x01, 0x01, 0x01, 0x01, 0x01, 0x01, 0x01, 0x01, 0x01, 0x01, 0x01, 0x01, 0x01, 0x01,
    0x01, 0x01, 0x01, 0x01, 0x01, 0x01, 0x01, 0x01, 0x01, 0x01, 0x01, 0x01, 0x01, 0x01, 0x01, 0x01, 0x01, 0x01, 0x01, 0x01, 0x01, 0x01, 0x01, 0x01,
    0x01, 0x01, 0x01, 0x01, 0x01, 0x01, 0x01, 0x01, 0x01, 0x01, 0x01, 0x01, 0x01, 0x01, 0x01, 0x01, 0x01, 0x01, 0x01, 0x01, 0x01, 0x01, 0x01, 0x01,
    0x01, 0x01, 0x01, 0x01, 0x01, 0x01, 0x01, 0x01, 0x01, 0x01, 0x01, 0x01, 0x01, 0x01, 0x01, 0x01, 0x01, 0x01, 0x01, 0x01, 0x01, 0x01, 0x01, 0x01,
    0x01, 0x01, 0x01, 0x01, 0x01, 0x01, 0x01, 0x01, 0x01, 0x01, 0x01, 0x01, 0x01, 0x01, 0x01, 0x01, 0x01, 0x01, 0x01, 0x01, 0x01, 0x01, 0x01, 0x01,
    0x01, 0x01, 0x01, 0x01, 0x01, 0x01, 0x01, 0x01, 0x01, 0x01, 0x01, 0x01, 0x01, 0x01, 0x01, 0x01, 0x01, 0x01, 0x01, 0x01, 0x01, 0x01, 0x01, 0x01,
    0x01, 0x01, 0x01, 0x01, 0x01, 0x01, 0x01, 0x01, 0x01, 0x01, 0x01, 0x01, 0x01, 0x01, 0x01, 0x01, 0x01, 0x01, 0x01, 0x01, 0x01, 0x01, 0x01, 0x01,
    0x01, 0x01, 0x01, 0x01, 0x01, 0x01, 0x01, 0x01, 0x01, 0x01, 0x01, 0x01, 0x01, 0x01, 0x01, 0x01, 0x01, 0x01, 0x01, 0x01, 0x01, 0x01, 0x01, 0x01,
    0x01, 0x01, 0x01, 0x01, 0x01, 0x01, 0x01, 0x01, 0x01, 0x01, 0x01, 0x01, 0x01, 0x01, 0x01, 0x01, 0x01, 0x01, 0x01, 0x01, 0x01, 0x01, 0x01, 0x01,
    0x01, 0x01, 0x01, 0x01, 0x01, 0x01, 0x01, 0x01, 0x01, 0x01, 0x01, 0x01, 0x01, 0x01, 0x01, 0x01, 0x01, 0x01, 0x01, 0x01, 0x01, 0x01, 0x01, 0x01,
    0x01, 0x01, 0x01, 0x01, 0x01, 0x01, 0x01, 0x01, 0x01, 0x01, 0x01, 0x01, 0x01, 0x01, 0x01, 0x01, 0x01, 0x01, 0x01, 0x01, 0x01, 0x01, 0x01, 0x01,
    0x01, 0x01, 0x01, 0x01, 0x01, 0x01, 0x01, 0x01, 0x01, 0x01, 0x01, 0x01, 0x01, 0x01, 0x01, 0x01, 0x01, 0x01, 0x01, 0x01, 0x01, 0x01, 0x01, 0x01,
    0x01, 0x01, 0x01, 0x01, 0x01, 0x01, 0x01, 0x01, 0x01, 0x01, 0x01, 0x01, 0x01, 0x01, 0x01, 0x01, 0x01, 0x01, 0x01, 0x01, 0x01, 0x01, 0x01, 0x01,
    0x01, 0x01, 0x01, 0x01, 0x01, 0x01, 0x01, 0x01, 0x01, 0x01, 0x01, 0x01, 0x01, 0x01, 0x01, 0x01, 0x01, 0x01, 0x01, 0x01, 0x01, 0x01, 0x01, 0x01,
    0x01, 0x01, 0x01, 0x01, 0x01, 0x01, 0x01, 0x01, 0x01, 0x01, 0x01, 0x01, 0x01, 0x01, 0x01, 0x01, 0x01, 0x01, 0x01, 0x01, 0x01, 0x01, 0x01, 0x01,
    0x01, 0x01, 0x01, 0x01, 0x01, 0x01, 0x01, 0x01, 0x01, 0x01, 0x01, 0x01, 0x01, 0x01, 0x01, 0x01, 0x01, 0x01, 0x01, 0x01, 0x01, 0x01, 0x01, 0x01,
    0x01, 0x01, 0x01, 0x01, 0x01, 0x01, 0x01, 0x01, 0x01, 0x01, 0x01, 0x01, 0x01, 0x01, 0x01, 0x01, 0x01, 0x01, 0x01, 0x01, 0x01, 0x01, 0x01, 0x01,
    0x01, 0x01, 0x01, 0x01, 0x01, 0x01, 0x01, 0x01, 0x01, 0x01, 0x01, 0x01, 0x01, 0x01, 0x01, 0x01, 0x01, 0x01, 0x01, 0x01, 0x01, 0x01, 0x01, 0x01,
    0x01, 0x01, 0x01, 0x01, 0x01, 0x01, 0x01, 0x01, 0x01, 0x01, 0x01, 0x01, 0x01, 0x01, 0x01, 0x01, 0x01, 0x01, 0x01, 0x01, 0x01, 0x01, 0x01, 0x01,
    0x01, 0x01, 0x01, 0x01, 0x01, 0x01, 0x01, 0x01, 0x01, 0x01, 0x01, 0x01, 0x01, 0x01, 0x01, 0x01, 0x01, 0x01, 0x01, 0x01, 0x01, 0x01, 0x01, 0x01,
    0x01, 0x01, 0x01, 0x01, 0x01, 0x01, 0x01, 0x01, 0x01, 0x01, 0x01, 0x01, 0x01, 0x01, 0x01, 0x01, 0x01, 0x01, 0x01, 0x01, 0x01, 0x01, 0x01, 0x01,
    0x01, 0x01, 0x01, 0x01, 0x01, 0x01, 0x01, 0x01, 0x01, 0x01, 0x01, 0x01, 0x01, 0x01, 0x01, 0x01, 0x01, 0x01, 0x01, 0x01, 0x01, 0x01, 0x01, 0x01,
    0x01, 0x01, 0x01, 0x01, 0x01, 0x01, 0x01, 0x01, 0x01, 0x01, 0x01, 0x01, 0x01, 0x01, 0x01, 0x01, 0x01, 0x01, 0x01, 0x01, 0x01, 0x01, 0x01, 0x01,
    0x01, 0x01, 0x01, 0x01, 0x01, 0x01, 0x01, 0x01, 0x01, 0x01, 0x01, 0x01, 0x01, 0x01, 0x01, 0x01, 0x01, 0x01, 0x01, 0x01, 0x01, 0x01, 0x01, 0x01,
    0x01, 0x01, 0x01, 0x01, 0x01, 0x01, 0x01, 0x01, 0x01, 0x01, 0x01, 0x01, 0x01, 0x01, 0x01, 0x01, 0x01, 0x01, 0x01, 0x01, 0x01, 0x01, 0x01, 0x01,
    0x01, 0x01, 0x01, 0x01, 0x01, 0x01, 0x01, 0x01, 0x01, 0x01, 0x01, 0x01, 0x01, 0x01, 0x01, 0x01, 0x01, 0x01, 0x01, 0x01, 0x01, 0x01, 0x01, 0x01,
    0x01, 0x01, 0x01, 0x01, 0x01, 0x01, 0x01, 0x01, 0x01, 0x01, 0x01, 0x01, 0x01, 0x01, 0x01, 0x01, 0x01, 0x01, 0x01, 0x01, 0x01, 0x01, 0x01, 0x01,
    0x01, 0x01, 0x01, 0x01, 0x01, 0x01, 0x01, 0x01, 0x01, 0x01, 0x01, 0x01, 0x01, 0x01, 0x01, 0x01, 0x01, 0x01, 0x01, 0x01, 0x01, 0x01, 0x01, 0x01,
    0x01, 0x01, 0x01, 0x01, 0x01, 0x01, 0x01, 0x01, 0x01, 0x01, 0x01, 0x01, 0x01, 0x01, 0x01, 0x01, 0x01, 0x01, 0x01, 0x01, 0x01, 0x01, 0x01, 0x01,
    0x01, 0x01, 0x01, 0x01, 0x01, 0x01, 0x01, 0x01, 0x01, 0x01, 0x01, 0x01, 0x01, 0x01, 0x01, 0x01, 0x01, 0x01, 0x01, 0x01, 0x01, 0x01, 0x01, 0x01,
    0x01, 0x01, 0x01, 0x01, 0x01, 0x01, 0x01, 0x01, 0x01, 0x01, 0x01, 0x01, 0x01, 0x01, 0x01, 0x01, 0x01, 0x01, 0x01, 0x01, 0x01, 0x01, 0x01, 0x01,
    0x01, 0x01, 0x01, 0x01, 0x01, 0x01, 0x01, 0x01, 0x01, 0x01, 0x01, 0x01, 0x01, 0x01, 0x01, 0x01, 0x01, 0x01, 0x01, 0x01, 0x01, 0x01, 0x01, 0x01,
    0x01, 0x01, 0x01, 0x01, 0x01, 0x01, 0x01, 0x01, 0x01, 0x01, 0x01, 0x01, 0x01, 0x01, 0x01, 0x01, 0x01, 0x01, 0x01, 0x01, 0x01, 0x01, 0x01, 0x01,
    0x01, 0x01, 0x01, 0x01, 0x01, 0x01, 0x01, 0x01, 0x01, 0x01, 0x01, 0x01, 0x01, 0x01, 0x01, 0x01, 0x01, 0x01, 0x01, 0x01, 0x01, 0x01, 0x01, 0x01,
    0x01, 0x01, 0x01, 0x01, 0x01, 0x01, 0x01, 0x01, 0x01, 0x01, 0x01, 0x01, 0x01, 0x01, 0x01, 0x01, 0x01, 0x01, 0x01, 0x01, 0x01, 0x01, 0x01, 0x01,
    0x01, 0x01, 0x01, 0x01, 0x01, 0x01, 0x01, 0x01, 0x01, 0x01, 0x01, 0x01, 0x01, 0x01, 0x01, 0x01, 0x01, 0x01, 0x01, 0x01, 0x01, 0x01, 0x01, 0x01,
    0x01, 0x01, 0x01, 0x01, 0x01, 0x01, 0x01, 0x01, 0x01, 0x01, 0x01, 0x01, 0x01, 0x01, 0x01, 0x01, 0x01, 0x01, 0x01, 0x01, 0x01, 0x01, 0x01, 0x01,
    0x01, 0x01, 0x01, 0x01, 0x01, 0x01, 0x01, 0x01, 0x01, 0x01, 0x01, 0x01, 0x01, 0x01, 0x01, 0x01, 0x01, 0x01, 0x01, 0x01, 0x01, 0x01, 0x01, 0x01,
    0x01, 0x01, 0x01, 0x01, 0x01, 0x01, 0x01, 0x01, 0x01, 0x01, 0x01, 0x01, 0x01, 0x01, 0x01, 0x01, 0x01, 0x01, 0x01, 0x01, 0x01, 0x01, 0x01, 0x01,
    0x01, 0x01, 0x01, 0x01, 0x01, 0x01, 0x01, 0x01, 0x01, 0x01, 0x01, 0x01, 0x01, 0x01, 0x01, 0x01, 0x01, 0x01, 0x01, 0x01, 0x01, 0x01, 0x01, 0x01,
    0x01, 0x01, 0x01, 0x01, 0x01, 0x01, 0x01, 0x01, 0x01, 0x01, 0x01, 0x01, 0x01, 0x01, 0x01, 0x01, 0x01, 0x01, 0x01, 0x01, 0x01, 0x01, 0x01, 0x01,
    0x01, 0x01, 0x01, 0x01, 0x01, 0x01, 0x01, 0x01, 0x01, 0x01, 0x01, 0x01, 0x01, 0x01, 0x01, 0x01, 0x01, 0x01, 0x01, 0x01, 0x01, 0x01, 0x01, 0x01,
    0x01, 0x01, 0x01, 0x01, 0x01, 0x01, 0x01, 0x01, 0x01, 0x01, 0x01, 0x01, 0x01, 0x01, 0x01, 0x01, 0x01, 0x01, 0x01, 0x01, 0x01, 0x01, 0x01, 0x01,
    0x01, 0x01, 0x01, 0x01, 0x01, 0x01, 0x01, 0x01, 0x01, 0x01, 0x01, 0x01, 0x01, 0x01, 0x01, 0x01, 0x01, 0x01, 0x01, 0x01, 0x01, 0x01, 0x01, 0x01,
    0x01, 0x01, 0x01, 0x01, 0x01, 0x01, 0x01, 0x01, 0x01, 0x01, 0x01, 0x01, 0x01, 0x01, 0x01, 0x01, 0x01, 0x01, 0x01, 0x01, 0x01, 0x01, 0x01, 0x01,
    0x01, 0x01, 0x01, 0x01, 0x01, 0x01, 0x01, 0x01, 0x01, 0x01, 0x01, 0x01, 0x01, 0x01, 0x01, 0x01, 0x01, 0x01, 0x01, 0x01, 0x01, 0x01, 0x01, 0x01,
    0x01, 0x01, 0x01, 0x01, 0x01, 0x01, 0x01, 0x01, 0x01, 0x01, 0x01, 0x01, 0x01, 0x01, 0x01, 0x01, 0x01, 0x01, 0x01, 0x01, 0x01, 0x01, 0x01, 0x01,
    0x01, 0x01, 0x01, 0x01, 0x01, 0x01, 0x01, 0x01, 0x01, 0x01, 0x01, 0x01, 0x01, 0x01, 0x01, 0x01, 0x01, 0x01, 0x01, 0x01, 0x01, 0x01, 0x01, 0x01,
    0x01, 0x01, 0x01, 0x01, 0x01, 0x01, 0x01, 0x01, 0x01, 0x01, 0x01, 0x01, 0x01, 0x01, 0x01, 0x01, 0x01, 0x01, 0x01, 0x01, 0x01, 0x01, 0x01, 0x01,
    0x01, 0x01, 0x01, 0x01, 0x01, 0x01, 0x01, 0x01, 0x01, 0x01, 0x01, 0x01, 0x01, 0x01, 0x01, 0x01, 0x01, 0x01, 0x01, 0x01, 0x01, 0x01, 0x01, 0x01,
    0x01, 0x01, 0x01, 0x01, 0x01, 0x01, 0x01, 0x01, 0x01, 0x01, 0x01, 0x01, 0x01, 0x01, 0x01, 0x01, 0x01, 0x01, 0x01, 0x01, 0x01, 0x01, 0x01, 0x01,
    0x01, 0x01, 0x01, 0x01, 0x01, 0x01, 0x01, 0x01, 0x01, 0x01, 0x01, 0x01, 0x01, 0x01, 0x01, 0x01, 0x01, 0x01, 0x01, 0x01, 0x01, 0x01, 0x01, 0x01,
    0x01, 0x01, 0x01, 0x01, 0x01, 0x01, 0x01, 0x01, 0x01, 0x01, 0x01, 0x01, 0x01, 0x01, 0x01, 0x01, 0x01, 0x01, 0x01, 0x01, 0x01, 0x01, 0x01, 0x01,
    0x01, 0x01, 0x01, 0x01, 0x01, 0x01, 0x01, 0x01, 0x01, 0x01, 0x01, 0x01, 0x01, 0x01, 0x01, 0x01, 0x01, 0x01, 0x01, 0x01, 0x01, 0x01, 0x01, 0x01,
    0x01, 0x01, 0x01, 0x01, 0x01, 0x01, 0x01, 0x01, 0x01, 0x01, 0x01, 0x01, 0x01, 0x01, 0x01, 0x01, 0x01, 0x01, 0x01, 0x01, 0x01, 0x01, 0x01, 0x01,
    0x01, 0x01, 0x01, 0x01, 0x01, 0x01, 0x01, 0x01, 0x01, 0x01, 0x01, 0x01, 0x01, 0x01, 0x01, 0x01, 0x01, 0x01, 0x01, 0x01, 0x01, 0x01, 0x01, 0x01,
    0x01, 0x01, 0x01, 0x01, 0x01, 0x01, 0x01, 0x01, 0x01, 0x01, 0x01, 0x01, 0x01, 0x01, 0x01, 0x01, 0x01, 0x01, 0x01, 0x01, 0x01, 0x01, 0x01, 0x01,
    0x01, 0x01, 0x01, 0x01, 0x01, 0x01, 0x01, 0x01, 0x01, 0x01, 0x01, 0x01, 0x01, 0x01, 0x01, 0x01, 0x01, 0x01, 0x01, 0x01, 0x01, 0x01, 0x01, 0x01,
    0x01, 0x01, 0x01, 0x01, 0x01, 0x01, 0x01, 0x01, 0x01, 0x01, 0x01, 0x01, 0x01, 0x01, 0x01, 0x01, 0x01, 0x01, 0x01, 0x01, 0x01, 0x01, 0x01, 0x01,
    0x01, 0x01, 0x01, 0x01, 0x01, 0x01, 0x01, 0x01, 0x01, 0x01, 0x01, 0x01, 0x01, 0x01, 0x01, 0x01, 0x01, 0x01, 0x01, 0x01, 0x01, 0x01, 0x01, 0x01,
    0x01, 0x01, 0x01, 0x01, 0x01, 0x01, 0x01, 0x01, 0x01, 0x01, 0x01, 0x01, 0x01, 0x01, 0x01, 0x01, 0x01, 0x01, 0x01, 0x01, 0x01, 0x01, 0x01, 0x01,
    0x01, 0x01, 0x01, 0x01, 0x01, 0x01, 0x01, 0x01, 0x01, 0x01, 0x01, 0x01, 0x01, 0x01, 0x01, 0x01, 0x01, 0x01, 0x01, 0x01, 0x01, 0x01, 0x01, 0x01,
    0x01, 0x01, 0x01, 0x01, 0x01, 0x01, 0x01, 0x01, 0x01, 0x01, 0x01, 0x01, 0x01, 0x01, 0x01, 0x01, 0x01, 0x01, 0x01, 0x01, 0x01, 0x01, 0x01, 0x01,
    0x01, 0x01, 0x01, 0x01, 0x01, 0x01, 0x01, 0x01, 0x01, 0x01, 0x01, 0x01, 0x01, 0x01, 0x01, 0x01, 0x01, 0x01, 0x01, 0x01, 0x01, 0x01, 0x01, 0x01,
    0x01, 0x01, 0x01, 0x01, 0x01, 0x01, 0x01, 0x01, 0x01, 0x01, 0x01, 0x01, 0x01, 0x01, 0x01, 0x01, 0x01, 0x01, 0x01, 0x01, 0x01, 0x01, 0x01, 0x01,
    0x01, 0x01, 0x01, 0x01, 0x01, 0x01, 0x01, 0x01, 0x01, 0x01, 0x01, 0x01, 0x01, 0x01, 0x01, 0x01, 0x01, 0x01, 0x01, 0x01, 0x01, 0x01, 0x01, 0x01,
    0x01, 0x01, 0x01, 0x01, 0x01, 0x01, 0x01, 0x01, 0x01, 0x01, 0x01, 0x01, 0x01, 0x01, 0x01, 0x01, 0x01, 0x01, 0x01, 0x01, 0x01, 0x01, 0x01, 0x01,
    0x01, 0x01, 0x01, 0x01, 0x01, 0x01, 0x01, 0x01, 0x01, 0x01, 0x01, 0x01, 0x01, 0x01, 0x01, 0x01, 0x01, 0x01, 0x01, 0x01, 0x01, 0x01, 0x01, 0x01,
    0x01, 0x01, 0x01, 0x01, 0x01, 0x01, 0x01, 0x01, 0x01, 0x01, 0x01, 0x01, 0x01, 0x01, 0x01, 0x01, 0x01, 0x01, 0x01, 0x01, 0x01, 0x01, 0x01, 0x01,
    0x01, 0x01, 0x01, 0x01, 0x01, 0x01, 0x01, 0x01, 0x01, 0x01, 0x01, 0x01, 0x01, 0x01, 0x01, 0x01, 0x01, 0x01, 0x01, 0x01, 0x01, 0x01, 0x01, 0x01,
    0x01, 0x01, 0x01, 0x01, 0x01, 0x01, 0x01, 0x01, 0x01, 0x01, 0x01, 0x01, 0x01, 0x01, 0x01, 0x01, 0x01, 0x01, 0x01, 0x01, 0x01, 0x01, 0x01, 0x01,
    0x01, 0x01, 0x01, 0x01, 0x01, 0x01, 0x01, 0x01, 0x01, 0x01, 0x01, 0x01, 0x01, 0x01, 0x01, 0x01, 0x01, 0x01, 0x01, 0x01, 0x01, 0x01, 0x01, 0x01,
    0x01, 0x01, 0x01, 0x01, 0x01, 0x01, 0x01, 0x01, 0x01, 0x01, 0x01, 0x01, 0x01, 0x01, 0x01, 0x01, 0x01, 0x01, 0x01, 0x01, 0x01, 0x01, 0x01, 0x01,
    0x01, 0x01, 0x01, 0x01, 0x01, 0x01, 0x01, 0x01, 0x01, 0x01, 0x01, 0x01, 0x01, 0x01, 0x01, 0x01, 0x01, 0x01, 0x01, 0x01, 0x01, 0x01, 0x01, 0x01,
    0x01, 0x01, 0x01, 0x01, 0x01, 0x01, 0x01, 0x01, 0x01, 0x01, 0x01, 0x01, 0x01, 0x01, 0x01, 0x01, 0x01, 0x01, 0x01, 0x01, 0x01, 0x01, 0x01, 0x01,
    0x01, 0x01, 0x01, 0x01, 0x01, 0x01, 0x01, 0x01, 0x01, 0x01, 0x01, 0x01, 0x01, 0x01, 0x01, 0x01, 0x01, 0x01, 0x01, 0x01, 0x01, 0x01, 0x01, 0x01,
    0x01, 0x01, 0x01, 0x01, 0x01, 0x01, 0x01, 0x01, 0x01, 0x01, 0x01, 0x01, 0x01, 0x01, 0x01, 0x01, 0x01, 0x01, 0x01, 0x01, 0x01, 0x01, 0x01, 0x01,
    0x01, 0x01, 0x01, 0x01, 0x01, 0x01, 0x01, 0x01, 0x01, 0x01, 0x01, 0x01, 0x01, 0x01, 0x01, 0x01, 0x01, 0x01, 0x01, 0x01, 0x01, 0x01, 0x01, 0x01,
    0x01, 0x01, 0x01, 0x01, 0x01, 0x01, 0x01, 0x01, 0x01, 0x01, 0x01, 0x01, 0x01, 0x01, 0x01, 0x01, 0x01, 0x01, 0x01, 0x01, 0x01, 0x01, 0x01, 0x01,
    0x01, 0x01, 0x01, 0x01, 0x01, 0x01, 0x01, 0x01, 0x01, 0x01, 0x01, 0x01, 0x01, 0x01, 0x01, 0x01, 0x01, 0x01, 0x01, 0x01, 0x01, 0x01, 0x01, 0x01,
    0x01, 0x01, 0x01, 0x01, 0x01, 0x01, 0x01, 0x01, 0x01, 0x01, 0x01, 0x01, 0x01, 0x01, 0x01, 0x01, 0x01, 0x01, 0x01, 0x01, 0x01, 0x01, 0x01, 0x01,
    0x01, 0x01, 0x01, 0x01, 0x01, 0x01, 0x01, 0x01, 0x01, 0x01, 0x01, 0x01, 0x01, 0x01, 0x01, 0x01, 0x01, 0x01, 0x01, 0x01, 0x01, 0x01, 0x01, 0x01,
    0x01, 0x01, 0x01, 0x01, 0x01, 0x01, 0x01, 0x01, 0x01, 0x01, 0x01, 0x01, 0x01, 0x01, 0x01, 0x01, 0x01, 0x01, 0x01, 0x01, 0x01, 0x01, 0x01, 0x01,
    0x01, 0x01, 0x01, 0x01, 0x01, 0x01, 0x01, 0x01, 0x01, 0x01, 0x01, 0x01, 0x01, 0x01, 0x01, 0x01, 0x01, 0x01, 0x01, 0x01, 0x01, 0x01, 0x01, 0x01,
    0x01, 0x01, 0x01, 0x01, 0x01, 0x01, 0x01, 0x01, 0x01, 0x01, 0x01, 0x01, 0x01, 0x01, 0x01, 0x01, 0x01, 0x01, 0x01, 0x01, 0x01, 0x01, 0x01, 0x01,
    0x01, 0x01, 0x01, 0x01, 0x01, 0x01, 0x01, 0x01, 0x01, 0x01, 0x01, 0x01, 0x01, 0x01, 0x01, 0x01, 0x01, 0x01, 0x01, 0x01, 0x01, 0x01, 0x01, 0x01,
    0x01, 0x01, 0x01, 0x01, 0x01, 0x01, 0x01, 0x01, 0x01, 0x01, 0x01, 0x01, 0x01, 0x01, 0x01, 0x01, 0x01, 0x01, 0x01, 0x01, 0x01, 0x01, 0x01, 0x01,
    0x01, 0x01, 0x01, 0x01, 0x01, 0x01, 0x01, 0x01, 0x01, 0x01, 0x01, 0x01, 0x01, 0x01, 0x01, 0x01, 0x01, 0x01, 0x01, 0x01, 0x01, 0x01, 0x01, 0x01,
    0x01, 0x01, 0x01, 0x01, 0x01, 0x01, 0x01, 0x01, 0x01, 0x01, 0x01, 0x01, 0x01, 0x01, 0x01, 0x01, 0x01, 0x01, 0x01, 0x01, 0x01, 0x01, 0x01, 0x01,
    0x01, 0x01, 0x01, 0x01, 0x01, 0x01, 0x01, 0x01, 0x01, 0x01, 0x01, 0x01, 0x01, 0x01, 0x01, 0x01, 0x01, 0x01, 0x01, 0x01, 0x01, 0x01, 0x01, 0x01,
    0x01, 0x01, 0x01, 0x01, 0x01, 0x01, 0x01, 0x01, 0x01, 0x01, 0x01, 0x01, 0x01, 0x01, 0x01, 0x01, 0x01, 0x01, 0x01, 0x01, 0x01, 0x01, 0x01, 0x01,
    0x01, 0x01, 0x01, 0x01, 0x01, 0x01, 0x01, 0x01, 0x01, 0x01, 0x01, 0x01, 0x01, 0x01, 0x01, 0x01, 0x01, 0x01, 0x01, 0x01, 0x01, 0x01, 0x01, 0x01,
    0x01, 0x01, 0x01, 0x01, 0x01, 0x01, 0x01, 0x01, 0x01, 0x01, 0x01, 0x01, 0x01, 0x01, 0x01, 0x01, 0x01, 0x01, 0x01, 0x01, 0x01, 0x01, 0x01, 0x01,
    0x01, 0x01, 0x01, 0x01, 0x01, 0x01, 0x01, 0x01, 0x01, 0x01, 0x01, 0x01, 0x01, 0x01, 0x01, 0x01, 0x01, 0x01, 0x01, 0x01, 0x01, 0x01, 0x01, 0x01,
    0x01, 0x01, 0x01, 0x01, 0x01, 0x01, 0x01, 0x01, 0x01, 0x01, 0x01, 0x01, 0x01, 0x01, 0x01, 0x01, 0x01, 0x01, 0x01, 0x01, 0x01, 0x01, 0x01, 0x01,
    0x01, 0x01, 0x01, 0x01, 0x01, 0x01, 0x01, 0x01, 0x01, 0x01, 0x01, 0x01, 0x01, 0x01, 0x01, 0x01, 0x01, 0x01, 0x01, 0x01, 0x01, 0x01, 0x01, 0x01,
    0x01, 0x01, 0x01, 0x01, 0x01, 0x01, 0x01, 0x01, 0x01, 0x01, 0x01, 0x01, 0x01, 0x01, 0x01, 0x01, 0x01, 0x01, 0x01, 0x01, 0x01, 0x01, 0x01, 0x01,
    0x01, 0x01, 0x01, 0x01, 0x01, 0x01, 0x01, 0x01, 0x01, 0x01, 0x01, 0x01, 0x01, 0x01, 0x01, 0x01, 0x01, 0x01, 0x01, 0x01, 0x01, 0x01, 0x01, 0x01,
    0x01, 0x01, 0x01, 0x01, 0x01, 0x01, 0x01, 0x01, 0x01, 0x01, 0x01, 0x01, 0x01, 0x01, 0x01, 0x01, 0x01, 0x01, 0x01, 0x01, 0x01, 0x01, 0x01, 0x01,
    0x01, 0x01, 0x01, 0x01, 0x01, 0x01, 0x01, 0x01, 0x01, 0x01, 0x01, 0x01, 0x01, 0x01, 0x01, 0x01, 0x01, 0x01, 0x01, 0x01, 0x01, 0x01, 0x01, 0x01,
    0x01, 0x01, 0x01, 0x01, 0x01, 0x01, 0x01, 0x01, 0x01, 0x01, 0x01, 0x01, 0x01, 0x01, 0x01, 0x01, 0x01, 0x01, 0x01, 0x01, 0x01, 0x01, 0x01, 0x01,
    0x01, 0x01, 0x01, 0x01, 0x01, 0x01, 0x01, 0x01, 0x01, 0x01, 0x01, 0x01, 0x01, 0x01, 0x01, 0x01, 0x01, 0x01, 0x01, 0x01, 0x01, 0x01, 0x01, 0x01,
    0x01, 0x01, 0x01, 0x01, 0x01, 0x01, 0x01, 0x01, 0x01, 0x01, 0x01, 0x01, 0x01, 0x01, 0x01, 0x01, 0x01, 0x01, 0x01, 0x01, 0x01, 0x01, 0x01, 0x01,
    0x01, 0x01, 0x01, 0x01, 0x01, 0x01, 0x01, 0x01, 0x01, 0x01, 0x01, 0x01, 0x01, 0x01, 0x01, 0x01, 0x01, 0x01, 0x01, 0x01, 0x01, 0x01, 0x01, 0x01,
    0x01, 0x01, 0x01, 0x01, 0x01, 0x01, 0x01, 0x01, 0x01, 0x01, 0x01, 0x01, 0x01, 0x01, 0x01, 0x01, 0x01, 0x01, 0x01, 0x01, 0x01, 0x01, 0x01, 0x01,
    0x01, 0x01, 0x01, 0x01, 0x01, 0x01, 0x01, 0x01, 0x01, 0x01, 0x01, 0x01, 0x01, 0x01, 0x01, 0x01, 0x01, 0x01, 0x01, 0x01, 0x01, 0x01, 0x01, 0x01,
    0x01, 0x01, 0x01, 0x01, 0x01, 0x01, 0x01, 0x01, 0x01, 0x01, 0x01, 0x01, 0x01, 0x01, 0x01, 0x01, 0x01, 0x01, 0x01, 0x01, 0x01, 0x01, 0x01, 0x01,
    0x01, 0x01, 0x01, 0x01, 0x01, 0x01, 0x01, 0x01, 0x01, 0x01, 0x01, 0x01, 0x01, 0x01, 0x01, 0x01, 0x01, 0x01, 0x01, 0x01, 0x01, 0x01, 0x01, 0x01,
    0x01, 0x01, 0x01, 0x01, 0x01, 0x01, 0x01, 0x01, 0x01, 0x01, 0x01, 0x01, 0x01, 0x01, 0x01, 0x01, 0x01, 0x01, 0x01, 0x01, 0x01, 0x01, 0x01, 0x01,
    0x01, 0x01, 0x01, 0x01, 0x01, 0x01, 0x01, 0x01, 0x01, 0x01, 0x01, 0x01, 0x01, 0x01, 0x01, 0x01, 0x01, 0x01, 0x01, 0x01, 0x01, 0x01, 0x01, 0x01,
    0x01, 0x01, 0x01, 0x01, 0x01, 0x01, 0x01, 0x01, 0x01, 0x01, 0x01, 0x01, 0x01, 0x01, 0x01, 0x01, 0x01, 0x01, 0x01, 0x01, 0x01, 0x01, 0x01, 0x01,
    0x01, 0x01, 0x01, 0x01, 0x01, 0x01, 0x01, 0x01, 0x01, 0x01, 0x01, 0x01, 0x01, 0x01, 0x01, 0x01, 0x01, 0x01, 0x01, 0x01, 0x01, 0x01, 0x01, 0x01,
    0x01, 0x01, 0x01, 0x01, 0x01, 0x01, 0x01, 0x01, 0x01, 0x01, 0x01, 0x01, 0x01, 0x01, 0x01, 0x01, 0x01, 0x01, 0x01, 0x01, 0x01, 0x01, 0x01, 0x01,
    0x01, 0x01, 0x01, 0x01, 0x01, 0x01, 0x01, 0x01, 0x01, 0x01, 0x01, 0x01, 0x01, 0x01, 0x01, 0x01, 0x01, 0x01, 0x01, 0x01, 0x01, 0x01, 0x01, 0x01,
    0x01, 0x01, 0x01, 0x01, 0x01, 0x01, 0x01, 0x01, 0x01, 0x01, 0x01, 0x01, 0x01, 0x01, 0x01, 0x01, 0x01, 0x01, 0x01, 0x01, 0x01, 0x01, 0x01, 0x01,
    0x01, 0x01, 0x01, 0x01, 0x01, 0x01, 0x01, 0x01, 0x01, 0x01, 0x01, 0x01, 0x01, 0x01, 0x01, 0x01, 0x01, 0x01, 0x01, 0x01, 0x01, 0x01, 0x01, 0x01,
    0x01, 0x01, 0x01, 0x01, 0x01, 0x01, 0x01, 0x01, 0x01, 0x01, 0x01, 0x01, 0x01, 0x01, 0x01, 0x01, 0x01, 0x01, 0x01, 0x01, 0x01, 0x01, 0x01, 0x01,
    0x01, 0x01, 0x01, 0x01, 0x01, 0x01, 0x01, 0x01, 0x01, 0x01, 0x01, 0x01, 0x01, 0x01, 0x01, 0x01, 0x01, 0x01, 0x01, 0x01, 0x01, 0x01, 0x01, 0x01,
    0x01, 0x01, 0x01, 0x01, 0x01, 0x01, 0x01, 0x01, 0x01, 0x01, 0x01, 0x01, 0x01, 0x01, 0x01, 0x01, 0x01, 0x01, 0x01, 0x01, 0x01, 0x01, 0x01, 0x01,
    0x01, 0x01, 0x01, 0x01, 0x01, 0x01, 0x01, 0x01, 0x01, 0x01, 0x01, 0x01, 0x01, 0x01, 0x01, 0x01, 0x01, 0x01, 0x01, 0x01, 0x01, 0x01, 0x01, 0x01,
    0x01, 0x01, 0x01, 0x01, 0x01, 0x01, 0x01, 0x01, 0x01, 0x01, 0x01, 0x01, 0x01, 0x01, 0x01, 0x01, 0x01, 0x01, 0x01, 0x01, 0x01, 0x01, 0x01, 0x01,
    0x01, 0x01, 0x01, 0x01, 0x01, 0x01, 0x01, 0x01, 0x01, 0x01, 0x01, 0x01, 0x01, 0x01, 0x01, 0x01, 0x01, 0x01, 0x01, 0x01, 0x01, 0x01, 0x01, 0x01,
    0x01, 0x01, 0x01, 0x01, 0x01, 0x01, 0x01, 0x01, 0x01, 0x01, 0x01, 0x01, 0x01, 0x01, 0x01, 0x01, 0x01, 0x01, 0x01, 0x01, 0x01, 0x01, 0x01, 0x01,
    0x01, 0x01, 0x01, 0x01, 0x01, 0x01, 0x01, 0x01, 0x01, 0x01, 0x01, 0x01, 0x01, 0x01, 0x01, 0x01, 0x01, 0x01, 0x01, 0x01, 0x01, 0x01, 0x01, 0x01,
    0x01, 0x01, 0x01, 0x01, 0x01, 0x01, 0x01, 0x01, 0x01, 0x01, 0x01, 0x01, 0x01, 0x01, 0x01, 0x01, 0x01, 0x01, 0x01, 0x01, 0x01, 0x01, 0x01, 0x01,
    0x01, 0x01, 0x01, 0x01, 0x01, 0x01, 0x01, 0x01, 0x01, 0x01, 0x01, 0x01, 0x01, 0x01, 0x01, 0x01, 0x01, 0x01, 0x01, 0x01, 0x01, 0x01, 0x01, 0x01,
    0x01, 0x01, 0x01, 0x01, 0x01, 0x01, 0x01, 0x01, 0x01, 0x01, 0x01, 0x01, 0x01, 0x01, 0x01, 0x01, 0x01, 0x01, 0x01, 0x01, 0x01, 0x01, 0x01, 0x01,
    0x01, 0x01, 0x01, 0x01, 0x01, 0x01, 0x01, 0x01, 0x01, 0x01, 0x01, 0x01, 0x01, 0x01, 0x01, 0x01, 0x01, 0x01, 0x01, 0x01, 0x01, 0x01, 0x01, 0x01,
    0x01, 0x01, 0x01, 0x01, 0x01, 0x01, 0x01, 0x01, 0x01, 0x01, 0x01, 0x01, 0x01, 0x01, 0x01, 0x01, 0x01, 0x01, 0x01, 0x01, 0x01, 0x01, 0x01, 0x01,
    0x01, 0x01, 0x01, 0x01, 0x01, 0x01, 0x01, 0x01, 0x01, 0x01, 0x01, 0x01, 0x01, 0x01, 0x01, 0x01, 0x01, 0x01, 0x01, 0x01, 0x01, 0x01, 0x01, 0x01,
    0x01, 0x01, 0x01, 0x01, 0x01, 0x01, 0x01, 0x01, 0x01, 0x01, 0x01, 0x01, 0x01, 0x01, 0x01, 0x01, 0x01, 0x01, 0x01, 0x01, 0x01, 0x01, 0x01, 0x01,
    0x01, 0x01, 0x01, 0x01, 0x01, 0x01, 0x01, 0x01, 0x01, 0x01, 0x01, 0x01, 0x01, 0x01, 0x01, 0x01, 0x01, 0x01, 0x01, 0x01, 0x01, 0x01, 0x01, 0x01,
    0x01, 0x01, 0x01, 0x01, 0x01, 0x01, 0x01, 0x01, 0x01, 0x01, 0x01, 0x01, 0x01, 0x01, 0x01, 0x01, 0x01, 0x01, 0x01, 0x01, 0x01, 0x01, 0x01, 0x01,
    0x01, 0x01, 0x01, 0x01, 0x01, 0x01, 0x01, 0x01, 0x01, 0x01, 0x01, 0x01, 0x01, 0x01, 0x01, 0x01, 0x01, 0x01, 0x01, 0x01, 0x01, 0x01, 0x01, 0x01,
    0x01, 0x01, 0x01, 0x01, 0x01, 0x01, 0x01, 0x01, 0x01, 0x01, 0x01, 0x01, 0x01, 0x01, 0x01, 0x01, 0x01, 0x01, 0x01, 0x01, 0x01, 0x01, 0x01, 0x01,
    0x01, 0x01, 0x01, 0x01, 0x01, 0x01, 0x01, 0x01, 0x01, 0x01, 0x01, 0x01, 0x01, 0x01, 0x01, 0x01, 0x01, 0x01, 0x01, 0x01, 0x01, 0x01, 0x01, 0x01,
    0x01, 0x01, 0x01, 0x01, 0x01, 0x01, 0x01, 0x01, 0x01, 0x01, 0x01, 0x01, 0x01, 0x01, 0x01, 0x01, 0x01, 0x01, 0x01, 0x01, 0x01, 0x01, 0x01, 0x01,
    0x01, 0x01, 0x01, 0x01, 0x01, 0x01, 0x01, 0x01, 0x01, 0x01, 0x01, 0x01, 0x01, 0x01, 0x01, 0x01, 0x01, 0x01, 0x01, 0x01, 0x01, 0x01, 0x01, 0x01,
    0x01, 0x01, 0x01, 0x01, 0x01, 0x01, 0x01, 0x01, 0x01, 0x01, 0x01, 0x01, 0x01, 0x01, 0x01, 0x01, 0x01, 0x01, 0x01, 0x01, 0x01, 0x01, 0x01, 0x01,
    0x01, 0x01, 0x01, 0x01, 0x01, 0x01, 0x01, 0x01, 0x01, 0x01, 0x01, 0x01, 0x01, 0x01, 0x01, 0x01, 0x01, 0x01, 0x01, 0x01, 0x01, 0x01, 0x01, 0x01,
    0x01, 0x01, 0x01, 0x01, 0x01, 0x01, 0x01, 0x01, 0x01, 0x01, 0x01, 0x01, 0x01, 0x01, 0x01, 0x01, 0x01, 0x01, 0x01, 0x01, 0x01, 0x01, 0x01, 0x01,
    0x01, 0x01, 0x01, 0x01, 0x01, 0x01, 0x01, 0x01, 0x01, 0x01, 0x01, 0x01, 0x01, 0x01, 0x01, 0x01, 0x01, 0x01, 0x01, 0x01, 0x01, 0x01, 0x01, 0x01,
    0x01, 0x01, 0x01, 0x01, 0x01, 0x01, 0x01, 0x01, 0x01, 0x01, 0x01, 0x01, 0x01, 0x01, 0x01, 0x01, 0x01, 0x01, 0x01, 0x01, 0x01, 0x01, 0x01, 0x01,
    0x01, 0x01, 0x01, 0x01, 0x01, 0x01, 0x01, 0x01, 0x01, 0x01, 0x01, 0x01, 0x01, 0x01, 0x01, 0x01, 0x01, 0x01, 0x01, 0x01, 0x01, 0x01, 0x01, 0x01,
    0x01, 0x01, 0x01, 0x01, 0x01, 0x01, 0x01, 0x01, 0x01, 0x01, 0x01, 0x01, 0x01, 0x01, 0x01, 0x01, 0x01, 0x01, 0x01, 0x01, 0x01, 0x01, 0x01, 0x01,
    0x01, 0x01, 0x01, 0x01, 0x01, 0x01, 0x01, 0x01, 0x01, 0x01, 0x01, 0x01, 0x01, 0x01, 0x01, 0x01, 0x01, 0x01, 0x01, 0x01, 0x01, 0x01, 0x01, 0x01,
    0x01, 0x01, 0x01, 0x01, 0x01, 0x01, 0x01, 0x01, 0x01, 0x01, 0x01, 0x01, 0x01, 0x01, 0x01, 0x01, 0x01, 0x01, 0x01, 0x01, 0x01, 0x01, 0x01, 0x01,
    0x01, 0x01, 0x01, 0x01, 0x01, 0x01, 0x01, 0x01, 0x01, 0x01, 0x01, 0x01, 0x01, 0x01, 0x01, 0x01, 0x01, 0x01, 0x01, 0x01, 0x01, 0x01, 0x01, 0x01,
    0x01, 0x01, 0x01, 0x01, 0x01, 0x01, 0x01, 0x01, 0x01, 0x01, 0x01, 0x01, 0x01, 0x01, 0x01, 0x01, 0x01, 0x01, 0x01, 0x01, 0x01, 0x01, 0x01, 0x01,
    0x01, 0x01, 0x01, 0x01, 0x01, 0x01, 0x01, 0x01, 0x01, 0x01, 0x01, 0x01, 0x01, 0x01, 0x01, 0x01, 0x01, 0x01, 0x01, 0x01, 0x01, 0x01, 0x01, 0x01,
    0x01, 0x01, 0x01, 0x01, 0x01, 0x01, 0x01, 0x01, 0x01, 0x01, 0x01, 0x01, 0x01, 0x01, 0x01, 0x01, 0x01, 0x01, 0x01, 0x01, 0x01, 0x01, 0x01, 0x01,
    0x01, 0x01, 0x01, 0x01, 0x01, 0x01, 0x01, 0x01, 0x01, 0x01, 0x01, 0x01, 0x01, 0x01, 0x01, 0x01, 0x01, 0x01, 0x01, 0x01, 0x01, 0x01, 0x01, 0x01,
    0x01, 0x01, 0x01, 0x01, 0x01, 0x01, 0x01, 0x01, 0x01, 0x01, 0x01, 0x01, 0x01, 0x01, 0x01, 0x01, 0x01, 0x01, 0x01, 0x01, 0x01, 0x01, 0x01, 0x01,
    0x01, 0x01, 0x01, 0x01, 0x01, 0x01, 0x01, 0x01, 0x01, 0x01, 0x01, 0x01, 0x01, 0x01, 0x01, 0x01, 0x01, 0x01, 0x01, 0x01, 0x01, 0x01, 0x01, 0x01,
    0x01, 0x01, 0x01, 0x01, 0x01, 0x01, 0x01, 0x01, 0x01, 0x01, 0x01, 0x01, 0x01, 0x01, 0x01, 0x01, 0x01, 0x01, 0x01, 0x01, 0x01, 0x01, 0x01, 0x01,
    0x01, 0x01, 0x01, 0x01, 0x01, 0x01, 0x01, 0x01, 0x01, 0x01, 0x01, 0x01, 0x01, 0x01, 0x01, 0x01, 0x01, 0x01, 0x01, 0x01, 0x01, 0x01, 0x01, 0x01,
    0x01, 0x01, 0x01, 0x01, 0x01, 0x01, 0x01, 0x01, 0x01, 0x01, 0x01, 0x01, 0x01, 0x01, 0x01, 0x01, 0x08, 0xe0, 0x35, 0x09, 0x90, 0xe0, 0x35, 0x09,
    0x18, 0xe1, 0x35, 0x09, 0xa0, 0xe1, 0x35, 0x09, 0x28, 0xe2, 0x35, 0x09, 0xb0, 0xe2, 0x35, 0x09, 0x38, 0xe3, 0x35, 0x09, 0xc0, 0xe3, 0x35, 0x09,
    0x48, 0xe4, 0x35, 0x09, 0xd0, 0xe4, 0x35, 0x09, 0x58, 0xe5, 0x35, 0x09, 0xe0, 0xe5, 0x35, 0x09, 0x68, 0xe6, 0x35, 0x09, 0xf0, 0xe6, 0x35, 0x09,
    0x78, 0xe7, 0x35, 0x09, 0x00, 0x00, 0x00, 0x00, 0xf4, 0xf8, 0xd0, 0x36, 0x00, 0x00, 0x00, 0x00, 0x40, 0x79, 0x35, 0x09, 0x00, 0x00, 0x00, 0x00,
    0xd4, 0xf8, 0xd0, 0x36, 0x00, 0x00, 0x00, 0x00, 0xe0, 0xc3, 0x94, 0x0c, 0x00, 0x00, 0x00, 0x00, 0xbc, 0xf8, 0xd0, 0x36, 0x00, 0x00, 0x00, 0x00,
    0x48, 0xc2, 0x94, 0x0c, 0x00, 0x00, 0x00, 0x00, 0xdc, 0xf8, 0xd0, 0x36, 0x00, 0x00, 0x00, 0x00, 0x28, 0xc5, 0x35, 0x09, 0x00, 0x00, 0x00, 0x00,
    0xcc, 0xf8, 0xd0, 0x36, 0x00, 0x00, 0x00, 0x00, 0x90, 0x79, 0x35, 0x09, 0x00, 0x00, 0x00, 0x00, 0xd0, 0xf8, 0xd0, 0x36, 0x00, 0x00, 0x00, 0x00,
    0x08, 0xc0, 0x35, 0x09, 0x00, 0x00, 0x00, 0x00, 0xc8, 0xf8, 0xd0, 0x36, 0x00, 0x00, 0x00, 0x00, 0x70, 0xc6, 0x94, 0x0c, 0x00, 0x00, 0x00, 0x00,
    0xc0, 0xf8, 0xd0, 0x36, 0x00, 0x00, 0x00, 0x00, 0x00, 0xc1, 0x94, 0x0c, 0x00, 0x00, 0x00, 0x00, 0x00, 0xe8, 0x35, 0x09, 0x00, 0x00, 0x00, 0x00,
    0x50, 0xc1, 0x35, 0x09, 0x00, 0x00, 0x00, 0x00, 0xfc, 0xf8, 0xd0, 0x36, 0x00, 0x00, 0x00, 0x00, 0x28, 0xc5, 0x94, 0x0c, 0x00, 0x00, 0x00, 0x00,
    0xd8, 0xf8, 0xd0, 0x36, 0x00, 0x00, 0x00, 0x00, 0x90, 0xc3, 0x94, 0x0c, 0x00, 0x00, 0x00, 0x00, 0xe0, 0xf8, 0xd0, 0x36, 0x00, 0x00, 0x00, 0x00,
    0x58, 0xc8, 0x35, 0x09, 0x00, 0x00, 0x00, 0x00, 0xf0, 0xf8, 0xd0, 0x36, 0x00, 0x00, 0x00, 0x00, 0x98, 0xc2, 0x35, 0x09, 0x00, 0x00, 0x00, 0x00,
    0xec, 0xf8, 0xd0, 0x36, 0x00, 0x00, 0x00, 0x00, 0xb8, 0xc7, 0x35, 0x09, 0x00, 0x00, 0x00, 0x00, 0xe8, 0xf8, 0xd0, 0x36, 0x00, 0x00, 0x00, 0x00,
    0xe0, 0xc3, 0x35, 0x09, 0x00, 0x00, 0x00, 0x00, 0xe4, 0xf8, 0xd0, 0x36, 0x00, 0x00, 0x00, 0x00, 0x08, 0xc8, 0x35, 0x09, 0x00, 0x00, 0x00, 0x00,
    0xf8, 0xf8, 0xd0, 0x36, 0x00, 0x00, 0x00, 0x00, 0x88, 0xe8, 0x35, 0x09, 0x00, 0x00, 0x00, 0x00, 0x04, 0xf9, 0xd0, 0x36, 0xf9, 0xd0, 0x36, 0x00,
    0x00, 0x00, 0x00, 0x70, 0xc6, 0x35, 0x09, 0x00, 0x00, 0x00, 0x00, 0xe8, 0x7b, 0x0a, 0x37, 0x00, 0x00, 0x00, 0x00, 0xa8, 0xc8, 0x35, 0x09, 0x00,
    0x00, 0x00, 0x00, 0x38, 0x7f, 0x0a, 0x37, 0x10, 0xc0, 0x03, 0x37, 0x00, 0x00, 0x00, 0x00, 0x38, 0x7e, 0x35, 0x09, 0x00, 0x00, 0x00, 0x00, 0x68,
    0x7d, 0x0a, 0x37, 0x00, 0x00, 0x00, 0x00, 0x80, 0x7f, 0x35, 0x09, 0x00, 0x00, 0x00, 0x00, 0x40, 0xc0, 0x03, 0x37, 0x00, 0x00, 0x00, 0x00, 0xf8,
    0x09, 0x96, 0x0c, 0x00, 0x00, 0x00, 0x00, 0xc8, 0x11, 0x85, 0x0b, 0x00, 0x00, 0x00, 0x00, 0x40, 0xd9, 0x35, 0x09, 0x00, 0x00, 0x00, 0x00, 0x10,
    0xe9, 0x35, 0x09, 0x00, 0x00, 0x00, 0x00, 0x70, 0x69, 0x96, 0x0c, 0x98, 0xe9, 0x35, 0x09, 0x20, 0xea, 0x35, 0x09, 0xa8, 0xea, 0x35, 0x09, 0x30,
    0xeb, 0x35, 0x09, 0xb8, 0xeb, 0x35, 0x09, 0x40, 0xec, 0x35, 0x09, 0xc8, 0xec, 0x35, 0x09, 0x50, 0xed, 0x35, 0x09, 0xd8, 0xed, 0x35, 0x09, 0x60,
    0xee, 0x35, 0x09, 0xe8, 0xee, 0x35, 0x09, 0x70, 0xef, 0x35, 0x09, 0x00, 0x00, 0x00, 0x00, 0x00, 0xf8, 0x35, 0x09, 0x00, 0x00, 0x00, 0x00, 0x00,
    0x00, 0x00, 0x03, 0x00, 0x00, 0x09, 0x04, 0x06, 0x00, 0x00, 0x00, 0x00, 0x01, 0x02, 0x08, 0x07, 0x00, 0x05, 0x01, 0x00, 0x00, 0x05, 0x00, 0x00,
    0x00, 0x05, 0x00, 0x00, 0x00, 0x7f, 0xa8, 0x33, 0x2e, 0x37, 0x00, 0x00, 0x00, 0x00, 0x90, 0x25, 0xa9, 0x35, 0x00, 0x00, 0x00, 0x00, 0xe8, 0x33,
    0x2e, 0x37, 0x00, 0x00, 0x00, 0x00, 0x08, 0xf8, 0x35, 0x09, 0x00, 0x00, 0x00, 0x00, 0xdd, 0xac, 0x8d, 0x0b, 0x06, 0x00, 0x00, 0x00, 0x01, 0x00,
    0x00, 0x00, 0x02, 0x00, 0x00, 0x00, 0x00, 0x00, 0x00, 0x00, 0x02, 0x00, 0x00, 0x00, 0x01, 0x50, 0x8b, 0x00, 0x00, 0x20, 0x00, 0x00, 0x00, 0xff,
    0xff, 0xff, 0xff, 0x00, 0x00, 0x00, 0x00, 0xff, 0xff, 0xff, 0xff, 0xff, 0xff, 0xff, 0xff, 0x00, 0x00, 0x00, 0x00, 0xff, 0xff, 0xff, 0xff, 0xff,
    0xff, 0xff, 0xff, 0x01, 0x03, 0x01, 0x00, 0x00, 0x05, 0x00, 0x00, 0x00, 0x05, 0x00, 0x00, 0x00, 0x7f, 0xa8, 0x33, 0x2e, 0x37, 0x00, 0x00, 0x00,
    0x00, 0x90, 0x25, 0xa9, 0x35, 0x00, 0x00, 0x00, 0x00, 0xe8, 0x33, 0x2e, 0x37, 0x00, 0x00, 0x00, 0x00, 0x08, 0xf0, 0x95, 0x0c, 0x00, 0x00, 0x00,
    0x00, 0xd8, 0xf1, 0x35, 0x09, 0x00, 0x00, 0x00, 0x00, 0x00, 0xdc, 0x35, 0x09, 0x00, 0x00, 0x00, 0x00, 0x00, 0x00, 0x00, 0x01, 0x04, 0x03, 0x05,
    0x02, 0x01, 0x7f, 0xa8, 0x33, 0x2e, 0x37, 0x00, 0x00, 0x00, 0x00, 0x90, 0x25, 0xa9, 0x35, 0x00, 0x00, 0x00, 0x00, 0xe8, 0x33, 0x2e, 0x37, 0x00,
    0x00, 0x00, 0x00, 0x08, 0xf8, 0x95, 0x0c, 0x00, 0x00, 0x00, 0x00, 0x20, 0xf3, 0x35, 0x09, 0x00, 0x00, 0x00, 0x00, 0x00, 0xdc, 0x35, 0x09, 0x01,
    0x00, 0x00, 0x03, 0x00, 0x00, 0x00, 0x03, 0x00, 0x00, 0x00, 0x7f, 0x00, 0x00, 0x00, 0x00, 0x00, 0x00, 0x00, 0x3c, 0x08, 0x81, 0xac, 0xa8, 0x33,
    0x2e, 0x37, 0x00, 0x00, 0x00, 0x00, 0x90, 0x25, 0xa9, 0x35, 0x00, 0x00, 0x00, 0x00, 0xe8, 0x33, 0x2e, 0x37, 0x00, 0x00, 0x00, 0x00, 0x08, 0x00,
    0x96, 0x0c, 0x00, 0x00, 0x00, 0x00, 0x68, 0xf4, 0x35, 0x09, 0x00, 0x00, 0x00, 0x00, 0x00, 0xdc, 0x35, 0x09, 0x02, 0x03, 0x01, 0x90, 0xd9, 0x35,
    0x09, 0x20, 0x00, 0x00, 0x00, 0x0c, 0x00, 0x00, 0x00, 0x0c, 0x00, 0x00, 0x00, 0x0f, 0x00, 0x00, 0x00, 0x0b, 0x00, 0x00, 0x00, 0x00, 0x00, 0x00,
    0x00, 0xa8, 0x33, 0x2e, 0x37, 0x00, 0x00, 0x00, 0x00, 0x90, 0x25, 0xa9, 0x35, 0x00, 0x00, 0x00, 0x00, 0xe8, 0x33, 0x2e, 0x37, 0x00, 0x00, 0x00,
    0x00, 0xc8, 0xf5, 0x35, 0x09, 0x00, 0x00, 0x00, 0x00, 0xb8, 0xf6, 0x35, 0x09, 0x00, 0x00, 0x00, 0x00, 0x00, 0xdc, 0x35, 0x09, 0x00, 0x00, 0x00,
    0x00, 0x78, 0xf3, 0x94, 0x0c, 0x00, 0x00, 0x00, 0x00, 0x80, 0xda, 0x35, 0x09, 0x00, 0x00, 0x00, 0x00, 0x58, 0xf8, 0x94, 0x0c, 0x00, 0x00, 0x00,
    0x00, 0x08, 0x10, 0x96, 0x0c, 0x00, 0x00, 0x00, 0x00, 0x70, 0xf9, 0x94, 0x0c, 0x00, 0x00, 0x00, 0x00, 0x00, 0x11, 0x96, 0x0c, 0x00, 0x00, 0x00,
    0x00, 0xb0, 0x52, 0x95, 0x0c, 0x00, 0x00, 0x00, 0x00, 0xf8, 0x11, 0x96, 0x0c, 0x00, 0x00, 0x00, 0x00, 0x18, 0xfa, 0x94, 0x0c, 0x00, 0x00, 0x00,
    0x00, 0xf0, 0x12, 0x96, 0x0c, 0x00, 0x00, 0x00, 0x00, 0xc0, 0xfa, 0x94, 0x0c, 0x00, 0x00, 0x00, 0x00, 0xe8, 0x13, 0x96, 0x0c, 0x00, 0x00, 0x00,
    0x00, 0x68, 0xfb, 0x94, 0x0c, 0x00, 0x00, 0x00, 0x00, 0xe0, 0x14, 0x96, 0x0c, 0x00, 0x00, 0x00, 0x00, 0x10, 0xfc, 0x94, 0x0c, 0x00, 0x00, 0x00,
    0x00, 0xd8, 0x15, 0x96, 0x0c, 0x00, 0x00, 0x00, 0x00, 0x48, 0xfd, 0x94, 0x0c, 0x00, 0x00, 0x00, 0x00, 0xd0, 0x16, 0x96, 0x0c, 0x00, 0x00, 0x00,
    0x00, 0xc8, 0xfd, 0x94, 0x0c, 0x00, 0x00, 0x00, 0x00, 0x08, 0x20, 0x96, 0x0c, 0x00, 0x00, 0x00, 0x00, 0xb8, 0xfe, 0x94, 0x0c, 0x00, 0x00, 0x00,
    0x00, 0x00, 0x21, 0x96, 0x0c, 0x00, 0x00, 0x00, 0x00, 0xa0, 0xff, 0x94, 0x0c, 0x00, 0x00, 0x00, 0x00, 0xf8, 0x21, 0x96, 0x0c, 0x08, 0x00, 0x00,
    0x00, 0x00, 0x04, 0x00, 0x07, 0x09, 0x0a, 0x00, 0x00, 0x00, 0x00, 0x00, 0x06, 0x0c, 0x00, 0x00, 0x00, 0x00, 0x00, 0x00, 0x01, 0x02, 0x05, 0x0b,
    0x00, 0x00, 0x00, 0x00, 0x03, 0xe0, 0x69, 0x96, 0x0c, 0x20, 0x00, 0x00, 0x00, 0x02, 0x00, 0x00, 0x00, 0x02, 0x00, 0x00, 0x00, 0x0f, 0xa8, 0x33,
    0x2e, 0x37, 0x00, 0x00, 0x00, 0x00, 0x90, 0x25, 0xa9, 0x35, 0x00, 0x00, 0x00, 0x00, 0xe8, 0x33, 0x2e, 0x37, 0x00, 0x00, 0x00, 0x00, 0x08, 0x70,
    0x96, 0x0c, 0x00, 0x00, 0x00, 0x00, 0xf8, 0x70, 0x96, 0x0c, 0x00, 0x00, 0x00, 0x00, 0x00, 0xdc, 0x35, 0x09, 0x00, 0x00, 0x00, 0x00, 0x5d, 0x35,
    0x00, 0x00, 0x0f, 0x00, 0x00, 0x00, 0x60, 0xf7, 0x35, 0x09, 0x00, 0x00, 0x00, 0x00, 0x61, 0xf7, 0x35, 0x09, 0x00, 0x00, 0x00, 0x00, 0x80, 0xf7,
    0x35, 0x09, 0xf7, 0x35, 0x09, 0x38, 0xf7, 0x35, 0x09, 0x00, 0x00, 0x00, 0x00, 0xa0, 0xf7, 0x35, 0x09, 0x00, 0x00, 0x00, 0x00, 0xa1, 0xf7, 0x35,
    0x09, 0x00, 0x00, 0x00, 0x00, 0xc0, 0xf7, 0x35, 0x09, 0x00, 0x00, 0x00, 0x00, 0x08, 0xf8, 0x35, 0x09, 0x00, 0x00, 0x00, 0x00, 0x40, 0xf7, 0x35,
    0x09, 0xe0, 0xf7, 0x35, 0x09, 0x00, 0x00, 0x00, 0x00, 0xe1, 0xf7, 0x35, 0x09, 0x00, 0x00, 0x00, 0x00, 0x00, 0xf8, 0x35, 0x09, 0x00, 0x00, 0x00,
    0x00, 0x10, 0xc0, 0x03, 0x37, 0x00, 0x00, 0x00, 0x00, 0x80, 0xf7, 0x35, 0x09, 0x00, 0x00, 0x00, 0x00, 0x11, 0x01, 0xbc, 0xf8, 0xd0, 0x36, 0x78,
    0x37, 0x96, 0x0c, 0x00, 0x00, 0x00, 0x00, 0x48, 0x54, 0x96, 0x0c, 0x00, 0x00, 0x00, 0x00, 0x08, 0x30, 0x96, 0x0c, 0x00, 0x00, 0x00, 0x00, 0xa8,
    0x12, 0x9b, 0x0c, 0x00, 0x00, 0x00, 0x00, 0xe8, 0x33, 0x96, 0x0c, 0x00, 0x00, 0x00, 0x00, 0xc0, 0x2b, 0x9b, 0x0c, 0x00, 0x00, 0x00, 0x00, 0x00,
    0x35, 0x96, 0x0c, 0x00, 0x00, 0x00, 0x00, 0x50, 0x2f, 0x9b, 0x0c, 0x00, 0x00, 0x00, 0x00, 0x20, 0x31, 0x96, 0x0c, 0x00, 0x00, 0x00, 0x00, 0xe8,
    0x34, 0x9b, 0x0c, 0x58, 0xfa, 0x35, 0x09, 0xd0, 0x00, 0x34, 0x09, 0x01, 0xe0, 0x58, 0x0a, 0xef, 0x01, 0xb0, 0x00, 0x34, 0x09, 0x00, 0x00, 0x00,
    0x00, 0xb8, 0x00, 0x34, 0x09, 0x00, 0x00, 0x00, 0x00, 0xc8, 0x00, 0x34, 0x09, 0x00, 0x00, 0x00, 0x00, 0x1e, 0x17, 0x00, 0x00, 0x00, 0x00, 0x00,
    0x00, 0xff, 0xff, 0xff, 0xff, 0xff, 0xff, 0xff, 0xff, 0xff, 0xff, 0xff, 0xff, 0xff, 0xff, 0xff, 0xff, 0x17, 0x17, 0x00, 0x00, 0x00, 0x00, 0x00,
    0x00, 0xa0, 0x01, 0x34, 0x09, 0x01, 0xe0, 0x58, 0x0a, 0xef, 0x01, 0x80, 0x01, 0x34, 0x09, 0x00, 0x00, 0x00, 0x00, 0x88, 0x01, 0x34, 0x09, 0x00,
    0x00, 0x00, 0x00, 0x98, 0x01, 0x34, 0x09, 0x00, 0x00, 0x00, 0x00, 0x17, 0x17, 0x00, 0x00, 0x00, 0x00, 0x00, 0x00, 0xff, 0xff, 0xff, 0xff, 0xff,
    0xff, 0xff, 0xff, 0xff, 0xff, 0xff, 0xff, 0xff, 0xff, 0xff, 0xff, 0x16, 0x17, 0x00, 0x00, 0x00, 0x00, 0x00, 0x00, 0x70, 0x02, 0x34, 0x09, 0x01,
    0xe0, 0x58, 0x0a, 0xef, 0x01, 0x50, 0x02, 0x34, 0x09, 0x00, 0x00, 0x00, 0x00, 0x58, 0x02, 0x34, 0x09, 0x00, 0x00, 0x00, 0x00, 0x68, 0x02, 0x34,
    0x09, 0x00, 0x00, 0x00, 0x00, 0x16, 0x17, 0x00, 0x00, 0x00, 0x00, 0x00, 0x00, 0xff, 0xff, 0xff, 0xff, 0xff, 0xff, 0xff, 0xff, 0xff, 0xff, 0xff,
    0xff, 0xff, 0xff, 0xff, 0xff, 0x15, 0x17, 0x00, 0x00, 0x00, 0x00, 0x00, 0x00, 0x40, 0x03, 0x34, 0x09, 0x01, 0xe0, 0x58, 0x0a, 0xef, 0x01, 0x20,
    0x03, 0x34, 0x09, 0x00, 0x00, 0x00, 0x00, 0x28, 0x03, 0x34, 0x09, 0x00, 0x00, 0x00, 0x00, 0x38, 0x03, 0x34, 0x09, 0x00, 0x00, 0x00, 0x00, 0x15,
    0x17, 0x00, 0x00, 0x00, 0x00, 0x00, 0x00, 0xff, 0xff, 0xff, 0xff, 0xff, 0xff, 0xff, 0xff, 0xff, 0xff, 0xff, 0xff, 0xff, 0xff, 0xff, 0xff, 0x14,
    0x17, 0x00, 0x00, 0x00, 0x00, 0x00, 0x00, 0x10, 0x04, 0x34, 0x09, 0x01, 0xe0, 0x58, 0x0a, 0xef, 0x01, 0xf0, 0x03, 0x34, 0x09, 0x00, 0x00, 0x00,
    0x00, 0xf8, 0x03, 0x34, 0x09, 0x00, 0x00, 0x00, 0x00, 0x08, 0x04, 0x34, 0x09, 0x00, 0x00, 0x00, 0x00, 0x12, 0x17, 0x00, 0x00, 0x00, 0x00, 0x00,
    0x00, 0xff, 0xff, 0xff, 0xff, 0xff, 0xff, 0xff, 0xff, 0xff, 0xff, 0xff, 0xff, 0xff, 0xff, 0xff, 0xff, 0x11, 0x17, 0x00, 0x00, 0x00, 0x00, 0x00,
    0x00, 0xe0, 0x04, 0x34, 0x09, 0x01, 0xe0, 0x58, 0x0a, 0xef, 0x01, 0xc0, 0x04, 0x34, 0x09, 0x00, 0x00, 0x00, 0x00, 0xc8, 0x04, 0x34, 0x09, 0x00,
    0x00, 0x00, 0x00, 0xd8, 0x04, 0x34, 0x09, 0x00, 0x00, 0x00, 0x00, 0x11, 0x17, 0x00, 0x00, 0x00, 0x00, 0x00, 0x00, 0xff, 0xff, 0xff, 0xff, 0xff,
    0xff, 0xff, 0xff, 0xff, 0xff, 0xff, 0xff, 0xff, 0xff, 0xff, 0xff, 0x0a, 0x17, 0x00, 0x00, 0x00, 0x00, 0x00, 0x00, 0xb0, 0x05, 0x34, 0x09, 0x01,
    0xe0, 0x58, 0x0a, 0xef, 0x01, 0x90, 0x05, 0x34, 0x09, 0x00, 0x00, 0x00, 0x00, 0x98, 0x05, 0x34, 0x09, 0x00, 0x00, 0x00, 0x00, 0xa8, 0x05, 0x34,
    0x09, 0x00, 0x00, 0x00, 0x00, 0x0a, 0x17, 0x00, 0x00, 0x00, 0x00, 0x00, 0x00, 0xff, 0xff, 0xff, 0xff, 0xff, 0xff, 0xff, 0xff, 0xff, 0xff, 0xff,
    0xff, 0xff, 0xff, 0xff, 0xff, 0x09, 0x17, 0x00, 0x00, 0x00, 0x00, 0x00, 0x00, 0x80, 0x06, 0x34, 0x09, 0x01, 0xe0, 0x58, 0x0a, 0xef, 0x01, 0x60,
    0x06, 0x34, 0x09, 0x00, 0x00, 0x00, 0x00, 0x68, 0x06, 0x34, 0x09, 0x00, 0x00, 0x00, 0x00, 0x78, 0x06, 0x34, 0x09, 0x00, 0x00, 0x00, 0x00, 0x09,
    0x17, 0x00, 0x00, 0x00, 0x00, 0x00, 0x00, 0xff, 0xff, 0xff, 0xff, 0xff, 0xff, 0xff, 0xff, 0xff, 0xff, 0xff, 0xff, 0xff, 0xff, 0xff, 0xff, 0x08,
    0x17, 0x00, 0x00, 0x00, 0x00, 0x00, 0x00, 0x50, 0x07, 0x34, 0x09, 0x01, 0xe0, 0x58, 0x0a, 0xef, 0x01, 0x30, 0x07, 0x34, 0x09, 0x00, 0x00, 0x00,
    0x00, 0x38, 0x07, 0x34, 0x09, 0x00, 0x00, 0x00, 0x00, 0x48, 0x07, 0x34, 0x09, 0x00, 0x00, 0x00, 0x00, 0x08, 0x17, 0x00, 0x00, 0x00, 0x00, 0x00,
    0x00, 0xff, 0xff, 0xff, 0xff, 0xff, 0xff, 0xff, 0xff, 0xff, 0xff, 0xff, 0xff, 0xff, 0xff, 0xff, 0xff, 0x07, 0x17, 0x00, 0x00, 0x00, 0x00, 0x00,
    0x00, 0xf0, 0x08, 0x34, 0x09, 0x01, 0xe0, 0x58, 0x0a, 0xef, 0x01, 0x08, 0x34, 0x09, 0x00, 0x00, 0x00, 0x00, 0x08, 0x08, 0x34, 0x09, 0x00, 0x00,
    0x00, 0x00, 0x18, 0x08, 0x34, 0x09, 0x00, 0x00, 0x00, 0x00, 0x05, 0x17, 0x00, 0x00, 0x00, 0x00, 0x00, 0x00, 0xff, 0xff, 0xff, 0xff, 0xff, 0xff,
    0xff, 0xff, 0xff, 0xff, 0xff, 0xff, 0xff, 0xff, 0xff, 0xff, 0x04, 0x17, 0x00, 0x00, 0x00, 0x00, 0x00, 0x00, 0xb0, 0x1f, 0x34, 0x09, 0x01, 0xe0,
    0x58, 0x0a, 0xef, 0x01, 0xd0, 0x08, 0x34, 0x09, 0x00, 0x00, 0x00, 0x00, 0xd8, 0x08, 0x34, 0x09, 0x00, 0x00, 0x00, 0x00, 0xe8, 0x08, 0x34, 0x09,
    0x00, 0x00, 0x00, 0x00, 0xe6, 0x19, 0x00, 0x00, 0x00, 0x00, 0x00, 0x00, 0xff, 0xff, 0xff, 0xff, 0xff, 0xff, 0xff, 0xff, 0xff, 0xff, 0xff, 0xff,
    0xff, 0xff, 0xff, 0xff, 0xe5, 0x19, 0x00, 0x00, 0x00, 0x00, 0x00, 0x00, 0xc0, 0x09, 0x34, 0x09, 0x01, 0xe0, 0x58, 0x0a, 0xef, 0x01, 0xa0, 0x09,
    0x34, 0x09, 0x00, 0x00, 0x00, 0x00, 0xa8, 0x09, 0x34, 0x09, 0x00, 0x00, 0x00, 0x00, 0xb8, 0x09, 0x34, 0x09, 0x00, 0x00, 0x00, 0x00, 0x04, 0x17,
    0x00, 0x00, 0x00, 0x00, 0x00, 0x00, 0xff, 0xff, 0xff, 0xff, 0xff, 0xff, 0xff, 0xff, 0xff, 0xff, 0xff, 0xff, 0xff, 0xff, 0xff, 0xff, 0xfd, 0x16,
    0x00, 0x00, 0x00, 0x00, 0x00, 0x00, 0x90, 0x0a, 0x34, 0x09, 0x01, 0xe0, 0x58, 0x0a, 0xef, 0x01, 0x70, 0x0a, 0x34, 0x09, 0x00, 0x00, 0x00, 0x00,
    0x78, 0x0a, 0x34, 0x09, 0x00, 0x00, 0x00, 0x00, 0x88, 0x0a, 0x34, 0x09, 0x00, 0x00, 0x00, 0x00, 0xfd, 0x16, 0x00, 0x00, 0x00, 0x00, 0x00, 0x00,
    0xff, 0xff, 0xff, 0xff, 0xff, 0xff, 0xff, 0xff, 0xff, 0xff, 0xff, 0xff, 0xff, 0xff, 0xff, 0xff, 0xfc, 0x16, 0x00, 0x00, 0x00, 0x00, 0x00, 0x00,
    0x30, 0x0c, 0x34, 0x09, 0x01, 0xe0, 0x58, 0x0a, 0xef, 0x01, 0x40, 0x0b, 0x34, 0x09, 0x00, 0x00, 0x00, 0x00, 0x48, 0x0b, 0x34, 0x09, 0x00, 0x00,
    0x00, 0x00, 0x58, 0x0b, 0x34, 0x09, 0x00, 0x00, 0x00, 0x00, 0xfc, 0x16, 0x00, 0x00, 0x00, 0x00, 0x00, 0x00, 0xff, 0xff, 0xff, 0xff, 0xff, 0xff,
    0xff, 0xff, 0xff, 0xff, 0xff, 0xff, 0xff, 0xff, 0xff, 0xff, 0xfb, 0x16, 0x34, 0x09, 0x01, 0xe0, 0x58, 0x0a, 0xef, 0x01, 0x10, 0x0c, 0x34, 0x09,
    0x00, 0x00, 0x00, 0x00, 0x18, 0x0c, 0x34, 0x09, 0x00, 0x00, 0x00, 0x00, 0x28, 0x0c, 0x34, 0x09, 0x00, 0x00, 0x00, 0x00, 0x53, 0x17, 0x00, 0x00,
    0x00, 0x00, 0x00, 0x00, 0xff, 0xff, 0xff, 0xff, 0xff, 0xff, 0xff, 0xff, 0xff, 0xff, 0xff, 0xff, 0xff, 0xff, 0xff, 0xff, 0x52, 0x17, 0x00, 0x00,
    0x00, 0x00, 0x00, 0x00, 0x00, 0x0d, 0x34, 0x09, 0x01, 0xe0, 0x58, 0x0a, 0xef, 0x01, 0xe0, 0x0c, 0x34, 0x09, 0x00, 0x00, 0x00, 0x00, 0xe8, 0x0c,
    0x34, 0x09, 0x00, 0x00, 0x00, 0x00, 0xf8, 0x0c, 0x34, 0x09, 0x00, 0x00, 0x00, 0x00, 0xfb, 0x16, 0x00, 0x00, 0x00, 0x00, 0x00, 0x00, 0xff, 0xff,
    0xff, 0xff, 0xff, 0xff, 0xff, 0xff, 0xff, 0xff, 0xff, 0xff, 0xff, 0xff, 0xff, 0xff, 0xfa, 0x16, 0x00, 0x00, 0x00, 0x00, 0x00, 0x00, 0xd0, 0x0d,
    0x34, 0x09, 0x01, 0xe0, 0x58, 0x0a, 0xef, 0x01, 0xb0, 0x0d, 0x34, 0x09, 0x00, 0x00, 0x00, 0x00, 0xb8, 0x0d, 0x34, 0x09, 0x00, 0x00, 0x00, 0x00,
    0xc8, 0x0d, 0x34, 0x09, 0x00, 0x00, 0x00, 0x00, 0xf8, 0x16, 0x00, 0x00, 0x00, 0x00, 0x00, 0x00, 0xff, 0xff, 0xff, 0xff, 0xff, 0xff, 0xff, 0xff,
    0xff, 0xff, 0xff, 0xff, 0xff, 0xff, 0xff, 0xff, 0xf7, 0x16, 0x00, 0x00, 0x00, 0x00, 0x00, 0x00, 0xa0, 0x0e, 0x34, 0x09, 0x01, 0xe0, 0x58, 0x0a,
    0xef, 0x01, 0x80, 0x0e, 0x34, 0x09, 0x00, 0x00, 0x00, 0x00, 0x88, 0x0e, 0x34, 0x09, 0x00, 0x00, 0x00, 0x00, 0x98, 0x0e, 0x34, 0x09, 0x00, 0x00,
    0x00, 0x00, 0xf7, 0x16, 0x00, 0x00, 0x00, 0x00, 0x00, 0x00, 0xff, 0xff, 0xff, 0xff, 0xff, 0xff, 0xff, 0xff, 0xff, 0xff, 0xff, 0xff, 0xff, 0xff,
    0xff, 0xff, 0xf0, 0x16, 0x00, 0x00, 0x00, 0x00, 0x00, 0x00, 0x70, 0x0f, 0x34, 0x09, 0x01, 0xe0, 0x58, 0x0a, 0xef, 0x01, 0x50, 0x0f, 0x34, 0x09,
    0x00, 0x00, 0x00, 0x00, 0x58, 0x0f, 0x34, 0x09, 0x00, 0x00, 0x00, 0x00, 0x68, 0x0f, 0x34, 0x09, 0x00, 0x00, 0x00, 0x00, 0xf0, 0x16, 0x00, 0x00,
    0x00, 0x00, 0x00, 0x00, 0xff, 0xff, 0xff, 0xff, 0xff, 0xff, 0xff, 0xff, 0xff, 0xff, 0xff, 0xff, 0xff, 0xff, 0xff, 0xff, 0xef, 0x16, 0x00, 0x00,
    0x00, 0x00, 0x00, 0x00, 0x40, 0x10, 0x34, 0x09, 0x01, 0xe0, 0x58, 0x0a, 0xef, 0x01, 0x20, 0x10, 0x34, 0x09, 0x00, 0x00, 0x00, 0x00, 0x28, 0x10,
    0x34, 0x09, 0x00, 0x00, 0x00, 0x00, 0x38, 0x10, 0x34, 0x09, 0x00, 0x00, 0x00, 0x00, 0xef, 0x16, 0x00, 0x00, 0x00, 0x00, 0x00, 0x00, 0xff, 0xff,
    0xff, 0xff, 0xff, 0xff, 0xff, 0xff, 0xff, 0xff, 0xff, 0xff, 0xff, 0xff, 0xff, 0xff, 0xee, 0x16, 0x00, 0x00, 0x00, 0x00, 0x00, 0x00, 0x10, 0x11,
    0x34, 0x09, 0x01, 0xe0, 0x58, 0x0a, 0xef, 0x01, 0xf0, 0x10, 0x34, 0x09, 0x00, 0x00, 0x00, 0x00, 0xf8, 0x10, 0x34, 0x09, 0x00, 0x00, 0x00, 0x00,
    0x08, 0x11, 0x34, 0x09, 0x00, 0x00, 0x00, 0x00, 0xee, 0x16, 0x00, 0x00, 0x00, 0x00, 0x00, 0x00, 0xff, 0xff, 0xff, 0xff, 0xff, 0xff, 0xff, 0xff,
    0xff, 0xff, 0xff, 0xff, 0xff, 0xff, 0xff, 0xff, 0xed, 0x16, 0x00, 0x00, 0x00, 0x00, 0x00, 0x00, 0xe0, 0x11, 0x34, 0x09, 0x01, 0xe0, 0x58, 0x0a,
    0xef, 0x01, 0xc0, 0x11, 0x34, 0x09, 0x00, 0x00, 0x00, 0x00, 0xc8, 0x11, 0x34, 0x09, 0x00, 0x00, 0x00, 0x00, 0xd8, 0x11, 0x34, 0x09, 0x00, 0x00,
    0x00, 0x00, 0xeb, 0x16, 0x00, 0x00, 0x00, 0x00, 0x00, 0x00, 0xff, 0xff, 0xff, 0xff, 0xff, 0xff, 0xff, 0xff, 0xff, 0xff, 0xff, 0xff, 0xff, 0xff,
    0xff, 0xff, 0xea, 0x16, 0x00, 0x00, 0x00, 0x00, 0x00, 0x00, 0xb0, 0x12, 0x34, 0x09, 0x01, 0xe0, 0x58, 0x0a, 0xef, 0x01, 0x90, 0x12, 0x34, 0x09,
    0x00, 0x00, 0x00, 0x00, 0x98, 0x12, 0x34, 0x09, 0x00, 0x00, 0x00, 0x00, 0xa8, 0x12, 0x34, 0x09, 0x00, 0x00, 0x00, 0x00, 0xea, 0x16, 0x00, 0x00,
    0x00, 0x00, 0x00, 0x00, 0xff, 0xff, 0xff, 0xff, 0xff, 0xff, 0xff, 0xff, 0xff, 0xff, 0xff, 0xff, 0xff, 0xff, 0xff, 0xff, 0xe3, 0x16, 0x00, 0x00,
    0x00, 0x00, 0x00, 0x00, 0x80, 0x13, 0x34, 0x09, 0x01, 0xe0, 0x58, 0x0a, 0xef, 0x01, 0x60, 0x13, 0x34, 0x09, 0x00, 0x00, 0x00, 0x00, 0x68, 0x13,
    0x34, 0x09, 0x00, 0x00, 0x00, 0x00, 0x78, 0x13, 0x34, 0x09, 0x00, 0x00, 0x00, 0x00, 0xe3, 0x16, 0x00, 0x00, 0x00, 0x00, 0x00, 0x00, 0xff, 0xff,
    0xff, 0xff, 0xff, 0xff, 0xff, 0xff, 0xff, 0xff, 0xff, 0xff, 0xff, 0xff, 0xff, 0xff, 0xe2, 0x16, 0x00, 0x00, 0x00, 0x00, 0x00, 0x00, 0x50, 0x14,
    0x34, 0x09, 0x01, 0xe0, 0x58, 0x0a, 0xef, 0x01, 0x30, 0x14, 0x34, 0x09, 0x00, 0x00, 0x00, 0x00, 0x38, 0x14, 0x34, 0x09, 0x00, 0x00, 0x00, 0x00,
    0x48, 0x14, 0x34, 0x09, 0x00, 0x00, 0x00, 0x00, 0xe2, 0x16, 0x00, 0x00, 0x00, 0x00, 0x00, 0x00, 0xff, 0xff, 0xff, 0xff, 0xff, 0xff, 0xff, 0xff,
    0xff, 0xff, 0xff, 0xff, 0xff, 0xff, 0xff, 0xff, 0xe1, 0x16, 0x00, 0x00, 0x00, 0x00, 0x00, 0x00, 0x20, 0x15, 0x34, 0x09, 0x01, 0xe0, 0x58, 0x0a,
    0xef, 0x01, 0x15, 0x34, 0x09, 0x00, 0x00, 0x00, 0x00, 0x08, 0x15, 0x34, 0x09, 0x00, 0x00, 0x00, 0x00, 0x18, 0x15, 0x34, 0x09, 0x00, 0x00, 0x00,
    0x00, 0xe1, 0x16, 0x00, 0x00, 0x00, 0x00, 0x00, 0x00, 0xff, 0xff, 0xff, 0xff, 0xff, 0xff, 0xff, 0xff, 0xff, 0xff, 0xff, 0xff, 0xff, 0xff, 0xff,
    0xff, 0xe0, 0x16, 0x00, 0x00, 0x00, 0x00, 0x00, 0x00, 0xf0, 0x15, 0x34, 0x09, 0x01, 0xe0, 0x58, 0x0a, 0xef, 0x01, 0xd0, 0x15, 0x34, 0x09, 0x00,
    0x00, 0x00, 0x00, 0xd8, 0x15, 0x34, 0x09, 0x00, 0x00, 0x00, 0x00, 0xe8, 0x15, 0x34, 0x09, 0x00, 0x00, 0x00, 0x00, 0xde, 0x16, 0x00, 0x00, 0x00,
    0x00, 0x00, 0x00, 0xff, 0xff, 0xff, 0xff, 0xff, 0xff, 0xff, 0xff, 0xff, 0xff, 0xff, 0xff, 0xff, 0xff, 0xff, 0xff, 0xdd, 0x16, 0x00, 0x00, 0x00,
    0x00, 0x00, 0x00, 0xc0, 0x16, 0x34, 0x09, 0x01, 0xe0, 0x58, 0x0a, 0xef, 0x01, 0xa0, 0x16, 0x34, 0x09, 0x00, 0x00, 0x00, 0x00, 0xa8, 0x16, 0x34,
    0x09, 0x00, 0x00, 0x00, 0x00, 0xb8, 0x16, 0x34, 0x09, 0x00, 0x00, 0x00, 0x00, 0xdd, 0x16, 0x00, 0x00, 0x00, 0x00, 0x00, 0x00, 0xff, 0xff, 0xff,
    0xff, 0xff, 0xff, 0xff, 0xff, 0xff, 0xff, 0xff, 0xff, 0xff, 0xff, 0xff, 0xff, 0xd6, 0x16, 0x00, 0x00, 0x00, 0x00, 0x00, 0x00, 0x90, 0x17, 0x34,
    0x09, 0x01, 0xe0, 0x58, 0x0a, 0xef, 0x01, 0x70, 0x17, 0x34, 0x09, 0x00, 0x00, 0x00, 0x00, 0x78, 0x17, 0x34, 0x09, 0x00, 0x00, 0x00, 0x00, 0x88,
    0x17, 0x34, 0x09, 0x00, 0x00, 0x00, 0x00, 0xd6, 0x16, 0x00, 0x00, 0x00, 0x00, 0x00, 0x00, 0xff, 0xff, 0xff, 0xff, 0xff, 0xff, 0xff, 0xff, 0xff,
    0xff, 0xff, 0xff, 0xff, 0xff, 0xff, 0xff, 0xd5, 0x16, 0x00, 0x00, 0x00, 0x00, 0x00, 0x00, 0x60, 0x18, 0x34, 0x09, 0x01, 0xe0, 0x58, 0x0a, 0xef,
    0x01, 0x40, 0x18, 0x34, 0x09, 0x00, 0x00, 0x00, 0x00, 0x48, 0x18, 0x34, 0x09, 0x00, 0x00, 0x00, 0x00, 0x58, 0x18, 0x34, 0x09, 0x00, 0x00, 0x00,
    0x00, 0xd5, 0x16, 0x00, 0x00, 0x00, 0x00, 0x00, 0x00, 0xff, 0xff, 0xff, 0xff, 0xff, 0xff, 0xff, 0xff, 0xff, 0xff, 0xff, 0xff, 0xff, 0xff, 0xff,
    0xff, 0xd4, 0x16, 0x00, 0x00, 0x00, 0x00, 0x00, 0x00, 0x30, 0x19, 0x34, 0x09, 0x01, 0xe0, 0x58, 0x0a, 0xef, 0x01, 0x10, 0x19, 0x34, 0x09, 0x00,
    0x00, 0x00, 0x00, 0x18, 0x19, 0x34, 0x09, 0x00, 0x00, 0x00, 0x00, 0x28, 0x19, 0x34, 0x09, 0x00, 0x00, 0x00, 0x00, 0xd4, 0x16, 0x00, 0x00, 0x00,
    0x00, 0x00, 0x00, 0xff, 0xff, 0xff, 0xff, 0xff, 0xff, 0xff, 0xff, 0xff, 0xff, 0xff, 0xff, 0xff, 0xff, 0xff, 0xff, 0xd3, 0x16, 0x00, 0x00, 0x00,
    0x00, 0x00, 0x00, 0x00, 0x1a, 0x34, 0x09, 0x01, 0xe0, 0x58, 0x0a, 0xef, 0x01, 0xe0, 0x19, 0x34, 0x09, 0x00, 0x00, 0x00, 0x00, 0xe8, 0x19, 0x34,
    0x09, 0x00, 0x00, 0x00, 0x00, 0xf8, 0x19, 0x34, 0x09, 0x00, 0x00, 0x00, 0x00, 0xd1, 0x16, 0x00, 0x00, 0x00, 0x00, 0x00, 0x00, 0xff, 0xff, 0xff,
    0xff, 0xff, 0xff, 0xff, 0xff, 0xff, 0xff, 0xff, 0xff, 0xff, 0xff, 0xff, 0xff, 0xd0, 0x16, 0x00, 0x00, 0x00, 0x00, 0x00, 0x00, 0xd0, 0x1a, 0x34,
    0x09, 0x01, 0xe0, 0x58, 0x0a, 0xef, 0x01, 0xb0, 0x1a, 0x34, 0x09, 0x00, 0x00, 0x00, 0x00, 0xb8, 0x1a, 0x34, 0x09, 0x00, 0x00, 0x00, 0x00, 0xc8,
    0x1a, 0x34, 0x09, 0x00, 0x00, 0x00, 0x00, 0xd0, 0x16, 0x00, 0x00, 0x00, 0x00, 0x00, 0x00, 0xff, 0xff, 0xff, 0xff, 0xff, 0xff, 0xff, 0xff, 0xff,
    0xff, 0xff, 0xff, 0xff, 0xff, 0xff, 0xff, 0xc9, 0x16, 0x00, 0x00, 0x00, 0x00, 0x00, 0x00, 0xa0, 0x1b, 0x34, 0x09, 0x01, 0xe0, 0x58, 0x0a, 0xef,
    0x01, 0x80, 0x1b, 0x34, 0x09, 0x00, 0x00, 0x00, 0x00, 0x88, 0x1b, 0x34, 0x09, 0x00, 0x00, 0x00, 0x00, 0x98, 0x1b, 0x34, 0x09, 0x00, 0x00, 0x00,
    0x00, 0xc9, 0x16, 0x00, 0x00, 0x00, 0x00, 0x00, 0x00, 0xff, 0xff, 0xff, 0xff, 0xff, 0xff, 0xff, 0xff, 0xff, 0xff, 0xff, 0xff, 0xff, 0xff, 0xff,
    0xff, 0xc8, 0x16, 0x00, 0x00, 0x00, 0x00, 0x00, 0x00, 0x70, 0x1c, 0x34, 0x09, 0x01, 0xe0, 0x58, 0x0a, 0xef, 0x01, 0x50, 0x1c, 0x34, 0x09, 0x00,
    0x00, 0x00, 0x00, 0x58, 0x1c, 0x34, 0x09, 0x00, 0x00, 0x00, 0x00, 0x68, 0x1c, 0x34, 0x09, 0x00, 0x00, 0x00, 0x00, 0xc8, 0x16, 0x00, 0x00, 0x00,
    0x00, 0x00, 0x00, 0xff, 0xff, 0xff, 0xff, 0xff, 0xff, 0xff, 0xff, 0xff, 0xff, 0xff, 0xff, 0xff, 0xff, 0xff, 0xff, 0xc7, 0x16, 0x00, 0x00, 0x00,
    0x00, 0x00, 0x00, 0x40, 0x1d, 0x34, 0x09, 0x01, 0xe0, 0x58, 0x0a, 0xef, 0x01, 0x20, 0x1d, 0x34, 0x09, 0x00, 0x00, 0x00, 0x00, 0x28, 0x1d, 0x34,
    0x09, 0x00, 0x00, 0x00, 0x00, 0x38, 0x1d, 0x34, 0x09, 0x00, 0x00, 0x00, 0x00, 0xc7, 0x16, 0x00, 0x00, 0x00, 0x00, 0x00, 0x00, 0xff, 0xff, 0xff,
    0xff, 0xff, 0xff, 0xff, 0xff, 0xff, 0xff, 0xff, 0xff, 0xff, 0xff, 0xff, 0xff, 0xc6, 0x16, 0x00, 0x00, 0x00, 0x00, 0x00, 0x00, 0xe0, 0x1e, 0x34,
    0x09, 0x01, 0xe0, 0x58, 0x0a, 0xef, 0x01, 0xf0, 0x1d, 0x34, 0x09, 0x00, 0x00, 0x00, 0x00, 0xf8, 0x1d, 0x34, 0x09, 0x00, 0x00, 0x00, 0x00, 0x08,
    0x1e, 0x34, 0x09, 0x00, 0x00, 0x00, 0x00, 0xc4, 0x16, 0x00, 0x00, 0x00, 0x00, 0x00, 0x00, 0xff, 0xff, 0xff, 0xff, 0xff, 0xff, 0xff, 0xff, 0xff,
    0xff, 0xff, 0xff, 0xff, 0xff, 0xff, 0xff, 0xc3, 0x16, 0x00, 0x00, 0x00, 0x00, 0x00, 0x00, 0x20, 0x08, 0x34, 0x09, 0x01, 0xe0, 0x58, 0x0a, 0xef,
    0x01, 0xc0, 0x1e, 0x34, 0x09, 0x00, 0x00, 0x00, 0x00, 0xc8, 0x1e, 0x34, 0x09, 0x00, 0x00, 0x00, 0x00, 0xd8, 0x1e, 0x34, 0x09, 0x00, 0x00, 0x00,
    0x00, 0xed, 0x19, 0x00, 0x00, 0x00, 0x00, 0x00, 0x00, 0xff, 0xff, 0xff, 0xff, 0xff, 0xff, 0xff, 0xff, 0xff, 0xff, 0xff, 0xff, 0xff, 0xff, 0xff,
    0xff, 0xe6, 0x19, 0x00, 0x00, 0x00, 0x00, 0x00, 0x00, 0x80, 0x20, 0x34, 0x09, 0x01, 0xe0, 0x58, 0x0a, 0xef, 0x01, 0x90, 0x1f, 0x34, 0x09, 0x00,
    0x00, 0x00, 0x00, 0x98, 0x1f, 0x34, 0x09, 0x00, 0x00, 0x00, 0x00, 0xa8, 0x1f, 0x34, 0x09, 0x00, 0x00, 0x00, 0x00, 0xc3, 0x16, 0x00, 0x00, 0x00,
    0x00, 0x00, 0x00, 0xff, 0xff, 0xff, 0xff, 0xff, 0xff, 0xff, 0xff, 0xff, 0xff, 0xff, 0xff, 0xff, 0xff, 0xff, 0xff, 0xbc, 0x16, 0x00, 0x00, 0x00,
    0x00, 0x00, 0x00, 0x60, 0x0b, 0x34, 0x09, 0x01, 0xe0, 0x58, 0x0a, 0xef, 0x01, 0x60, 0x80, 0x1f, 0x0a, 0x00, 0x00, 0x00, 0x00, 0x68, 0x80, 0x1f,
    0x0a, 0x00, 0x00, 0x00, 0x00, 0x78, 0x80, 0x1f, 0x0a, 0x00, 0x00, 0x00, 0x00, 0x8e, 0x09, 0x00, 0x00, 0x00, 0x00, 0x00, 0x00, 0xff, 0xff, 0xff,
    0xff, 0xff, 0xff, 0xff, 0xff, 0xff, 0xff, 0xff, 0xff, 0xff, 0xff, 0xff, 0xff, 0x8d, 0x09, 0x00, 0x00, 0x00, 0x00, 0x00, 0x00, 0xb0, 0x7f, 0x1f,
    0x0a, 0x01, 0xe0, 0x58, 0x0a, 0xef, 0x01, 0x30, 0x81, 0x1f, 0x0a, 0x00, 0x00, 0x00, 0x00, 0x38, 0x81, 0x1f, 0x0a, 0x00, 0x00, 0x00, 0x00, 0x48,
    0x81, 0x1f, 0x0a, 0x00, 0x00, 0x00, 0x00, 0x96, 0x09, 0x00, 0x00, 0x00, 0x00, 0x00, 0x00, 0xff, 0xff, 0xff, 0xff, 0xff, 0xff, 0xff, 0xff, 0xff,
    0xff, 0xff, 0xff, 0xff, 0xff, 0xff, 0xff, 0x95, 0x09, 0x00, 0x00, 0x00, 0x00, 0x00, 0x00, 0x80, 0x80, 0x1f, 0x0a, 0x01, 0xe0, 0x58, 0x0a, 0xef,
    0x01, 0x82, 0x1f, 0x0a, 0x00, 0x00, 0x00, 0x00, 0x08, 0x82, 0x1f, 0x0a, 0x00, 0x00, 0x00, 0x00, 0x18, 0x82, 0x1f, 0x0a, 0x00, 0x00, 0x00, 0x00,
    0x97, 0x09, 0x00, 0x00, 0x00, 0x00, 0x00, 0x00, 0xff, 0xff, 0xff, 0xff, 0xff, 0xff, 0xff, 0xff, 0xff, 0xff, 0xff, 0xff, 0xff, 0xff, 0xff, 0xff,
    0x96, 0x09, 0x00, 0x00, 0x00, 0x00, 0x00, 0x00, 0x50, 0x81, 0x1f, 0x0a, 0x01, 0xe0, 0x58, 0x0a, 0xef, 0x01, 0xd0, 0x82, 0x1f, 0x0a, 0x00, 0x00,
    0x00, 0x00, 0xd8, 0x82, 0x1f, 0x0a, 0x00, 0x00, 0x00, 0x00, 0xe8, 0x82, 0x1f, 0x0a, 0x00, 0x00, 0x00, 0x00, 0x98, 0x09, 0x00, 0x00, 0x00, 0x00,
    0x00, 0x00, 0xff, 0xff, 0xff, 0xff, 0xff, 0xff, 0xff, 0xff, 0xff, 0xff, 0xff, 0xff, 0xff, 0xff, 0xff, 0xff, 0x97, 0x09, 0x00, 0x00, 0x00, 0x00,
    0x00, 0x00, 0x20, 0x82, 0x1f, 0x0a, 0x01, 0xe0, 0x58, 0x0a, 0xef, 0x01, 0xa0, 0x83, 0x1f, 0x0a, 0x00, 0x00, 0x00, 0x00, 0xa8, 0x83, 0x1f, 0x0a,
    0x00, 0x00, 0x00, 0x00, 0xb8, 0x83, 0x1f, 0x0a, 0x00, 0x00, 0x00, 0x00, 0x99, 0x09, 0x00, 0x00, 0x00, 0x00, 0x00, 0x00, 0xff, 0xff, 0xff, 0xff,
    0xff, 0xff, 0xff, 0xff, 0xff, 0xff, 0xff, 0xff, 0xff, 0xff, 0xff, 0xff, 0x98, 0x09, 0x00, 0x00, 0x00, 0x00, 0x00, 0x00, 0xf0, 0x82, 0x1f, 0x0a,
    0x01, 0xe0, 0x58, 0x0a, 0xef, 0x01, 0x70, 0x84, 0x1f, 0x0a, 0x00, 0x00, 0x00, 0x00, 0x78, 0x84, 0x1f, 0x0a, 0x00, 0x00, 0x00, 0x00, 0x88, 0x84,
    0x1f, 0x0a, 0x00, 0x00, 0x00, 0x00, 0xa1, 0x09, 0x00, 0x00, 0x00, 0x00, 0x00, 0x00, 0xff, 0xff, 0xff, 0xff, 0xff, 0xff, 0xff, 0xff, 0xff, 0xff,
    0xff, 0xff, 0xff, 0xff, 0xff, 0xff, 0xa0, 0x09, 0x00, 0x00, 0x00, 0x00, 0x00, 0x00, 0xc0, 0x83, 0x1f, 0x0a, 0x01, 0xe0, 0x58, 0x0a, 0xef, 0x01,
    0x40, 0x85, 0x1f, 0x0a, 0x00, 0x00, 0x00, 0x00, 0x48, 0x85, 0x1f, 0x0a, 0x00, 0x00, 0x00, 0x00, 0x58, 0x85, 0x1f, 0x0a, 0x00, 0x00, 0x00, 0x00,
    0xa2, 0x09, 0x00, 0x00, 0x00, 0x00, 0x00, 0x00, 0xff, 0xff, 0xff, 0xff, 0xff, 0xff, 0xff, 0xff, 0xff, 0xff, 0xff, 0xff, 0xff, 0xff, 0xff, 0xff,
    0xa1, 0x09, 0x00, 0x00, 0x00, 0x00, 0x00, 0x00, 0x90, 0x84, 0x1f, 0x0a, 0x01, 0xe0, 0x58, 0x0a, 0xef, 0x01, 0x10, 0x86, 0x1f, 0x0a, 0x00, 0x00,
    0x00, 0x00, 0x18, 0x86, 0x1f, 0x0a, 0x00, 0x00, 0x00, 0x00, 0x28, 0x86, 0x1f, 0x0a, 0x00, 0x00, 0x00, 0x00, 0xa3, 0x09, 0x00, 0x00, 0x00, 0x00,
    0x00, 0x00, 0xff, 0xff, 0xff, 0xff, 0xff, 0xff, 0xff, 0xff, 0xff, 0xff, 0xff, 0xff, 0xff, 0xff, 0xff, 0xff, 0xa2, 0x09, 0x00, 0x00, 0x00, 0x00,
    0x00, 0x00, 0x60, 0x85, 0x1f, 0x0a, 0x01, 0xe0, 0x58, 0x0a, 0xef, 0x01, 0xe0, 0x86, 0x1f, 0x0a, 0x00, 0x00, 0x00, 0x00, 0xe8, 0x86, 0x1f, 0x0a,
    0x00, 0x00, 0x00, 0x00, 0xf8, 0x86, 0x1f, 0x0a, 0x00, 0x00, 0x00, 0x00, 0xa4, 0x09, 0x00, 0x00, 0x00, 0x00, 0x00, 0x00, 0xff, 0xff, 0xff, 0xff,
    0xff, 0xff, 0xff, 0xff, 0xff, 0xff, 0xff, 0xff, 0xff, 0xff, 0xff, 0xff, 0xa3, 0x09, 0x00, 0x00, 0x00, 0x00, 0x00, 0x00, 0x30, 0x86, 0x1f, 0x0a,
    0x01, 0xe0, 0x58, 0x0a, 0xef, 0x01, 0xb0, 0x87, 0x1f, 0x0a, 0x00, 0x00, 0x00, 0x00, 0xb8, 0x87, 0x1f, 0x0a, 0x00, 0x00, 0x00, 0x00, 0xc8, 0x87,
    0x1f, 0x0a, 0x00, 0x00, 0x00, 0x00, 0xac, 0x09, 0x00, 0x00, 0x00, 0x00, 0x00, 0x00, 0xff, 0xff, 0xff, 0xff, 0xff, 0xff, 0xff, 0xff, 0xff, 0xff,
    0xff, 0xff, 0xff, 0xff, 0xff, 0xff, 0xab, 0x09, 0x00, 0x00, 0x00, 0x00, 0x00, 0x00, 0x00, 0x87, 0x1f, 0x0a, 0x01, 0xe0, 0x58, 0x0a, 0xef, 0x01,
    0x80, 0x88, 0x1f, 0x0a, 0x00, 0x00, 0x00, 0x00, 0x88, 0x88, 0x1f, 0x0a, 0x00, 0x00, 0x00, 0x00, 0x98, 0x88, 0x1f, 0x0a, 0x00, 0x00, 0x00, 0x00,
    0xad, 0x09, 0x00, 0x00, 0x00, 0x00, 0x00, 0x00, 0xff, 0xff, 0xff, 0xff, 0xff, 0xff, 0xff, 0xff, 0xff, 0xff, 0xff, 0xff, 0xff, 0xff, 0xff, 0xff,
    0xac, 0x09, 0x00, 0x00, 0x00, 0x00, 0x00, 0x00, 0xd0, 0x87, 0x1f, 0x0a, 0x01, 0xe0, 0x58, 0x0a, 0xef, 0x01, 0x50, 0x89, 0x1f, 0x0a, 0x00, 0x00,
    0x00, 0x00, 0x58, 0x89, 0x1f, 0x0a, 0x00, 0x00, 0x00, 0x00, 0x68, 0x89, 0x1f, 0x0a, 0x00, 0x00, 0x00, 0x00, 0xae, 0x09, 0x00, 0x00, 0x00, 0x00,
    0x00, 0x00, 0xff, 0xff, 0xff, 0xff, 0xff, 0xff, 0xff, 0xff, 0xff, 0xff, 0xff, 0xff, 0xff, 0xff, 0xff, 0xff, 0xad, 0x09, 0x00, 0x00, 0x00, 0x00,
    0x00, 0x00, 0xa0, 0x88, 0x1f, 0x0a, 0x01, 0xe0, 0x58, 0x0a, 0xef, 0x01, 0x20, 0x8a, 0x1f, 0x0a, 0x00, 0x00, 0x00, 0x00, 0x28, 0x8a, 0x1f, 0x0a,
    0x00, 0x00, 0x00, 0x00, 0x38, 0x8a, 0x1f, 0x0a, 0x00, 0x00, 0x00, 0x00, 0xaf, 0x09, 0x00, 0x00, 0x00, 0x00, 0x00, 0x00, 0xff, 0xff, 0xff, 0xff,
    0xff, 0xff, 0xff, 0xff, 0xff, 0xff, 0xff, 0xff, 0xff, 0xff, 0xff, 0xff, 0xae, 0x09, 0x00, 0x00, 0x00, 0x00, 0x00, 0x00, 0x70, 0x89, 0x1f, 0x0a,
    0x01, 0xe0, 0x58, 0x0a, 0xef, 0x01, 0xf0, 0x8a, 0x1f, 0x0a, 0x00, 0x00, 0x00, 0x00, 0xf8, 0x8a, 0x1f, 0x0a, 0x00, 0x00, 0x00, 0x00, 0x08, 0x8b,
    0x1f, 0x0a, 0x00, 0x00, 0x00, 0x00, 0xb7, 0x09, 0x00, 0x00, 0x00, 0x00, 0x00, 0x00, 0xff, 0xff, 0xff, 0xff, 0xff, 0xff, 0xff, 0xff, 0xff, 0xff,
    0xff, 0xff, 0xff, 0xff, 0xff, 0xff, 0xb6, 0x09, 0x00, 0x00, 0x00, 0x00, 0x00, 0x00, 0x40, 0x8a, 0x1f, 0x0a, 0x01, 0xe0, 0x58, 0x0a, 0xef, 0x01,
    0xc0, 0x8b, 0x1f, 0x0a, 0x00, 0x00, 0x00, 0x00, 0xc8, 0x8b, 0x1f, 0x0a, 0x00, 0x00, 0x00, 0x00, 0xd8, 0x8b, 0x1f, 0x0a, 0x00, 0x00, 0x00, 0x00,
    0xb8, 0x09, 0x00, 0x00, 0x00, 0x00, 0x00, 0x00, 0xff, 0xff, 0xff, 0xff, 0xff, 0xff, 0xff, 0xff, 0xff, 0xff, 0xff, 0xff, 0xff, 0xff, 0xff, 0xff,
    0xb7, 0x09, 0x00, 0x00, 0x00, 0x00, 0x00, 0x00, 0x10, 0x8b, 0x1f, 0x0a, 0x01, 0xe0, 0x58, 0x0a, 0xef, 0x01, 0x90, 0x8c, 0x1f, 0x0a, 0x00, 0x00,
    0x00, 0x00, 0x98, 0x8c, 0x1f, 0x0a, 0x00, 0x00, 0x00, 0x00, 0xa8, 0x8c, 0x1f, 0x0a, 0x00, 0x00, 0x00, 0x00, 0xb9, 0x09, 0x00, 0x00, 0x00, 0x00,
    0x00, 0x00, 0xff, 0xff, 0xff, 0xff, 0xff, 0xff, 0xff, 0xff, 0xff, 0xff, 0xff, 0xff, 0xff, 0xff, 0xff, 0xff, 0xb8, 0x09, 0x00, 0x00, 0x00, 0x00,
    0x00, 0x00, 0xe0, 0x8b, 0x1f, 0x0a, 0x01, 0xe0, 0x58, 0x0a, 0xef, 0x01, 0x60, 0x8d, 0x1f, 0x0a, 0x00, 0x00, 0x00, 0x00, 0x68, 0x8d, 0x1f, 0x0a,
    0x00, 0x00, 0x00, 0x00, 0x78, 0x8d, 0x1f, 0x0a, 0x00, 0x00, 0x00, 0x00, 0xba, 0x09, 0x00, 0x00, 0x00, 0x00, 0x00, 0x00, 0xff, 0xff, 0xff, 0xff,
    0xff, 0xff, 0xff, 0xff, 0xff, 0xff, 0xff, 0xff, 0xff, 0xff, 0xff, 0xff, 0xb9, 0x09, 0x00, 0x00, 0x00, 0x00, 0x00, 0x00, 0xb0, 0x8c, 0x1f, 0x0a,
    0x01, 0xe0, 0x58, 0x0a, 0xef, 0x01, 0x30, 0x8e, 0x1f, 0x0a, 0x00, 0x00, 0x00, 0x00, 0x38, 0x8e, 0x1f, 0x0a, 0x00, 0x00, 0x00, 0x00, 0x48, 0x8e,
    0x1f, 0x0a, 0x00, 0x00, 0x00, 0x00, 0xc2, 0x09, 0x00, 0x00, 0x00, 0x00, 0x00, 0x00, 0xff, 0xff, 0xff, 0xff, 0xff, 0xff, 0xff, 0xff, 0xff, 0xff,
    0xff, 0xff, 0xff, 0xff, 0xff, 0xff, 0xc1, 0x09, 0x00, 0x00, 0x00, 0x00, 0x00, 0x00, 0x20, 0x8f, 0x1f, 0x0a, 0x01, 0xe0, 0x58, 0x0a, 0xef, 0x01,
    0x8f, 0x1f, 0x0a, 0x00, 0x00, 0x00, 0x00, 0x08, 0x8f, 0x1f, 0x0a, 0x00, 0x00, 0x00, 0x00, 0x18, 0x8f, 0x1f, 0x0a, 0x00, 0x00, 0x00, 0x00, 0x51,
    0x0b, 0x00, 0x00, 0x00, 0x00, 0x00, 0x00, 0xff, 0xff, 0xff, 0xff, 0xff, 0xff, 0xff, 0xff, 0xff, 0xff, 0xff, 0xff, 0xff, 0xff, 0xff, 0xff, 0x50,
    0x0b, 0x00, 0x00, 0x00, 0x00, 0x00, 0x00, 0x80, 0x8d, 0x1f, 0x0a, 0x01, 0xe0, 0x58, 0x0a, 0xef, 0x01, 0xd0, 0x8f, 0x1f, 0x0a, 0x00, 0x00, 0x00,
    0x00, 0xd8, 0x8f, 0x1f, 0x0a, 0x00, 0x00, 0x00, 0x00, 0xe8, 0x8f, 0x1f, 0x0a, 0x00, 0x00, 0x00, 0x00, 0xc3, 0x09, 0x00, 0x00, 0x00, 0x00, 0x00,
    0x00, 0xff, 0xff, 0xff, 0xff, 0xff, 0xff, 0xff, 0xff, 0xff, 0xff, 0xff, 0xff, 0xff, 0xff, 0xff, 0xff, 0xc2, 0x09, 0x01, 0xe0, 0x58, 0x0a, 0xef,
    0x01, 0xb0, 0x90, 0x1f, 0x0a, 0x00, 0x00, 0x00, 0x00, 0xb8, 0x90, 0x1f, 0x0a, 0x00, 0x00, 0x00, 0x00, 0xc8, 0x90, 0x1f, 0x0a, 0x00, 0x00, 0x00,
    0x00, 0xc4, 0x09, 0x00, 0x00, 0x00, 0x00, 0x00, 0x00, 0xff, 0xff, 0xff, 0xff, 0xff, 0xff, 0xff, 0xff, 0xff, 0xff, 0xff, 0xff, 0xff, 0xff, 0xff,
    0xff, 0xc3, 0x09, 0x00, 0x00, 0x00, 0x00, 0x00, 0x00, 0x00, 0x90, 0x1f, 0x0a, 0x01, 0xe0, 0x58, 0x0a, 0xef, 0x01, 0x80, 0x91, 0x1f, 0x0a, 0x00,
    0x00, 0x00, 0x00, 0x88, 0x91, 0x1f, 0x0a, 0x00, 0x00, 0x00, 0x00, 0x98, 0x91, 0x1f, 0x0a, 0x00, 0x00, 0x00, 0x00, 0xc5, 0x09, 0x00, 0x00, 0x00,
    0x00, 0x00, 0x00, 0xff, 0xff, 0xff, 0xff, 0xff, 0xff, 0xff, 0xff, 0xff, 0xff, 0xff, 0xff, 0xff, 0xff, 0xff, 0xff, 0xc4, 0x09, 0x00, 0x00, 0x00,
    0x00, 0x00, 0x00, 0xd0, 0x90, 0x1f, 0x0a, 0x01, 0xe0, 0x58, 0x0a, 0xef, 0x01, 0x50, 0x92, 0x1f, 0x0a, 0x00, 0x00, 0x00, 0x00, 0x58, 0x92, 0x1f,
    0x0a, 0x00, 0x00, 0x00, 0x00, 0x68, 0x92, 0x1f, 0x0a, 0x00, 0x00, 0x00, 0x00, 0xcd, 0x09, 0x00, 0x00, 0x00, 0x00, 0x00, 0x00, 0xff, 0xff, 0xff,
    0xff, 0xff, 0xff, 0xff, 0xff, 0xff, 0xff, 0xff, 0xff, 0xff, 0xff, 0xff, 0xff, 0xcc, 0x09, 0x00, 0x00, 0x00, 0x00, 0x00, 0x00, 0xa0, 0x91, 0x1f,
    0x0a, 0x01, 0xe0, 0x58, 0x0a, 0xef, 0x01, 0x20, 0x93, 0x1f, 0x0a, 0x00, 0x00, 0x00, 0x00, 0x28, 0x93, 0x1f, 0x0a, 0x00, 0x00, 0x00, 0x00, 0x38,
    0x93, 0x1f, 0x0a, 0x00, 0x00, 0x00, 0x00, 0xce, 0x09, 0x00, 0x00, 0x00, 0x00, 0x00, 0x00, 0xff, 0xff, 0xff, 0xff, 0xff, 0xff, 0xff, 0xff, 0xff,
    0xff, 0xff, 0xff, 0xff, 0xff, 0xff, 0xff, 0xcd, 0x09, 0x00, 0x00, 0x00, 0x00, 0x00, 0x00, 0x70, 0x92, 0x1f, 0x0a, 0x01, 0xe0, 0x58, 0x0a, 0xef,
    0x01, 0xf0, 0x93, 0x1f, 0x0a, 0x00, 0x00, 0x00, 0x00, 0xf8, 0x93, 0x1f, 0x0a, 0x00, 0x00, 0x00, 0x00, 0x08, 0x94, 0x1f, 0x0a, 0x00, 0x00, 0x00,
    0x00, 0xcf, 0x09, 0x00, 0x00, 0x00, 0x00, 0x00, 0x00, 0xff, 0xff, 0xff, 0xff, 0xff, 0xff, 0xff, 0xff, 0xff, 0xff, 0xff, 0xff, 0xff, 0xff, 0xff,
    0xff, 0xce, 0x09, 0x00, 0x00, 0x00, 0x00, 0x00, 0x00, 0x40, 0x93, 0x1f, 0x0a, 0x01, 0xe0, 0x58, 0x0a, 0xef, 0x01, 0xc0, 0x94, 0x1f, 0x0a, 0x00,
    0x00, 0x00, 0x00, 0xc8, 0x94, 0x1f, 0x0a, 0x00, 0x00, 0x00, 0x00, 0xd8, 0x94, 0x1f, 0x0a, 0x00, 0x00, 0x00, 0x00, 0xd0, 0x09, 0x00, 0x00, 0x00,
    0x00, 0x00, 0x00, 0xff, 0xff, 0xff, 0xff, 0xff, 0xff, 0xff, 0xff, 0xff, 0xff, 0xff, 0xff, 0xff, 0xff, 0xff, 0xff, 0xcf, 0x09, 0x00, 0x00, 0x00,
    0x00, 0x00, 0x00, 0x10, 0x94, 0x1f, 0x0a, 0x01, 0xe0, 0x58, 0x0a, 0xef, 0x01, 0x90, 0x95, 0x1f, 0x0a, 0x00, 0x00, 0x00, 0x00, 0x98, 0x95, 0x1f,
    0x0a, 0x00, 0x00, 0x00, 0x00, 0xa8, 0x95, 0x1f, 0x0a, 0x00, 0x00, 0x00, 0x00, 0xd8, 0x09, 0x00, 0x00, 0x00, 0x00, 0x00, 0x00, 0xff, 0xff, 0xff,
    0xff, 0xff, 0xff, 0xff, 0xff, 0xff, 0xff, 0xff, 0xff, 0xff, 0xff, 0xff, 0xff, 0xd7, 0x09, 0x00, 0x00, 0x00, 0x00, 0x00, 0x00, 0xe0, 0x94, 0x1f,
    0x0a, 0x01, 0xe0, 0x58, 0x0a, 0xef, 0x01, 0x60, 0x96, 0x1f, 0x0a, 0x00, 0x00, 0x00, 0x00, 0x68, 0x96, 0x1f, 0x0a, 0x00, 0x00, 0x00, 0x00, 0x78,
    0x96, 0x1f, 0x0a, 0x00, 0x00, 0x00, 0x00, 0xd9, 0x09, 0x00, 0x00, 0x00, 0x00, 0x00, 0x00, 0xff, 0xff, 0xff, 0xff, 0xff, 0xff, 0xff, 0xff, 0xff,
    0xff, 0xff, 0xff, 0xff, 0xff, 0xff, 0xff, 0xd8, 0x09, 0x00, 0x00, 0x00, 0x00, 0x00, 0x00, 0xb0, 0x95, 0x1f, 0x0a, 0x01, 0xe0, 0x58, 0x0a, 0xef,
    0x01, 0x30, 0x97, 0x1f, 0x0a, 0x00, 0x00, 0x00, 0x00, 0x38, 0x97, 0x1f, 0x0a, 0x00, 0x00, 0x00, 0x00, 0x48, 0x97, 0x1f, 0x0a, 0x00, 0x00, 0x00,
    0x00, 0xda, 0x09, 0x00, 0x00, 0x00, 0x00, 0x00, 0x00, 0xff, 0xff, 0xff, 0xff, 0xff, 0xff, 0xff, 0xff, 0xff, 0xff, 0xff, 0xff, 0xff, 0xff, 0xff,
    0xff, 0xd9, 0x09, 0x00, 0x00, 0x00, 0x00, 0x00, 0x00, 0x80, 0x96, 0x1f, 0x0a, 0x01, 0xe0, 0x58, 0x0a, 0xef, 0x01, 0x98, 0x1f, 0x0a, 0x00, 0x00,
    0x00, 0x00, 0x08, 0x98, 0x1f, 0x0a, 0x00, 0x00, 0x00, 0x00, 0x18, 0x98, 0x1f, 0x0a, 0x00, 0x00, 0x00, 0x00, 0xdb, 0x09, 0x00, 0x00, 0x00, 0x00,
    0x00, 0x00, 0xff, 0xff, 0xff, 0xff, 0xff, 0xff, 0xff, 0xff, 0xff, 0xff, 0xff, 0xff, 0xff, 0xff, 0xff, 0xff, 0xda, 0x09, 0x00, 0x00, 0x00, 0x00,
    0x00, 0x00, 0x50, 0x97, 0x1f, 0x0a, 0x01, 0xe0, 0x58, 0x0a, 0xef, 0x01, 0xd0, 0x98, 0x1f, 0x0a, 0x00, 0x00, 0x00, 0x00, 0xd8, 0x98, 0x1f, 0x0a,
    0x00, 0x00, 0x00, 0x00, 0xe8, 0x98, 0x1f, 0x0a, 0x00, 0x00, 0x00, 0x00, 0xe3, 0x09, 0x00, 0x00, 0x00, 0x00, 0x00, 0x00, 0xff, 0xff, 0xff, 0xff,
    0xff, 0xff, 0xff, 0xff, 0xff, 0xff, 0xff, 0xff, 0xff, 0xff, 0xff, 0xff, 0xe2, 0x09, 0x00, 0x00, 0x00, 0x00, 0x00, 0x00, 0x20, 0x98, 0x1f, 0x0a,
    0x01, 0xe0, 0x58, 0x0a, 0xef, 0x01, 0xa0, 0x99, 0x1f, 0x0a, 0x00, 0x00, 0x00, 0x00, 0xa8, 0x99, 0x1f, 0x0a, 0x00, 0x00, 0x00, 0x00, 0xb8, 0x99,
    0x1f, 0x0a, 0x00, 0x00, 0x00, 0x00, 0xe4, 0x09, 0x00, 0x00, 0x00, 0x00, 0x00, 0x00, 0xff, 0xff, 0xff, 0xff, 0xff, 0xff, 0xff, 0xff, 0xff, 0xff,
    0xff, 0xff, 0xff, 0xff, 0xff, 0xff, 0xe3, 0x09, 0x00, 0x00, 0x00, 0x00, 0x00, 0x00, 0xf0, 0x98, 0x1f, 0x0a, 0x01, 0xe0, 0x58, 0x0a, 0xef, 0x01,
    0x70, 0x9a, 0x1f, 0x0a, 0x00, 0x00, 0x00, 0x00, 0x78, 0x9a, 0x1f, 0x0a, 0x00, 0x00, 0x00, 0x00, 0x88, 0x9a, 0x1f, 0x0a, 0x00, 0x00, 0x00, 0x00,
    0xe5, 0x09, 0x00, 0x00, 0x00, 0x00, 0x00, 0x00, 0xff, 0xff, 0xff, 0xff, 0xff, 0xff, 0xff, 0xff, 0xff, 0xff, 0xff, 0xff, 0xff, 0xff, 0xff, 0xff,
    0xe4, 0x09, 0x00, 0x00, 0x00, 0x00, 0x00, 0x00, 0xc0, 0x99, 0x1f, 0x0a, 0x01, 0xe0, 0x58, 0x0a, 0xef, 0x01, 0x40, 0x9b, 0x1f, 0x0a, 0x00, 0x00,
    0x00, 0x00, 0x48, 0x9b, 0x1f, 0x0a, 0x00, 0x00, 0x00, 0x00, 0x58, 0x9b, 0x1f, 0x0a, 0x00, 0x00, 0x00, 0x00, 0xe6, 0x09, 0x00, 0x00, 0x00, 0x00,
    0x00, 0x00, 0xff, 0xff, 0xff, 0xff, 0xff, 0xff, 0xff, 0xff, 0xff, 0xff, 0xff, 0xff, 0xff, 0xff, 0xff, 0xff, 0xe5, 0x09, 0x00, 0x00, 0x00, 0x00,
    0x00, 0x00, 0x90, 0x9a, 0x1f, 0x0a, 0x01, 0xe0, 0x58, 0x0a, 0xef, 0x01, 0x10, 0x9c, 0x1f, 0x0a, 0x00, 0x00, 0x00, 0x00, 0x18, 0x9c, 0x1f, 0x0a,
    0x00, 0x00, 0x00, 0x00, 0x28, 0x9c, 0x1f, 0x0a, 0x00, 0x00, 0x00, 0x00, 0xee, 0x09, 0x00, 0x00, 0x00, 0x00, 0x00, 0x00, 0xff, 0xff, 0xff, 0xff,
    0xff, 0xff, 0xff, 0xff, 0xff, 0xff, 0xff, 0xff, 0xff, 0xff, 0xff, 0xff, 0xed, 0x09, 0x00, 0x00, 0x00, 0x00, 0x00, 0x00, 0x60, 0x9b, 0x1f, 0x0a,
    0x01, 0xe0, 0x58, 0x0a, 0xef, 0x01, 0xe0, 0x9c, 0x1f, 0x0a, 0x00, 0x00, 0x00, 0x00, 0xe8, 0x9c, 0x1f, 0x0a, 0x00, 0x00, 0x00, 0x00, 0xf8, 0x9c,
    0x1f, 0x0a, 0x00, 0x00, 0x00, 0x00, 0xef, 0x09, 0x00, 0x00, 0x00, 0x00, 0x00, 0x00, 0xff, 0xff, 0xff, 0xff, 0xff, 0xff, 0xff, 0xff, 0xff, 0xff,
    0xff, 0xff, 0xff, 0xff, 0xff, 0xff, 0xee, 0x09, 0x00, 0x00, 0x00, 0x00, 0x00, 0x00, 0x30, 0x9c, 0x1f, 0x0a, 0x01, 0xe0, 0x58, 0x0a, 0xef, 0x01,
    0xb0, 0x9d, 0x1f, 0x0a, 0x00, 0x00, 0x00, 0x00, 0xb8, 0x9d, 0x1f, 0x0a, 0x00, 0x00, 0x00, 0x00, 0xc8, 0x9d, 0x1f, 0x0a, 0x00, 0x00, 0x00, 0x00,
    0xf0, 0x09, 0x00, 0x00, 0x00, 0x00, 0x00, 0x00, 0xff, 0xff, 0xff, 0xff, 0xff, 0xff, 0xff, 0xff, 0xff, 0xff, 0xff, 0xff, 0xff, 0xff, 0xff, 0xff,
    0xef, 0x09, 0x00, 0x00, 0x00, 0x00, 0x00, 0x00, 0x00, 0x9d, 0x1f, 0x0a, 0x01, 0xe0, 0x58, 0x0a, 0xef, 0x01, 0x80, 0x9e, 0x1f, 0x0a, 0x00, 0x00,
    0x00, 0x00, 0x88, 0x9e, 0x1f, 0x0a, 0x00, 0x00, 0x00, 0x00, 0x98, 0x9e, 0x1f, 0x0a, 0x00, 0x00, 0x00, 0x00, 0xf1, 0x09, 0x00, 0x00, 0x00, 0x00,
    0x00, 0x00, 0xff, 0xff, 0xff, 0xff, 0xff, 0xff, 0xff, 0xff, 0xff, 0xff, 0xff, 0xff, 0xff, 0xff, 0xff, 0xff, 0xf0, 0x09, 0x00, 0x00, 0x00, 0x00,
    0x00, 0x00, 0xd0, 0x9d, 0x1f, 0x0a, 0x01, 0xe0, 0x58, 0x0a, 0xef, 0x01, 0x50, 0x9f, 0x1f, 0x0a, 0x00, 0x00, 0x00, 0x00, 0x58, 0x9f, 0x1f, 0x0a,
    0x00, 0x00, 0x00, 0x00, 0x68, 0x9f, 0x1f, 0x0a, 0x00, 0x00, 0x00, 0x00, 0xf9, 0x09, 0x00, 0x00, 0x00, 0x00, 0x00, 0x00, 0xff, 0xff, 0xff, 0xff,
    0xff, 0xff, 0xff, 0xff, 0xff, 0xff, 0xff, 0xff, 0xff, 0xff, 0xff, 0xff, 0xf8, 0x09, 0x00, 0x00, 0x00, 0x00, 0x00, 0x00, 0xa0, 0x9e, 0x1f, 0x0a,
    0x01, 0xe0, 0x58, 0x0a, 0xef, 0x01, 0xde, 0x5b, 0xe2, 0xae, 0x28, 0x47, 0xe5, 0xbb, 0x72, 0x4b, 0xaa, 0xa6, 0x49, 0xd5, 0x9f, 0xdc, 0x0b, 0x6a,
    0xa7, 0x50, 0x8e, 0x8a, 0x00, 0x51, 0x6c, 0x62, 0x6c, 0xa7, 0x44, 0xa3, 0xa7, 0x60, 0xc8, 0xd2, 0x57, 0x3b, 0x5d, 0x3d, 0xa7, 0xa1, 0x51, 0x81,
    0x6a, 0x66, 0xf2, 0x43, 0xae, 0x39, 0x5b, 0x8e, 0xe1, 0x40, 0xc5, 0x63, 0x3c, 0x49, 0xa5, 0x9a, 0xfe, 0xd4, 0x1c, 0xfc, 0x42, 0x20, 0xa5, 0x51,
    0x03, 0xa7, 0x26, 0xc6, 0x52, 0xf3, 0x6e, 0xd0, 0x2e, 0x18, 0x35, 0x5a, 0x33, 0x7b, 0x38, 0xf7, 0xcb, 0xa7, 0x74, 0xc8, 0x27, 0xd5, 0x49, 0xc5,
    0xb9, 0xb4, 0x67, 0xcd, 0xac, 0x73, 0x35, 0xed, 0xa6, 0xc2, 0x3e, 0xe7, 0x14, 0x55, 0x96, 0x0f, 0xcb, 0x3c, 0x0e, 0xdd, 0x18, 0xe4, 0x5c, 0x5e,
    0x3c, 0xa1, 0x77, 0x76, 0xbf, 0x59, 0x8d, 0xe4, 0x4f, 0x4d, 0x00, 0x8e, 0x87, 0x01, 0x8c, 0x39, 0x38, 0x86, 0xff, 0x9a, 0x05, 0x00, 0x00, 0x00,
    0xa0, 0x91, 0xaa, 0x72, 0x54, 0x8a, 0x1d, 0xf5, 0xf7, 0x41, 0xd3, 0x19, 0x43, 0x5f, 0x15, 0x91, 0xab, 0xfe, 0x14, 0x02, 0x4d, 0xa1, 0xdd, 0xd1,
    0xa8, 0xfa, 0xd9, 0xad, 0xb4, 0xad, 0xd8, 0x8d, 0x52, 0x4b, 0xaa, 0x22, 0xf0, 0x05, 0x73, 0x22, 0x21, 0x05, 0x00, 0x00, 0x00, 0x00, 0x00, 0x8c,
    0x8e, 0x6f, 0x60, 0xc0, 0xd9, 0xe2, 0xa2, 0x80, 0x76, 0xc1, 0xa8, 0x1a, 0x7b, 0x96, 0xa3, 0x42, 0xcd, 0xe2, 0x85, 0xaa, 0x4f, 0xe1, 0xae, 0x42,
    0xe0, 0x62, 0xfc, 0xa9, 0x93, 0x50, 0xf8, 0x6a, 0xf3, 0xef, 0x7c, 0xfa, 0x27, 0xcb, 0x89, 0x9f, 0x7f, 0xb8, 0x6a, 0x13, 0xe5, 0xa0, 0x56, 0x41,
    0x1c, 0xba, 0x58, 0xcf, 0x59, 0x5b, 0x5f, 0xad, 0x79, 0xfc, 0x07, 0xaa, 0xe0, 0xb3, 0xdf, 0xfd, 0xf2, 0x72, 0xa2, 0xe6, 0xf8, 0x6c, 0x5a, 0x52,
    0x17, 0x2e, 0x6c, 0xdd, 0xd2, 0xae, 0x57, 0x16, 0xcf, 0x60, 0x3e, 0xce, 0x53, 0x3c, 0xbc, 0xf1, 0x70, 0x7e, 0x7c, 0xf7, 0xbd, 0xe5, 0x44, 0xae,
    0x42, 0xbd, 0xfb, 0xe2, 0xf6, 0x5d, 0xf1, 0x76, 0x91, 0xc5, 0x7b, 0x54, 0x6e, 0x49, 0xc5, 0x2d, 0x85, 0xc5, 0xfb, 0xd3, 0x55, 0x55, 0xe0, 0x24,
    0xdd, 0x12, 0xe5, 0xa8, 0xc2, 0x46, 0x0f, 0x7b, 0x4a, 0xc4, 0x6e, 0x3c, 0xf2, 0xcf, 0x76, 0xc6, 0x6f, 0xfe, 0xd3, 0x3f, 0x5f, 0xec, 0x9a, 0xe7,
    0xf4, 0xdd, 0xd5, 0x83, 0x1e, 0xed, 0x89, 0x3d, 0xc0, 0x3f, 0x5b, 0xd0, 0x4e, 0xbc, 0x9c, 0x4e, 0x9a, 0xbc, 0x1b, 0x14, 0x72, 0x28, 0xb9, 0x39,
    0x93, 0x6b, 0x2a, 0x85, 0xd2, 0x5d, 0xa3, 0x52, 0xcd, 0x90, 0x31, 0x96, 0x77, 0xc6, 0x11, 0x7e, 0x99, 0x71, 0x39, 0x2a, 0xab, 0xa9, 0xee, 0xd4,
    0x14, 0xc6, 0x0e, 0x9b, 0x3f, 0x6a, 0x17, 0x79, 0x8b, 0xa5, 0xe2, 0x71, 0xd5, 0x2c, 0xd5, 0x79, 0x9c, 0x4d, 0x39, 0x2a, 0x9f, 0x7b, 0xf9, 0x98,
    0x14, 0x5a, 0x5e, 0x79, 0x3d, 0x79, 0xf1, 0x38, 0xfe, 0xfe, 0xad, 0x07, 0xa0, 0x43, 0x06, 0x30, 0x00, 0x00, 0x00, 0x00, 0x60, 0xf2, 0x36, 0x23,
    0x55, 0xeb, 0x2e, 0x53, 0x96, 0xcb, 0x51, 0x5d, 0x8d, 0x39, 0x55, 0x0d, 0xc6, 0x57, 0x04, 0xa3, 0x3a, 0xdf, 0xc3, 0xcd, 0x28, 0xf2, 0x7a, 0x85,
    0xb9, 0xd4, 0xb4, 0xd9, 0x9f, 0x28, 0x35, 0xad, 0x77, 0x23, 0x87, 0x9e, 0x0a, 0x9b, 0x68, 0xb7, 0x63, 0xa1, 0xb0, 0x87, 0x1b, 0xeb, 0x63, 0x78,
    0xda, 0xf5, 0x33, 0x08, 0xe3, 0x24, 0x21, 0x05, 0x00, 0x00, 0x00, 0x00, 0x00, 0x8c, 0x8e, 0x6f, 0x60, 0xc0, 0x6f, 0x18, 0xa0, 0x1c, 0x15, 0x72,
    0xef, 0xa5, 0xbf, 0x31, 0xf3, 0xf7, 0xee, 0xde, 0x5d, 0x4e, 0x44, 0x0b, 0x28, 0x44, 0xc3, 0x27, 0xe6, 0x09, 0x4f, 0xae, 0x13, 0x40, 0xb1, 0x63,
    0x13, 0x1a, 0xd5, 0x8f, 0xa7, 0x72, 0x53, 0x34, 0x4a, 0xc5, 0xa7, 0xfe, 0xca, 0x51, 0xb1, 0xe6, 0xbc, 0x3f, 0x13, 0x3a, 0x86, 0xb1, 0xab, 0xf1,
    0x90, 0x1b, 0x35, 0xa0, 0x0a, 0x47, 0x35, 0x96, 0xca, 0x2d, 0xa0, 0x0b, 0x0f, 0x9e, 0x7f, 0xa0, 0xf2, 0xe1, 0x9d, 0xa2, 0x5c, 0x8e, 0x8a, 0xd0,
    0xd3, 0x53, 0x8b, 0xed, 0xbb, 0x42, 0xae, 0x42, 0xc5, 0x44, 0x6e, 0x49, 0x45, 0x8a, 0xea, 0x89, 0x97, 0x76, 0xae, 0x70, 0x00, 0x85, 0xe2, 0xd3,
    0x03, 0x0f, 0xee, 0xbc, 0xeb, 0xd7, 0xbb, 0x97, 0x0a, 0x17, 0xd6, 0x8b, 0x9f, 0xd1, 0x6f, 0x39, 0xc4, 0x2b, 0xae, 0xa6, 0x1c, 0x55, 0x23, 0x16,
    0x1f, 0x7f, 0x4b, 0x0a, 0xfa, 0xd3, 0xae, 0x54, 0xd3, 0x95, 0x42, 0x6a, 0xa6, 0x5d, 0xa9, 0xa6, 0x51, 0x0c, 0x67, 0xf6, 0x8e, 0xaa, 0x1c, 0x15,
    0x72, 0x75, 0xe7, 0xe2, 0xfa, 0xac, 0xb8, 0x53, 0x71, 0x52, 0x35, 0xda, 0x44, 0xce, 0x55, 0x75, 0x7e, 0x6d, 0x75, 0x57, 0xaf, 0xc7, 0x4d, 0x28,
    0x32, 0x3d, 0xf6, 0xfc, 0x28, 0xfa, 0x3b, 0x74, 0xf3, 0x96, 0x0f, 0x60, 0x1c, 0xae, 0x76, 0x9d, 0xae, 0x4c, 0x39, 0x0a, 0x80, 0x5e, 0x19, 0xc0,
    0x00, 0x00, 0x00, 0x00, 0x80, 0xf9, 0xc8, 0xdd, 0xa1, 0x21, 0xca, 0x51, 0xa9, 0x5b, 0x55, 0xe8, 0x44, 0x65, 0xfd, 0xed, 0x61, 0xa8, 0x69, 0x49,
    0x2d, 0xf2, 0x2d, 0x85, 0x83, 0xb9, 0xd6, 0x55, 0xcd, 0xa9, 0x51, 0xed, 0xea, 0xbb, 0x15, 0x6d, 0x2b, 0x98, 0x01, 0x09, 0x29, 0x00, 0x00, 0x00,
    0x00, 0x00, 0x60, 0x74, 0x7c, 0x03, 0x83, 0xa3, 0x56, 0xf3, 0x03, 0x53, 0x91, 0x67, 0x29, 0x68, 0xd7, 0x9b, 0x8a, 0x35, 0x47, 0x5f, 0xa5, 0x26,
    0x9e, 0x53, 0x23, 0x3f, 0xae, 0x5c, 0x8e, 0x0a, 0xd1, 0xf9, 0xf9, 0xe9, 0x3e, 0x9b, 0x1c, 0x8d, 0x91, 0x94, 0xa3, 0x6a, 0xea, 0x49, 0x13, 0xfa,
    0x86, 0x75, 0xa1, 0x25, 0x55, 0x73, 0x0c, 0x0b, 0x99, 0xa9, 0x46, 0x5b, 0x3f, 0x7d, 0x77, 0xbb, 0x1c, 0x35, 0xa1, 0x63, 0x18, 0x36, 0x0f, 0xe7,
    0xa5, 0xed, 0xd7, 0x69, 0xce, 0x43, 0x15, 0xee, 0x3a, 0xe3, 0xd7, 0xde, 0x5e, 0xda, 0x2e, 0xe0, 0x3d, 0x71, 0xe1, 0xc9, 0x5d, 0x33, 0x0f, 0x20,
    0x36, 0x1a, 0xef, 0x6c, 0x05, 0x51, 0xa2, 0xd8, 0xa4, 0x24, 0x76, 0xd7, 0xa5, 0xf2, 0x52, 0x07, 0x51, 0xf3, 0x2f, 0xc8, 0xad, 0xbf, 0x3d, 0x39,
    0x77, 0x9e, 0x42, 0x6f, 0x4a, 0x4b, 0x0a, 0x06, 0x16, 0x2f, 0xb1, 0xc8, 0xa1, 0xd4, 0xb4, 0xa4, 0xee, 0xec, 0x5e, 0x61, 0xac, 0xe7, 0x8c, 0x77,
    0xb9, 0x8a, 0xdd, 0x18, 0xbf, 0xe3, 0x8c, 0x41, 0xd5, 0xc8, 0xff, 0x46, 0xe4, 0x73, 0xe9, 0xce, 0xee, 0xb3, 0x2b, 0xdb, 0xfc, 0x53, 0xb1, 0x3e,
    0xa9, 0x0a, 0xe7, 0x52, 0xd5, 0x8f, 0xe8, 0x1e, 0x54, 0xde, 0xf9, 0x33, 0xfe, 0xb0, 0x49, 0xe1, 0xa3, 0xd0, 0xd5, 0xa1, 0x9b, 0xd0, 0x6b, 0xad,
    0x5b, 0x35, 0xef, 0x48, 0x35, 0xf3, 0x28, 0x47, 0x01, 0x30, 0x0c, 0x03, 0x18, 0x00, 0x00, 0x00, 0x00, 0x40, 0x03, 0xb9, 0x1c, 0x55, 0x13, 0x8c,
    0xca, 0xf1, 0xa5, 0x8d, 0xde, 0xca, 0x51, 0x59, 0xa1, 0xd4, 0x94, 0x95, 0xea, 0x52, 0x6b, 0xb1, 0x78, 0x57, 0x2d, 0x29, 0x20, 0x48, 0x48, 0x01,
    0x00, 0x00, 0x00, 0x00, 0x00, 0xa3, 0xe3, 0x1b, 0x18, 0x1c, 0xa3, 0xb8, 0x4c, 0xe0, 0xbd, 0xbb, 0x77, 0x77, 0xcd, 0xf3, 0xe4, 0x85, 0x0b, 0xe7,
    0xce, 0x93, 0x67, 0xae, 0x69, 0x49, 0xd5, 0x34, 0xa9, 0xda, 0xc9, 0x8f, 0xab, 0x50, 0x8e, 0x0a, 0x3f, 0xfd, 0xd7, 0xdf, 0x5b, 0x4e, 0xe4, 0x87,
    0x1c, 0x13, 0x71, 0xd7, 0x7d, 0x31, 0x9f, 0xf3, 0xbf, 0x99, 0x3e, 0xb6, 0xcb, 0x0d, 0xfe, 0xf2, 0x7f, 0xfe, 0xdf, 0x97, 0x13, 0x17, 0xff, 0xa0,
    0x9b, 0xf5, 0xfc, 0xcb, 0xff, 0xf7, 0xff, 0xb4, 0x9c, 0x68, 0xd4, 0xa4, 0xca, 0x6d, 0xab, 0xb1, 0x1d, 0xa8, 0x82, 0xdc, 0x92, 0x6a, 0xb4, 0x54,
    0x96, 0xe3, 0x42, 0x85, 0x80, 0x40, 0x8e, 0x80, 0x4d, 0x5a, 0x7e, 0x35, 0xbd, 0xfb, 0xe2, 0x7b, 0xab, 0xfb, 0x5e, 0x5c, 0xfd, 0xef, 0x53, 0xdf,
    0x5f, 0x35, 0xa0, 0x0a, 0xe5, 0xa8, 0xf1, 0xcb, 0x8f, 0x34, 0x47, 0x09, 0x7e, 0xbd, 0x2e, 0xe9, 0xdd, 0x7b, 0x70, 0xfb, 0x96, 0x0b, 0x15, 0x2d,
    0xa9, 0x6c, 0xb3, 0x89, 0x77, 0xbb, 0x49, 0xf3, 0x85, 0x78, 0x14, 0xcf, 0xef, 0xfe, 0xd7, 0xe1, 0x8d, 0x0b, 0x27, 0xe7, 0xce, 0x93, 0x67, 0x2e,
    0xb4, 0xa4, 0x98, 0xb1, 0xfc, 0xef, 0xe9, 0x37, 0xbf, 0xf9, 0xcd, 0xe5, 0xc4, 0x6b, 0xaf, 0xbd, 0xb6, 0x6b, 0xe6, 0x29, 0xbe, 0x15, 0xb4, 0x16,
    0x0f, 0xf6, 0x24, 0xbd, 0x87, 0x14, 0xec, 0xf9, 0x26, 0x50, 0x68, 0x49, 0xc5, 0x2d, 0xa1, 0x90, 0x99, 0x0a, 0x35, 0xc1, 0x9c, 0xf1, 0x13, 0x8c,
    0x3a, 0x57, 0xae, 0x1e, 0xc5, 0x09, 0x93, 0xcf, 0x9c, 0x82, 0x33, 0xa2, 0x49, 0xeb, 0x89, 0x8b, 0x4d, 0xd6, 0xd3, 0xb9, 0x76, 0xaf, 0xc7, 0xbc,
    0x78, 0x23, 0xf3, 0x38, 0x74, 0x07, 0x94, 0xdf, 0xd0, 0x42, 0xe1, 0xe9, 0xcb, 0xef, 0x5a, 0x79, 0xf1, 0x29, 0xbe, 0x8f, 0x01, 0x30, 0x45, 0x06,
    0x30, 0x00, 0x00, 0x00, 0x00, 0x80, 0xf3, 0xc5, 0x60, 0xed, 0xbf, 0xbe, 0xf7, 0xff, 0xdd, 0x35, 0xcf, 0x19, 0x9d, 0xa8, 0x75, 0x58, 0xa9, 0xe0,
    0xb0, 0x3f, 0xdd, 0x77, 0xba, 0x7b, 0x0f, 0xbf, 0x1b, 0x77, 0xad, 0x63, 0x59, 0x21, 0x5a, 0x52, 0x9b, 0xa8, 0xd4, 0x7a, 0xe2, 0xbb, 0x27, 0xff,
    0xfd, 0xd6, 0x26, 0x80, 0x76, 0x24, 0xa4, 0x00, 0x00, 0x00, 0x00, 0x00, 0x80, 0xd1, 0xf1, 0x0d, 0x0c, 0x58, 0x2c, 0xee, 0x4b, 0x24, 0x85, 0x5c,
    0x4f, 0xca, 0x0a, 0xa9, 0xa5, 0x9a, 0x96, 0x54, 0x0c, 0xc2, 0xe7, 0x8a, 0x4e, 0x57, 0x72, 0x1e, 0x2a, 0xfa, 0x45, 0x71, 0x57, 0x8d, 0xfc, 0x00,
    0x1b, 0x95, 0xb5, 0x46, 0x72, 0xb9, 0x41, 0x14, 0x9f, 0x16, 0x8b, 0xed, 0xfc, 0x51, 0x04, 0x91, 0x6a, 0x1a, 0x50, 0xf7, 0xad, 0xe7, 0x58, 0xe4,
    0xc2, 0x49, 0xcd, 0x81, 0x0a, 0x85, 0x58, 0x56, 0xbb, 0x73, 0x23, 0x5a, 0x52, 0xa7, 0xef, 0x7e, 0x6e, 0x9f, 0xf5, 0x8c, 0x44, 0xec, 0xfc, 0x13,
    0x17, 0x56, 0xc1, 0xa8, 0x1f, 0xdf, 0x5d, 0xb5, 0xa4, 0x22, 0x2a, 0xf5, 0xc4, 0x4b, 0xab, 0xbb, 0xf2, 0x73, 0x31, 0xe9, 0xc7, 0x1e, 0xa2, 0x13,
    0x75, 0x77, 0xbf, 0x72, 0xd4, 0x41, 0xbc, 0xb1, 0x7e, 0xaf, 0x8b, 0x06, 0x54, 0x94, 0xa3, 0xfe, 0xd3, 0x3f, 0x7f, 0x60, 0x39, 0x71, 0xeb, 0x6f,
    0xb7, 0x3b, 0x51, 0xff, 0xe2, 0xff, 0xfa, 0xf5, 0xd6, 0xcc, 0x85, 0x96, 0x54, 0xdc, 0x72, 0xfa, 0xee, 0x6a, 0x9e, 0x79, 0x3c, 0xef, 0xed, 0xd4,
    0x34, 0x0c, 0xb3, 0xf1, 0x1f, 0xb1, 0xaf, 0x7c, 0xe5, 0x2b, 0xcb, 0x89, 0x97, 0x5f, 0x7e, 0x79, 0x6b, 0xa2, 0x10, 0x95, 0x3a, 0x2a, 0x23, 0x69,
    0x49, 0x65, 0x35, 0x7d, 0x9b, 0xf1, 0x9f, 0x81, 0xf4, 0x24, 0x57, 0x13, 0xdb, 0xcd, 0xd3, 0x28, 0xa3, 0x14, 0x3a, 0x3f, 0xf1, 0x72, 0x0d, 0xb2,
    0x3f, 0x87, 0x3d, 0x74, 0x47, 0xa2, 0x70, 0xdc, 0x32, 0xef, 0x63, 0x00, 0x1c, 0x8a, 0x01, 0x0c, 0x00, 0x00, 0x00, 0x00, 0x60, 0xa7, 0xcd, 0x45,
    0x24, 0x29, 0xa3, 0x14, 0x36, 0xe5, 0xa8, 0x94, 0x63, 0x1a, 0xff, 0x18, 0x58, 0xcd, 0x1e, 0xe6, 0xcc, 0xd4, 0x77, 0xd7, 0x13, 0x9b, 0x84, 0x54,
    0x58, 0x1f, 0xa8, 0x58, 0x6a, 0xfc, 0x07, 0x01, 0xc6, 0x49, 0x42, 0x0a, 0x00, 0x00, 0x00, 0x00, 0x00, 0x18, 0x1d, 0xdf, 0xc0, 0xe0, 0x18, 0xc5,
    0xa0, 0x77, 0x34, 0x8e, 0x22, 0x5a, 0x12, 0x2e, 0xa4, 0x72, 0x54, 0x61, 0x9e, 0x9a, 0x9e, 0x52, 0xcd, 0xfe, 0xec, 0x29, 0x3f, 0xae, 0x2c, 0x62,
    0x3e, 0x8b, 0x3f, 0xd8, 0xce, 0x28, 0x85, 0xdc, 0x89, 0xfa, 0xec, 0x77, 0xbf, 0xbc, 0x9c, 0x88, 0x70, 0xd0, 0xc5, 0x8a, 0xc7, 0x9e, 0xc3, 0x53,
    0xfd, 0x5d, 0x6e, 0x10, 0x17, 0x83, 0x14, 0xd2, 0x46, 0x7f, 0xf9, 0x3f, 0xff, 0xef, 0xcb, 0x89, 0x8b, 0x7f, 0xb0, 0x73, 0x3d, 0x35, 0x2d, 0xa9,
    0x58, 0xcf, 0xec, 0x5b, 0x52, 0x71, 0x54, 0xe3, 0xe4, 0xff, 0xe5, 0x9f, 0xef, 0x3c, 0x2c, 0x0f, 0x7e, 0x69, 0xfb, 0x8c, 0x8a, 0x99, 0x37, 0xa7,
    0xcd, 0xee, 0x96, 0x54, 0x23, 0x3f, 0xff, 0xf0, 0x73, 0xbb, 0x76, 0x75, 0x1e, 0x97, 0xb4, 0xe4, 0x96, 0x54, 0x4c, 0x84, 0xa7, 0xbe, 0xbf, 0x8e,
    0x4a, 0xbd, 0xb4, 0x33, 0xa7, 0x13, 0x2d, 0xbb, 0x3c, 0xcf, 0x68, 0x0f, 0x54, 0xa3, 0x72, 0x54, 0xee, 0x1e, 0x0c, 0x50, 0xb4, 0x88, 0x43, 0x17,
    0xe5, 0xa8, 0xdc, 0x80, 0xba, 0x95, 0xde, 0x83, 0xf3, 0x3c, 0x8b, 0x7f, 0xbe, 0xdd, 0x92, 0xa2, 0x2c, 0x5e, 0xe6, 0xdf, 0x58, 0xfc, 0x75, 0x8b,
    0xc5, 0xbf, 0xf1, 0xee, 0xef, 0x2e, 0x27, 0x46, 0x72, 0xf2, 0xe7, 0x10, 0x56, 0xe4, 0xa1, 0x6a, 0x3a, 0x51, 0x33, 0x7b, 0xd3, 0x6b, 0x6a, 0xc8,
    0x96, 0x54, 0x7e, 0xa6, 0x6e, 0xdf, 0xbe, 0x5d, 0xb1, 0xb5, 0x6d, 0x11, 0xb1, 0x99, 0xe2, 0x53, 0x76, 0x75, 0x82, 0xfb, 0x7c, 0x28, 0x85, 0xe6,
    0x58, 0xe1, 0x2c, 0xcd, 0xff, 0x9c, 0xe5, 0xc5, 0xa7, 0x78, 0xe6, 0xb4, 0x13, 0x2f, 0xba, 0x38, 0x2c, 0x0e, 0xdd, 0x48, 0x1c, 0xf9, 0x3f, 0x3d,
    0x00, 0x1c, 0x90, 0x01, 0x0c, 0x00, 0x00, 0x00, 0x00, 0x98, 0xb3, 0x68, 0x1c, 0x45, 0xf5, 0xa8, 0x5d, 0xda, 0x28, 0xb7, 0x92, 0x72, 0x39, 0x6a,
    0xae, 0x03, 0x5d, 0xf9, 0x71, 0xc5, 0x31, 0xcc, 0x2d, 0xa9, 0xcd, 0x01, 0x4f, 0xe1, 0xa9, 0x82, 0x9c, 0xea, 0x3a, 0x23, 0x4e, 0x05, 0x47, 0x46,
    0x42, 0x0a, 0x00, 0x00, 0x00, 0x00, 0x00, 0x18, 0x1d, 0xdf, 0xc0, 0x80, 0x0e, 0x44, 0x22, 0x29, 0x82, 0x2d, 0x35, 0x06, 0xf8, 0x12, 0x6e, 0xee,
    0x3b, 0x45, 0x0c, 0xaa, 0x46, 0x74, 0xa2, 0x72, 0x4f, 0x29, 0xb7, 0xa4, 0x0a, 0x1b, 0x1d, 0x89, 0xfb, 0x8a, 0x4f, 0xdb, 0xb1, 0xa3, 0xdc, 0x38,
    0xaa, 0x5b, 0xcf, 0xca, 0xef, 0x7c, 0xfa, 0x27, 0xeb, 0xbb, 0x56, 0xb7, 0x44, 0xe3, 0xa8, 0x90, 0xa2, 0xea, 0x3c, 0xac, 0xd4, 0x9f, 0xdf, 0xfb,
    0xef, 0x56, 0x0f, 0xf0, 0xaf, 0xfe, 0xcf, 0xd5, 0xe3, 0x8a, 0xce, 0x4f, 0xd4, 0xa5, 0x62, 0x9e, 0xfb, 0x1e, 0x7b, 0xc7, 0xbb, 0x11, 0x6b, 0x1e,
    0xed, 0x81, 0x6a, 0x27, 0xde, 0x0a, 0xe2, 0x0d, 0xe4, 0x1f, 0x5e, 0x5a, 0x4d, 0xe4, 0x96, 0x54, 0xdc, 0x12, 0x33, 0xe7, 0xa5, 0xb2, 0xbc, 0xf8,
    0x14, 0xd5, 0x24, 0x62, 0x6a, 0x72, 0x13, 0x9d, 0x7b, 0x63, 0x77, 0xb5, 0xaf, 0xd1, 0x3c, 0x9c, 0x29, 0x07, 0x7c, 0xbe, 0xb1, 0xf8, 0xdd, 0xf5,
    0x44, 0x9b, 0x96, 0xd4, 0x61, 0x0b, 0x18, 0xb1, 0xf5, 0xaf, 0x7c, 0xe5, 0x2b, 0xcb, 0x89, 0x97, 0x5f, 0x7e, 0x79, 0x6b, 0x9e, 0x6f, 0x7e, 0xf3,
    0x9b, 0xf5, 0x2b, 0x8c, 0xde, 0xd4, 0xcc, 0xde, 0x18, 0x2b, 0xe5, 0x96, 0x54, 0x28, 0xbc, 0x09, 0xe4, 0x96, 0x54, 0x5e, 0xe1, 0x69, 0x8a, 0x53,
    0xdd, 0x69, 0x52, 0x8e, 0xba, 0xb8, 0x8e, 0xd8, 0xc4, 0x52, 0x11, 0x9e, 0x9a, 0x74, 0x4b, 0x8a, 0x7d, 0xe4, 0xd8, 0x51, 0xc1, 0x68, 0x4f, 0x8f,
    0xc2, 0x8b, 0xae, 0x3f, 0xf3, 0x38, 0x74, 0x73, 0xa2, 0x25, 0x05, 0xc0, 0xc0, 0xfc, 0xe7, 0x34, 0x00, 0x00, 0x00, 0x00, 0xcc, 0x47, 0x64, 0x9d,
    0x72, 0x80, 0xa8, 0x51, 0x4b, 0x2a, 0x17, 0x8d, 0x68, 0x6c, 0x7d, 0xe8, 0x1a, 0x1d, 0xe7, 0x42, 0x39, 0x6a, 0xd3, 0xec, 0x82, 0xe3, 0x20, 0x21,
    0x05, 0x00, 0x00, 0x00, 0x00, 0x00, 0x8c, 0x8e, 0x6f, 0x60, 0x70, 0x8c, 0x62, 0x64, 0x3b, 0x1a, 0x3e, 0x17, 0x1e, 0xdc, 0xd9, 0x14, 0x0a, 0x35,
    0xf3, 0x5c, 0x7c, 0x69, 0x35, 0x4f, 0x4d, 0x4b, 0x2a, 0xe6, 0x39, 0x7d, 0xa9, 0xaf, 0x2f, 0xe1, 0x3e, 0x59, 0x11, 0x2d, 0x29, 0x34, 0x8e, 0x42,
    0x34, 0x8e, 0x0a, 0x2d, 0xa9, 0xcd, 0xcc, 0xeb, 0x8d, 0x0e, 0xd0, 0x92, 0xca, 0x4f, 0x65, 0x41, 0xa3, 0xac, 0x53, 0xcd, 0x7a, 0x6a, 0x14, 0x0e,
    0xdd, 0xf8, 0xdd, 0x57, 0xd2, 0xd8, 0x2e, 0x47, 0x9d, 0xf5, 0xda, 0xd9, 0x3e, 0xbc, 0xf1, 0xd8, 0x23, 0x33, 0x75, 0x77, 0x7d, 0x0c, 0x2e, 0x3c,
    0xd8, 0xe6, 0x9c, 0x9f, 0xd9, 0xb7, 0xd4, 0x0b, 0xe5, 0xa8, 0x42, 0x4b, 0x2a, 0xee, 0x7a, 0xf7, 0xc5, 0x55, 0x15, 0xea, 0xa9, 0xef, 0x9f, 0x5f,
    0x85, 0x3a, 0x6c, 0x39, 0x2a, 0x27, 0x80, 0x1a, 0xb5, 0x20, 0x6a, 0x96, 0xba, 0x97, 0x26, 0xfa, 0x13, 0x0f, 0xe7, 0xf9, 0xf5, 0x5b, 0x5c, 0xe4,
    0xa1, 0x1e, 0xf9, 0x67, 0xab, 0xed, 0xff, 0x8b, 0xff, 0xeb, 0xd7, 0xcb, 0x89, 0xff, 0xf4, 0xcf, 0x1f, 0x58, 0x4e, 0xdc, 0xfa, 0xdb, 0x93, 0x5d,
    0xf3, 0x70, 0xa6, 0x38, 0xce, 0x8d, 0x3a, 0x51, 0x51, 0x97, 0xca, 0xee, 0x7d, 0x7f, 0xfb, 0xec, 0x38, 0x79, 0x71, 0xf5, 0xa4, 0x0c, 0xf0, 0xde,
    0xd2, 0xae, 0x1c, 0x15, 0x79, 0xa8, 0x58, 0x2a, 0xdf, 0x92, 0xef, 0x9a, 0xd9, 0x5b, 0x65, 0xa5, 0xfc, 0xa8, 0x0b, 0x51, 0xa9, 0x78, 0x33, 0xc9,
    0x59, 0xa7, 0x82, 0xa8, 0x42, 0xe5, 0x54, 0x5d, 0xae, 0x4b, 0x6d, 0xde, 0xaf, 0xd6, 0x4b, 0xdd, 0xde, 0xdd, 0x92, 0xca, 0x06, 0x78, 0x12, 0xaf,
    0xae, 0x37, 0xf1, 0xce, 0x80, 0x21, 0x20, 0xea, 0x8d, 0x3f, 0xd1, 0x93, 0x7b, 0x6b, 0x23, 0xe9, 0xa4, 0x8d, 0xff, 0xd0, 0xcd, 0x89, 0xa3, 0x0d,
    0xc0, 0x30, 0x0c, 0x60, 0x00, 0x00, 0x00, 0x00, 0xc0, 0xe4, 0x6d, 0xc6, 0x17, 0xd7, 0xb5, 0xa2, 0xc5, 0xee, 0x12, 0x51, 0x67, 0x76, 0x97, 0x91,
    0x66, 0xcf, 0x01, 0x87, 0x01, 0x48, 0x48, 0x01, 0x00, 0x00, 0x00, 0x00, 0x00, 0xa3, 0xe3, 0x1b, 0x18, 0xb0, 0x58, 0xd4, 0xe5, 0x7d, 0xfa, 0x4b,
    0x00, 0x75, 0xde, 0x92, 0xaa, 0x59, 0x3c, 0xbe, 0xf0, 0x1b, 0x9d, 0x9f, 0x90, 0x1f, 0x69, 0xac, 0xf0, 0x4b, 0xff, 0xc7, 0xff, 0x53, 0xbf, 0xf5,
    0xff, 0x70, 0xe5, 0x4a, 0xfd, 0xfe, 0xf4, 0x27, 0x17, 0x8d, 0xda, 0x65, 0x9d, 0xce, 0x88, 0x65, 0xa5, 0x43, 0x57, 0x78, 0xa4, 0x35, 0x19, 0xae,
    0x98, 0x67, 0xc8, 0x9e, 0x49, 0x56, 0xd8, 0x7a, 0xcd, 0xce, 0xe7, 0xc3, 0xf2, 0x7b, 0xff, 0xdd, 0x4f, 0x96, 0x13, 0x51, 0xdf, 0x3a, 0xe6, 0x72,
    0x54, 0x96, 0xcb, 0x51, 0x9b, 0x3c, 0xd4, 0xe2, 0xc9, 0xad, 0x79, 0xe2, 0xae, 0x46, 0x2b, 0xfc, 0xf1, 0xdd, 0xd5, 0x52, 0x87, 0x6d, 0x49, 0x45,
    0x4c, 0x2c, 0x3c, 0xb0, 0x8e, 0x92, 0xd5, 0x44, 0xa5, 0xf2, 0xe2, 0xe1, 0x64, 0xbd, 0x9e, 0x9c, 0x88, 0x19, 0xc0, 0xf3, 0x9b, 0x5c, 0xde, 0x76,
    0x15, 0x2a, 0x3a, 0x51, 0xff, 0x62, 0xb1, 0x73, 0x9e, 0x1a, 0x51, 0xa0, 0x3a, 0x42, 0x85, 0x2a, 0xd4, 0x7d, 0xf3, 0xfc, 0x75, 0x9a, 0x38, 0x7f,
    0xa9, 0xc3, 0xca, 0xc1, 0xa8, 0x2c, 0xf2, 0x50, 0x85, 0x5b, 0xd8, 0xa5, 0x10, 0x95, 0x2a, 0x44, 0x9c, 0x72, 0x0c, 0xe7, 0xa4, 0x49, 0x5d, 0xaa,
    0xb0, 0x1b, 0x85, 0x60, 0xd4, 0x41, 0xde, 0xb8, 0x98, 0x0a, 0x89, 0x9e, 0xd6, 0x1c, 0xba, 0x21, 0xb5, 0xfb, 0x2f, 0x0b, 0x00, 0xa8, 0x64, 0x00,
    0x03, 0x00, 0x00, 0x00, 0x00, 0xe6, 0x23, 0x46, 0x8f, 0xbe, 0x7b, 0xf2, 0xdf, 0xaf, 0x6e, 0xfa, 0xca, 0x33, 0x07, 0xdb, 0x1b, 0x9a, 0xfb, 0xee,
    0x57, 0xff, 0x64, 0xfb, 0x26, 0xe5, 0x28, 0x8e, 0x95, 0x84, 0x14, 0x00, 0x00, 0x00, 0x00, 0x00, 0x30, 0x3a, 0xbe, 0x81, 0xc1, 0x31, 0x8a, 0xc1,
    0xea, 0x68, 0xdd, 0xbc, 0xb7, 0x09, 0x80, 0x9c, 0xef, 0xc9, 0x0b, 0xab, 0x17, 0x4e, 0x8e, 0xe7, 0x44, 0xb0, 0x25, 0xcb, 0x51, 0x97, 0xac, 0xf3,
    0x96, 0x54, 0x41, 0x4d, 0xec, 0x68, 0xfc, 0xa3, 0xfa, 0xf9, 0xa9, 0x2c, 0x54, 0xa1, 0x6a, 0x62, 0x47, 0x7b, 0xee, 0x46, 0x16, 0xdf, 0xa7, 0xee,
    0x2f, 0x41, 0xd6, 0x48, 0xec, 0x4f, 0xe1, 0x3c, 0x8c, 0xd3, 0x2f, 0x14, 0x76, 0xbe, 0x70, 0xb6, 0xe4, 0xef, 0x92, 0xff, 0xce, 0xa7, 0x7f, 0xb2,
    0xbe, 0xab, 0x4d, 0x4b, 0x6a, 0xae, 0xce, 0x28, 0x47, 0x7d, 0xff, 0xfc, 0xd0, 0x53, 0x61, 0x9e, 0xcd, 0xef, 0xc8, 0xad, 0x9f, 0xca, 0x27, 0x5e,
    0x7a, 0x72, 0xeb, 0xae, 0x01, 0xc4, 0x09, 0x50, 0x48, 0x3f, 0xd5, 0xd8, 0x73, 0xf1, 0xfe, 0xbc, 0x71, 0x61, 0xaf, 0x3f, 0xa2, 0x9e, 0xdf, 0xfd,
    0xef, 0x4e, 0x0e, 0x46, 0x3d, 0xf2, 0xcf, 0xee, 0x6d, 0xdd, 0x72, 0xfa, 0xee, 0x6a, 0x9e, 0x99, 0xbd, 0x88, 0xe2, 0xb4, 0xb9, 0xf7, 0xfd, 0xed,
    0x87, 0x5c, 0x70, 0xf2, 0xe2, 0xf9, 0xe9, 0x9d, 0x3c, 0x4f, 0x7f, 0x87, 0xae, 0x50, 0xd2, 0x78, 0xed, 0xb5, 0xd7, 0xf6, 0x59, 0xb3, 0x84, 0x54,
    0x0b, 0xb9, 0x0a, 0x15, 0x35, 0xa7, 0xb8, 0x25, 0xe4, 0xd0, 0x53, 0x5e, 0xaa, 0xa6, 0xf8, 0x94, 0xcf, 0xae, 0xcd, 0x3b, 0x73, 0x9c, 0xe4, 0x15,
    0xfb, 0x3c, 0xc0, 0x0b, 0xfc, 0xea, 0x7a, 0x13, 0xef, 0xec, 0x3e, 0x6f, 0x19, 0x03, 0x41, 0xa4, 0xd6, 0x1c, 0xba, 0x46, 0xf2, 0x9b, 0xd5, 0x9e,
    0x1c, 0x7f, 0x00, 0xf6, 0x67, 0x00, 0x03, 0x00, 0x00, 0x00, 0x00, 0x66, 0x68, 0x33, 0x2e, 0xb5, 0x0e, 0x10, 0x15, 0xe6, 0xe1, 0x50, 0x3c, 0x4d,
    0x50, 0x20, 0x21, 0x05, 0x00, 0x00, 0x00, 0x00, 0x00, 0x8c, 0x8e, 0x6f, 0x60, 0x70, 0xd4, 0x62, 0xf8, 0xfa, 0xc9, 0x26, 0x25, 0x90, 0x4d, 0x6f,
    0xea, 0xbb, 0x5f, 0x3e, 0x77, 0xe6, 0x5c, 0x8e, 0x8a, 0x5b, 0xb2, 0x42, 0xd5, 0x67, 0x48, 0x53, 0x1c, 0xd5, 0xaf, 0x69, 0x49, 0xd5, 0x94, 0xbe,
    0xda, 0xc9, 0xcd, 0xa5, 0x50, 0x53, 0x8e, 0x1a, 0x5b, 0xb3, 0x2b, 0x9f, 0xab, 0xbf, 0xf5, 0x8f, 0xf7, 0x6a, 0x6d, 0xfd, 0xfc, 0xc3, 0xcf, 0x6d,
    0xdd, 0x32, 0x92, 0x47, 0x7a, 0x10, 0x85, 0x8a, 0x57, 0xae, 0x42, 0xe5, 0x37, 0x90, 0x9a, 0xba, 0xd4, 0x68, 0xbf, 0xaa, 0x7f, 0xe1, 0xc1, 0xd5,
    0x44, 0x54, 0xa1, 0xce, 0xef, 0xfe, 0x14, 0x17, 0x7f, 0xe0, 0xc1, 0x5d, 0xf3, 0xf6, 0xa8, 0x50, 0x4b, 0x2b, 0x54, 0xa1, 0x0a, 0x0a, 0x29, 0xaa,
    0x5c, 0x8e, 0xca, 0x75, 0xa9, 0x79, 0xc8, 0xe5, 0xa8, 0x28, 0x3e, 0x15, 0x6e, 0x09, 0xf9, 0x96, 0x21, 0x83, 0x51, 0x35, 0x72, 0x86, 0xa8, 0x66,
    0x9e, 0x42, 0xe0, 0x48, 0x4b, 0xaa, 0x6f, 0x85, 0x67, 0xea, 0xce, 0xfa, 0x79, 0xb9, 0x9d, 0x66, 0x6e, 0x74, 0x9a, 0xe5, 0x17, 0x73, 0xe1, 0x19,
    0x3f, 0xec, 0x09, 0x1c, 0x75, 0xa9, 0xab, 0x23, 0xfb, 0x67, 0xe5, 0x38, 0x15, 0xc2, 0x3e, 0x63, 0xfb, 0x77, 0x7f, 0x6c, 0x8e, 0xf6, 0xd0, 0x35,
    0x8a, 0x41, 0xe5, 0x3f, 0x23, 0xb5, 0xa4, 0x00, 0x38, 0x38, 0x03, 0x18, 0x00, 0x00, 0x00, 0x00, 0x30, 0x67, 0x46, 0x8f, 0x26, 0xc1, 0xd3, 0x04,
    0x99, 0x84, 0x14, 0x00, 0x00, 0x00, 0x00, 0x00, 0x30, 0x3a, 0xbe, 0x81, 0x01, 0xbf, 0xe1, 0xbd, 0x26, 0x01, 0x90, 0x28, 0xff, 0x84, 0x9c, 0x87,
    0xca, 0x35, 0x9e, 0x42, 0xbf, 0xa8, 0x50, 0x97, 0xa2, 0x52, 0x4d, 0x4b, 0xaa, 0x3f, 0x8d, 0xb6, 0x35, 0x64, 0x39, 0x2a, 0x67, 0x8b, 0x6a, 0x4e,
    0xc8, 0x42, 0xf7, 0x2c, 0xee, 0x8a, 0x89, 0xe8, 0x68, 0xe5, 0x87, 0x13, 0x87, 0x25, 0xbf, 0x64, 0x38, 0x53, 0xa3, 0xb7, 0x82, 0xc2, 0xcc, 0xb3,
    0xff, 0xaa, 0x7e, 0x04, 0x58, 0xb6, 0xfb, 0x41, 0xc3, 0x8a, 0xc3, 0x5b, 0x88, 0x41, 0x15, 0xe4, 0x4e, 0x54, 0x36, 0xd7, 0x72, 0x54, 0x7f, 0x0a,
    0x51, 0xa9, 0x21, 0x5f, 0x0e, 0xb9, 0x08, 0x14, 0xa2, 0x01, 0xf5, 0xda, 0x6b, 0xaf, 0xd5, 0x2f, 0x45, 0x27, 0x0a, 0x45, 0xaf, 0x42, 0x23, 0x2e,
    0x96, 0xba, 0xb8, 0x5e, 0xea, 0x4e, 0xab, 0x67, 0xaa, 0xb0, 0x89, 0xc3, 0x8a, 0x3c, 0xd4, 0x3b, 0xe3, 0xd8, 0x9f, 0x63, 0x20, 0xd1, 0xd3, 0x9a,
    0x43, 0x57, 0x63, 0x24, 0xef, 0x2d, 0x00, 0xb0, 0x3f, 0xdf, 0xc0, 0x00, 0x00, 0x00, 0x00, 0x00, 0x00, 0x46, 0xc7, 0x00, 0x06, 0x00, 0x00, 0x00,
    0x00, 0x00, 0x30, 0x3a, 0x12, 0x52, 0xd0, 0xa5, 0x5c, 0xe3, 0xa9, 0x09, 0xf5, 0x64, 0x73, 0xfa, 0xf2, 0xf2, 0xa1, 0xe4, 0x96, 0x54, 0xe8, 0x3c,
    0xd5, 0x35, 0xda, 0x72, 0x54, 0x57, 0xe2, 0x01, 0xfe, 0xd6, 0x3f, 0x5e, 0xed, 0x7c, 0xbb, 0x13, 0xbb, 0xd0, 0x92, 0x9a, 0xd0, 0xd1, 0xe8, 0x4f,
    0x1c, 0xd5, 0x99, 0x85, 0x11, 0x2e, 0x3c, 0x78, 0xfe, 0x2d, 0xfd, 0x2d, 0x3e, 0xa4, 0x76, 0x65, 0x98, 0x9a, 0x3c, 0x54, 0xce, 0x4c, 0xcd, 0x3e,
    0x2a, 0x95, 0x1b, 0x50, 0xf9, 0x96, 0xeb, 0x2f, 0xbe, 0xbf, 0x75, 0xcb, 0x2b, 0xdf, 0xbf, 0xdc, 0xdb, 0x1e, 0x35, 0x10, 0x67, 0x42, 0x2e, 0x14,
    0x45, 0x39, 0x2a, 0xdf, 0x92, 0x67, 0xce, 0xf2, 0xe2, 0x9c, 0xab, 0xf0, 0x74, 0x14, 0xe4, 0x72, 0x54, 0xc8, 0xe5, 0xa8, 0xdc, 0xa4, 0xaa, 0x79,
    0x1b, 0x8f, 0x79, 0x0a, 0x7b, 0x78, 0x90, 0x37, 0xed, 0x42, 0x4b, 0x2a, 0x6e, 0xb9, 0xea, 0x5f, 0xed, 0x1d, 0x1a, 0xfd, 0xc3, 0x9d, 0xff, 0x75,
    0x9e, 0xc7, 0xbf, 0xfb, 0xed, 0x38, 0x74, 0xa3, 0xd5, 0xf9, 0x41, 0x06, 0x80, 0xa6, 0x0c, 0x60, 0x00, 0x00, 0x00, 0x00, 0x00, 0x0d, 0x7c, 0xf7,
    0xab, 0x7f, 0x72, 0xe8, 0x5d, 0x18, 0xa3, 0x38, 0x2c, 0xff, 0xfa, 0x3b, 0xff, 0xf6, 0xb0, 0x7b, 0x02, 0xb3, 0x21, 0x21, 0x05, 0x00, 0x00, 0x00,
    0x00, 0x00, 0x8c, 0x8e, 0x6f, 0x60, 0x40, 0x97, 0x72, 0x9b, 0xa8, 0x51, 0x60, 0x27, 0x66, 0x3e, 0x7d, 0xc9, 0x97, 0x97, 0xbb, 0xd7, 0xe8, 0xb9,
    0xa8, 0xd1, 0x28, 0x45, 0x75, 0x90, 0x72, 0x54, 0x7c, 0xd1, 0x3b, 0x3f, 0xf6, 0xb8, 0xa5, 0x5d, 0x0c, 0x6a, 0x4f, 0x85, 0x96, 0xd4, 0xf1, 0xd8,
    0x33, 0x65, 0x56, 0x58, 0xbc, 0x5d, 0xc8, 0xa8, 0x73, 0x85, 0xdd, 0x88, 0x12, 0xd0, 0x9e, 0x15, 0xa4, 0xed, 0xa2, 0xd0, 0xf8, 0xe4, 0xea, 0x42,
    0x21, 0x06, 0x95, 0xef, 0x3a, 0x42, 0xb9, 0x0a, 0x55, 0xf0, 0x8d, 0xc5, 0xef, 0xae, 0x27, 0xfe, 0x7a, 0xeb, 0xae, 0x93, 0x17, 0xb7, 0x4f, 0xae,
    0xc3, 0xfe, 0x7b, 0x5a, 0x93, 0x7e, 0x6a, 0x97, 0x87, 0x7a, 0xf9, 0xe5, 0x97, 0xb7, 0x6e, 0x79, 0xed, 0xb5, 0xd7, 0x96, 0x13, 0xfe, 0x84, 0xd8,
    0x52, 0x73, 0x40, 0xf2, 0xbb, 0x65, 0xa3, 0xf0, 0x54, 0x61, 0x3d, 0x39, 0x33, 0x95, 0x8d, 0xed, 0x29, 0xd3, 0x92, 0xaa, 0x27, 0xad, 0xd3, 0x9a,
    0x43, 0x07, 0x00, 0x9c, 0xcb, 0x00, 0x06, 0x00, 0x00, 0x00, 0x00, 0xb0, 0xb2, 0x19, 0x5f, 0xfc, 0xca, 0x33, 0xcb, 0xff, 0x15, 0x44, 0x6a, 0x2d,
    0x0e, 0xdd, 0x77, 0xd7, 0xb7, 0x9c, 0xbe, 0xf6, 0xc3, 0xe5, 0xc4, 0xd8, 0x2e, 0x5f, 0x80, 0x71, 0x92, 0x90, 0x02, 0x00, 0x00, 0x00, 0x00, 0x00,
    0x46, 0xc7, 0x37, 0x30, 0xa0, 0x4b, 0x85, 0x08, 0x4f, 0x21, 0xd4, 0x73, 0x90, 0x86, 0x0f, 0xf7, 0xeb, 0xef, 0x29, 0x98, 0x62, 0x22, 0xe9, 0xbf,
    0xfc, 0xd7, 0x2f, 0x6d, 0xdd, 0xf2, 0x5b, 0xff, 0x78, 0xe7, 0xa3, 0x88, 0x43, 0x97, 0xaf, 0x1c, 0x89, 0x5b, 0xbe, 0xf4, 0x7f, 0xfc, 0x3f, 0xbb,
    0x16, 0x3f, 0xe6, 0xeb, 0x4d, 0xf2, 0xc9, 0xf6, 0xee, 0x8b, 0xef, 0x2d, 0x27, 0x9e, 0xb8, 0xf0, 0xe4, 0x72, 0x62, 0x13, 0x20, 0x7a, 0x69, 0x3b,
    0xb0, 0x10, 0x8b, 0xe7, 0xa5, 0xe2, 0x6a, 0xa9, 0x58, 0xfc, 0x98, 0x8f, 0xf3, 0x61, 0xd5, 0x94, 0xa3, 0xb8, 0x5f, 0x54, 0xa1, 0xea, 0x66, 0x5e,
    0x95, 0xa3, 0x5e, 0xf9, 0xfe, 0xe5, 0x5d, 0xf3, 0x8c, 0xe4, 0xe4, 0x8f, 0xac, 0x53, 0x3b, 0x85, 0xba, 0xd4, 0x37, 0xbf, 0xf9, 0xcd, 0x5d, 0x33,
    0x6b, 0x49, 0xd5, 0xcb, 0x11, 0x9b, 0x9a, 0xd2, 0x5d, 0x61, 0x9e, 0x08, 0x46, 0xcd, 0x43, 0xee, 0x44, 0x45, 0x42, 0x4a, 0x4b, 0xaa, 0x5b, 0x39,
    0x3c, 0x48, 0x25, 0x87, 0x6e, 0x00, 0x7b, 0x1e, 0x64, 0xff, 0x18, 0x01, 0xd0, 0x9a, 0x6f, 0x60, 0x00, 0x00, 0x00, 0x00, 0x00, 0x00, 0xa3, 0x63,
    0x00, 0x03, 0x00, 0x00, 0x00, 0x00, 0x00, 0x18, 0x1d, 0x09, 0x29, 0x58, 0x2c, 0xee, 0xfb, 0x42, 0xeb, 0x93, 0x17, 0x56, 0x2f, 0x8a, 0xf7, 0xee,
    0xde, 0xdd, 0x35, 0x73, 0xcc, 0x13, 0x09, 0x97, 0xa8, 0xe8, 0x64, 0xed, 0xda, 0x44, 0x31, 0x73, 0x74, 0x63, 0x7c, 0xe5, 0x76, 0x84, 0xe2, 0x69,
    0xba, 0xf8, 0xd2, 0xaa, 0xb0, 0x74, 0xe7, 0x4f, 0xb7, 0xe3, 0x4b, 0x71, 0xcb, 0x90, 0x2d, 0xa9, 0xf8, 0x5a, 0x77, 0xcd, 0x59, 0x97, 0x4f, 0xe3,
    0xdf, 0xfa, 0xb3, 0xf3, 0x83, 0x51, 0xf1, 0xb8, 0xa2, 0x2e, 0xe5, 0x5c, 0xad, 0x94, 0xab, 0x50, 0xf9, 0x69, 0xfa, 0xf1, 0xdd, 0xdd, 0x2d, 0xa9,
    0xdd, 0xdf, 0xd9, 0xcf, 0x4b, 0xe5, 0x96, 0xd4, 0x5c, 0xe5, 0x7e, 0x4b, 0x4d, 0xfe, 0xa5, 0x3f, 0x35, 0xe5, 0xa8, 0xe7, 0xd3, 0xbf, 0x32, 0x6f,
    0x5c, 0x38, 0x39, 0x77, 0xa9, 0xb8, 0x2b, 0x26, 0x4e, 0xdf, 0x5d, 0xdd, 0x35, 0xe9, 0x67, 0x39, 0x9f, 0xe1, 0x91, 0x87, 0x2a, 0xc8, 0xe5, 0xa8,
    0x93, 0x17, 0x47, 0x1a, 0xe6, 0x2a, 0x34, 0xa0, 0x6a, 0x44, 0x0c, 0x2a, 0xe7, 0xa1, 0xf6, 0x5c, 0xf3, 0x91, 0x2b, 0xbc, 0xa3, 0xc6, 0x99, 0xb4,
    0xfd, 0x6a, 0x3c, 0x6b, 0x9e, 0x82, 0x87, 0x1f, 0x7e, 0x78, 0xeb, 0x96, 0x49, 0xbf, 0x54, 0x43, 0x21, 0x2a, 0x55, 0x98, 0x07, 0x18, 0x52, 0xbb,
    0xe2, 0x53, 0xcd, 0x7b, 0x54, 0xcd, 0x3c, 0x79, 0xa3, 0xc7, 0xf3, 0x77, 0x29, 0x00, 0x9d, 0x33, 0x80, 0x01, 0x00, 0x00, 0x00, 0x00, 0xec, 0xf4,
    0xdd, 0xaf, 0xfe, 0xc9, 0xf6, 0x4d, 0xaf, 0xfd, 0x70, 0xf9, 0xbf, 0xc6, 0xa5, 0x16, 0xf7, 0x8f, 0x1a, 0xae, 0x0f, 0xcb, 0x77, 0x0f, 0xb7, 0x33,
    0x30, 0x33, 0x12, 0x52, 0x00, 0x00, 0x00, 0x00, 0x00, 0xc0, 0xe8, 0xf8, 0x06, 0x06, 0xfc, 0x86, 0xdc, 0x92, 0xca, 0x0a, 0x59, 0x9e, 0xdc, 0x92,
    0x6a, 0x54, 0x8e, 0xe2, 0xe0, 0xf6, 0x4c, 0x7e, 0x45, 0x4b, 0x2a, 0x3b, 0xc8, 0x35, 0x29, 0xff, 0xe5, 0xbf, 0x6e, 0x87, 0x9e, 0x4a, 0xf3, 0xac,
    0xcb, 0x51, 0x85, 0x24, 0x1a, 0x1d, 0xca, 0x2d, 0xa9, 0xa7, 0x16, 0xab, 0xf4, 0xd3, 0xbb, 0x2f, 0xbe, 0xd7, 0xc9, 0x52, 0xc7, 0x73, 0x25, 0x54,
    0xa1, 0xf1, 0x32, 0x21, 0x11, 0x95, 0x8a, 0x96, 0x54, 0xc8, 0x51, 0xa9, 0xb9, 0x8a, 0x93, 0xf6, 0x1b, 0xef, 0xfe, 0xee, 0xb9, 0x33, 0x7f, 0xe3,
    0xc5, 0x74, 0x4b, 0x0a, 0x4f, 0xc5, 0x7a, 0x86, 0x7c, 0x39, 0x34, 0x8a, 0x75, 0xd4, 0x28, 0x74, 0xa2, 0xa2, 0x25, 0x55, 0x33, 0x33, 0x4b, 0x8d,
    0x9e, 0xa0, 0x91, 0x56, 0xc9, 0xc6, 0x47, 0x30, 0xaa, 0x5b, 0xed, 0xe2, 0x3f, 0x79, 0xf1, 0xae, 0xd4, 0xec, 0x46, 0x0e, 0xa6, 0x15, 0x96, 0xea,
    0xef, 0x3d, 0x79, 0x6c, 0x87, 0x6e, 0x0c, 0xf2, 0x31, 0xb9, 0x7d, 0xfb, 0xf6, 0x72, 0x22, 0x9e, 0xb5, 0xfe, 0x1e, 0x78, 0xde, 0x16, 0x00, 0x34,
    0x65, 0x00, 0x03, 0x00, 0x00, 0x00, 0x00, 0x58, 0xc9, 0x41, 0xa4, 0xc2, 0x3c, 0xdc, 0xcf, 0xa1, 0x83, 0xce, 0x49, 0x48, 0x01, 0x00, 0x00, 0x00,
    0x00, 0x00, 0xa3, 0xe3, 0x1b, 0x18, 0x70, 0xb6, 0xfc, 0x4d, 0xdb, 0x3b, 0x7f, 0xba, 0x2e, 0xed, 0x2c, 0xb6, 0x4b, 0x3b, 0x51, 0x10, 0xaa, 0x29,
    0xf6, 0x30, 0x8c, 0x78, 0xe2, 0x6a, 0x62, 0x50, 0x31, 0xcf, 0x9e, 0xf5, 0xa4, 0xbc, 0x9e, 0xc3, 0x5e, 0x58, 0x11, 0xe7, 0x61, 0x9c, 0x99, 0x85,
    0x79, 0xb2, 0xc2, 0xce, 0x5f, 0xfc, 0x83, 0xd5, 0x52, 0x22, 0x69, 0xfb, 0x2b, 0x54, 0xa1, 0x7e, 0x7c, 0x77, 0x55, 0x85, 0x7a, 0xe2, 0xc2, 0x93,
    0x5b, 0x33, 0xb7, 0x5b, 0x8a, 0x5e, 0xc5, 0xdb, 0x4e, 0xa3, 0xe2, 0xd3, 0x1b, 0xeb, 0x62, 0x61, 0x24, 0xa4, 0x42, 0xac, 0xe7, 0xd6, 0xdf, 0xce,
    0x33, 0x2a, 0x95, 0xfb, 0x1e, 0xf9, 0x0c, 0x2f, 0x2c, 0x95, 0x83, 0x51, 0x59, 0xcc, 0x33, 0x40, 0x4b, 0xaa, 0x90, 0xe6, 0xc8, 0xa1, 0xa7, 0x3d,
    0xc5, 0x26, 0xb2, 0x01, 0x7a, 0x20, 0x13, 0xd5, 0x79, 0xda, 0xab, 0x9d, 0xd8, 0x0d, 0x4f, 0xd0, 0x9c, 0xb4, 0xcb, 0x16, 0xd5, 0x9c, 0x03, 0x35,
    0xf3, 0xe4, 0x8d, 0x76, 0x75, 0x9a, 0xc5, 0x7a, 0xe2, 0x9f, 0x9c, 0x3b, 0xbb, 0xdf, 0x7c, 0xc2, 0xc5, 0xf5, 0xbb, 0x50, 0xa1, 0xc0, 0x96, 0xf7,
    0x70, 0x66, 0x87, 0x6e, 0x54, 0xf2, 0xc3, 0xec, 0xaf, 0xe6, 0x34, 0xe4, 0xb6, 0x00, 0x38, 0x1e, 0x06, 0x30, 0x00, 0x00, 0x00, 0x00, 0x80, 0x6d,
    0x73, 0x1a, 0xcf, 0x1b, 0x98, 0x43, 0x07, 0x5d, 0x91, 0x90, 0x02, 0x00, 0x00, 0x00, 0x00, 0x00, 0x46, 0xc7, 0x37, 0x30, 0x00, 0xba, 0x17, 0x61,
    0xa5, 0xc8, 0xfb, 0x0c, 0x79, 0xf1, 0x45, 0x8e, 0x0b, 0xfd, 0xd6, 0x9f, 0x9d, 0xdf, 0x34, 0xab, 0xc9, 0x5e, 0x35, 0x0a, 0x73, 0xd1, 0x54, 0x7e,
    0xe2, 0x9e, 0x78, 0x69, 0xd5, 0x80, 0x2a, 0x9c, 0x51, 0xed, 0x96, 0xe2, 0x50, 0x22, 0xfd, 0xf4, 0xc6, 0x85, 0x93, 0x73, 0x6f, 0xa9, 0x29, 0x47,
    0xc5, 0x2d, 0xa7, 0xef, 0xae, 0x66, 0x1e, 0xff, 0xb3, 0x5c, 0x68, 0x40, 0x45, 0xe8, 0x29, 0x2b, 0x3c, 0xae, 0x6f, 0x2c, 0x7e, 0x77, 0xe7, 0x0a,
    0xd3, 0x5d, 0x9d, 0xb7, 0xa4, 0x72, 0x39, 0x2a, 0xe4, 0x5b, 0xf6, 0x2c, 0x69, 0x14, 0xca, 0x51, 0xec, 0xd2, 0x55, 0x39, 0xaa, 0x51, 0xe8, 0xa6,
    0xe6, 0x89, 0x9e, 0x65, 0xa9, 0x86, 0x7c, 0x9e, 0xe4, 0xa6, 0x5c, 0x7f, 0xcf, 0x78, 0xde, 0x56, 0x3b, 0xb9, 0x1c, 0x15, 0x2e, 0xee, 0x5e, 0x73,
    0x21, 0x18, 0x55, 0xb3, 0xad, 0x9a, 0x97, 0x58, 0x7f, 0x07, 0xb3, 0xab, 0x43, 0x37, 0x2a, 0x85, 0x23, 0xd9, 0xae, 0xdc, 0x35, 0x92, 0x6d, 0x01,
    0x70, 0x84, 0x7c, 0x03, 0x03, 0x00, 0x00, 0x00, 0x00, 0x00, 0x18, 0x1d, 0x03, 0x18, 0x00, 0x00, 0x00, 0x00, 0x00, 0xc0, 0xe8, 0x48, 0x48, 0xc1,
    0xc1, 0x44, 0xb1, 0x47, 0x8d, 0x87, 0x9e, 0xe4, 0xb8, 0x50, 0xcd, 0xcc, 0x35, 0xe2, 0xec, 0x6d, 0xb7, 0x38, 0x65, 0xf9, 0xbb, 0xf6, 0xef, 0xbe,
    0xf8, 0xde, 0x72, 0x22, 0xf2, 0x50, 0x85, 0xa5, 0x42, 0x3c, 0xef, 0x3f, 0xbe, 0xbb, 0x5e, 0xfc, 0xc2, 0xf6, 0xe2, 0x9e, 0xb8, 0x43, 0x29, 0xc4,
    0xa0, 0x6a, 0x66, 0x9e, 0x87, 0x57, 0xbe, 0x7f, 0x79, 0x39, 0x71, 0xfd, 0xc5, 0xf7, 0xb7, 0xee, 0x2a, 0xd4, 0xa5, 0xf2, 0x5d, 0xf7, 0x2d, 0xb5,
    0xb3, 0x40, 0x35, 0x80, 0x08, 0x8f, 0xb4, 0x4b, 0x91, 0xd4, 0xe4, 0xfb, 0x0a, 0x9b, 0x50, 0x97, 0xda, 0x72, 0xd8, 0x56, 0x49, 0xa3, 0x73, 0x40,
    0x4b, 0x6a, 0x4e, 0xf2, 0x89, 0xd7, 0x5f, 0x92, 0x68, 0xc8, 0x6d, 0xdd, 0xa9, 0x78, 0x87, 0xb9, 0xd7, 0x51, 0x5d, 0xaa, 0x50, 0x1c, 0xca, 0x0f,
    0xb0, 0xdd, 0xcb, 0x67, 0xc8, 0x43, 0x77, 0x40, 0x35, 0xc7, 0xa4, 0xab, 0xb7, 0x9d, 0x21, 0xb7, 0x05, 0xc0, 0x11, 0xf2, 0x0d, 0x0c, 0x00, 0x00,
    0x00, 0x00, 0x00, 0x60, 0x74, 0x0c, 0x60, 0x00, 0x00, 0x00, 0x00, 0x00, 0x00, 0xa3, 0x23, 0x21, 0x05, 0xe7, 0x88, 0xef, 0xba, 0x5e, 0xfc, 0x83,
    0x3f, 0x5f, 0x4e, 0xdc, 0xf9, 0xd3, 0x2f, 0x2d, 0x27, 0x7e, 0xeb, 0xcf, 0x56, 0xb7, 0x44, 0x4e, 0x27, 0x6e, 0xf9, 0x2f, 0xff, 0x75, 0x3d, 0xcf,
    0x3f, 0xde, 0x9e, 0x27, 0x28, 0x47, 0xf5, 0x21, 0xbe, 0x12, 0xde, 0xee, 0xf0, 0xc6, 0x52, 0x5d, 0x05, 0xbe, 0x62, 0xf1, 0x88, 0xf9, 0x1c, 0xe4,
    0xdb, 0xd3, 0xf9, 0xcb, 0xf8, 0x71, 0x1a, 0xc7, 0x89, 0xdd, 0x68, 0x3d, 0xf4, 0x2a, 0x9e, 0xa6, 0x48, 0x3f, 0x75, 0xa5, 0xd0, 0x92, 0x82, 0x51,
    0xc9, 0x75, 0xa9, 0x28, 0x47, 0x45, 0x27, 0x2a, 0xb7, 0xa4, 0xee, 0x7d, 0x7f, 0xbb, 0xb5, 0x75, 0xf2, 0x62, 0xa3, 0x72, 0x49, 0x1b, 0xf9, 0x0d,
    0x36, 0xa7, 0x48, 0xce, 0x28, 0xbc, 0xa5, 0x80, 0x49, 0x21, 0x84, 0x52, 0xb3, 0x89, 0xb8, 0xc5, 0x1b, 0x75, 0xdf, 0x0a, 0x7d, 0x9b, 0x30, 0xcb,
    0x1c, 0x0d, 0x05, 0x85, 0x93, 0xa1, 0xe6, 0x84, 0x19, 0xed, 0xb6, 0x0e, 0xa2, 0x66, 0xe7, 0xdb, 0x3d, 0xd2, 0xd9, 0x1f, 0x3a, 0x00, 0x98, 0x2b,
    0xdf, 0xc0, 0x00, 0x00, 0x00, 0x00, 0x00, 0x00, 0x46, 0xc7, 0x00, 0x06, 0x00, 0x00, 0x00, 0x00, 0x00, 0x30, 0x3a, 0x12, 0x52, 0x50, 0x2b, 0xb7,
    0xa4, 0xb2, 0xe8, 0x0e, 0x5d, 0x5c, 0x6c, 0xcf, 0x23, 0x18, 0x75, 0x9c, 0x22, 0x26, 0x96, 0x4f, 0x89, 0xc3, 0x8a, 0xb8, 0x19, 0x4c, 0xce, 0x76,
    0x24, 0x68, 0x34, 0xee, 0x0b, 0x50, 0xac, 0xb2, 0x45, 0x8f, 0xfc, 0xb3, 0x36, 0x3b, 0x7b, 0xeb, 0x6f, 0xb7, 0xab, 0x47, 0xf9, 0x96, 0x76, 0x6b,
    0x9e, 0x87, 0x5c, 0x8e, 0x0a, 0x39, 0x18, 0x55, 0x98, 0xb9, 0x73, 0x85, 0x76, 0x53, 0x6e, 0x92, 0x7c, 0xe5, 0x2b, 0x5f, 0x59, 0x4e, 0xbc, 0xfc,
    0xf2, 0xcb, 0xcb, 0x89, 0x46, 0xd1, 0xa1, 0xdb, 0xb7, 0x6f, 0x2f, 0x27, 0xbe, 0xf9, 0xcd, 0x6f, 0x2e, 0x27, 0x5e, 0x7b, 0xed, 0xb5, 0xad, 0x6d,
    0x69, 0x49, 0xc1, 0x60, 0x6a, 0x5e, 0x6e, 0x5d, 0xbd, 0x24, 0x07, 0xd8, 0x56, 0x2c, 0x7e, 0x35, 0x6e, 0x7a, 0xfe, 0xf9, 0xf3, 0x17, 0xdb, 0xbd,
    0xd1, 0x2b, 0xad, 0xb6, 0x7e, 0x90, 0x99, 0xbd, 0x73, 0x02, 0xc0, 0x08, 0xf9, 0x06, 0x06, 0x00, 0x00, 0x00, 0x00, 0x00, 0x30, 0x3a, 0x06, 0x30,
    0x00, 0x00, 0x00, 0x00, 0x00, 0x80, 0xd1, 0x91, 0x90, 0x82, 0xc6, 0xee, 0x8b, 0x84, 0xac, 0x2a, 0x0d, 0xfd, 0xe5, 0xa1, 0x62, 0xcd, 0xa7, 0x2f,
    0x29, 0x42, 0x34, 0x13, 0xed, 0xa6, 0x46, 0xad, 0xa4, 0x5c, 0x7c, 0xda, 0x73, 0x3d, 0x23, 0x29, 0x35, 0xe5, 0x7a, 0x49, 0xe4, 0xce, 0x9c, 0x51,
    0xe3, 0x11, 0x4f, 0xd3, 0x8f, 0xef, 0xbe, 0x37, 0x86, 0xf5, 0x74, 0x25, 0x9f, 0x7e, 0x21, 0x2a, 0x48, 0xdb, 0xdd, 0x9f, 0xee, 0x66, 0xde, 0x2c,
    0xd5, 0x7f, 0x57, 0x27, 0x1e, 0xe9, 0xf3, 0x77, 0xef, 0x2e, 0x27, 0xde, 0xb8, 0xd0, 0xa0, 0x25, 0x15, 0x9d, 0xa8, 0x58, 0xbc, 0x20, 0xaf, 0x39,
    0x26, 0x22, 0x60, 0x35, 0xfe, 0x57, 0xf7, 0xf5, 0x17, 0xdf, 0x5f, 0x4e, 0x7c, 0x63, 0xf1, 0xbb, 0xe7, 0xce, 0x1c, 0xf3, 0xe4, 0x2a, 0x54, 0x4d,
    0x27, 0x2a, 0x16, 0x1f, 0xf2, 0xb0, 0xc4, 0x29, 0x11, 0xc1, 0xa8, 0x2c, 0x1a, 0x50, 0x31, 0x4f, 0xc4, 0xa0, 0xf2, 0xdf, 0x1b, 0x31, 0x4f, 0x2c,
    0x15, 0xf2, 0x26, 0xf2, 0x7a, 0x8e, 0x4a, 0x3e, 0x7a, 0x00, 0x00, 0xc0, 0x14, 0xf9, 0x06, 0x06, 0x00, 0x00, 0x00, 0x00, 0x00, 0x30, 0x3a, 0x06,
    0x30, 0x00, 0x00, 0x00, 0x00, 0x00, 0x80, 0xd1, 0x91, 0x90, 0x82, 0x73, 0xe4, 0xf2, 0x40, 0x21, 0xc5, 0x10, 0x59, 0x9e, 0xd0, 0x5f, 0x5d, 0x8a,
    0xb2, 0x68, 0x37, 0x45, 0xcd, 0xa9, 0xd1, 0x52, 0x9d, 0xaf, 0xe7, 0xb0, 0x8e, 0xb3, 0x1f, 0x32, 0x15, 0x85, 0x18, 0xdd, 0x53, 0xdf, 0x7f, 0x72,
    0x39, 0xf1, 0xee, 0x8b, 0xe7, 0xc7, 0xa0, 0xba, 0x5a, 0x4f, 0x7f, 0xee, 0xfe, 0x72, 0x35, 0x71, 0xf2, 0xe0, 0x6a, 0xe2, 0x8c, 0xd0, 0x53, 0x5a,
    0x2a, 0xdf, 0x15, 0xeb, 0x29, 0xc8, 0x9b, 0x38, 0x88, 0xdc, 0x92, 0xea, 0x5c, 0x84, 0xa7, 0x6a, 0x2a, 0x55, 0x23, 0x11, 0xef, 0x48, 0xdf, 0x78,
    0x77, 0x67, 0x39, 0x2a, 0xea, 0x52, 0x59, 0xa1, 0x25, 0x95, 0xe7, 0xc9, 0x1b, 0x3d, 0x88, 0x97, 0x5f, 0x7e, 0xb9, 0x7e, 0xe6, 0x48, 0x3f, 0xf5,
    0xb7, 0x1e, 0xea, 0x15, 0xce, 0x1c, 0x95, 0x2a, 0x00, 0x00, 0x18, 0x80, 0x6f, 0x60, 0x00, 0x00, 0x00, 0x00, 0x00, 0x00, 0xa3, 0x63, 0x00, 0x03,
    0x00, 0x00, 0x00, 0x00, 0x00, 0x18, 0x9d, 0x13, 0x5d, 0x11, 0x28, 0x8b, 0x2c, 0x40, 0x7e, 0xb1, 0xe4, 0x60, 0x4b, 0x24, 0xa4, 0x72, 0xc2, 0x25,
    0x02, 0x44, 0x39, 0x2e, 0xd4, 0xe8, 0xae, 0x5c, 0xa9, 0xf2, 0x2a, 0x3e, 0x53, 0x21, 0xa7, 0x53, 0xa3, 0xab, 0x1a, 0x58, 0xac, 0xc7, 0xd3, 0x04,
    0x00, 0xc3, 0x8b, 0xbf, 0x07, 0x6e, 0xdf, 0xbe, 0xbd, 0x9c, 0x78, 0xf8, 0xe1, 0x87, 0xcf, 0x5d, 0xaa, 0xdd, 0xbf, 0xda, 0x8d, 0x5a, 0x52, 0x85,
    0xfd, 0xf1, 0x37, 0x03, 0x00, 0x00, 0x04, 0xdf, 0xc0, 0x00, 0x00, 0x00, 0x00, 0x00, 0x00, 0x46, 0xc7, 0x00, 0x06, 0x00, 0x00, 0x00, 0x00, 0x00,
    0x30, 0x3a, 0x12, 0x52, 0x70, 0x8e, 0x9a, 0x1a, 0x40, 0x4e, 0x48, 0x15, 0xdc, 0xf9, 0xd3, 0x2f, 0x6d, 0xdd, 0x12, 0x79, 0xa8, 0x08, 0x46, 0xe5,
    0xbb, 0x0a, 0x44, 0x8a, 0xce, 0xd4, 0x28, 0xe3, 0x90, 0x15, 0x8a, 0x61, 0x8d, 0xe4, 0x73, 0xc3, 0xd3, 0x04, 0x00, 0x7d, 0xab, 0xf9, 0x57, 0xfb,
    0x20, 0xff, 0x22, 0x8f, 0x76, 0xc7, 0x00, 0x00, 0x60, 0x9c, 0x7c, 0x03, 0x03, 0x00, 0x00, 0x00, 0x00, 0x00, 0x18, 0x1d, 0x03, 0x18, 0x00, 0x00,
    0x00, 0x00, 0x00, 0xc0, 0xe8, 0x5c, 0x38, 0xf4, 0x0e, 0xc0, 0x64, 0x44, 0xfa, 0xe9, 0xe2, 0x1f, 0x6c, 0x67, 0x9d, 0x72, 0x39, 0xaa, 0x30, 0x73,
    0xbe, 0x25, 0xfc, 0xd6, 0x9f, 0x9d, 0x1f, 0x8c, 0xe2, 0x7e, 0xd1, 0x61, 0x88, 0xd8, 0x42, 0xdc, 0x12, 0xed, 0xa6, 0x96, 0x6b, 0x7e, 0x69, 0x7b,
    0xcd, 0xa1, 0xdd, 0x9a, 0x63, 0xa9, 0xc2, 0x9a, 0x01, 0x80, 0x7d, 0x14, 0x02, 0x4d, 0xf9, 0x4f, 0x85, 0x21, 0x8d, 0x76, 0xc7, 0x00, 0x00, 0x60,
    0xe4, 0x7c, 0x03, 0x03, 0x00, 0x00, 0x00, 0x00, 0x00, 0x18, 0x1d, 0x03, 0x18, 0x00, 0x00, 0x00, 0x00, 0x00, 0xc0, 0xe8, 0x9c, 0x68, 0x98, 0x40,
    0xa5, 0xf1, 0x7f, 0xaf, 0xff, 0x08, 0x5f, 0xce, 0xf9, 0x49, 0xd9, 0xb3, 0x1c, 0x15, 0x72, 0x16, 0xac, 0xf3, 0x35, 0x1f, 0xe1, 0xf3, 0x05, 0x00,
    0x00, 0x00, 0x00, 0xf5, 0x7c, 0x03, 0x03, 0x00, 0x00, 0x00, 0x00, 0x00, 0x18, 0x1d, 0x03, 0x18, 0x00, 0x00, 0x00, 0x00, 0x00, 0xc0, 0xe8, 0x5c,
    0x38, 0xf4, 0x0e, 0xc0, 0x64, 0x08, 0xfe, 0x4c, 0x42, 0x4e, 0x3f, 0x8d, 0x6d, 0xcd, 0x4e, 0x24, 0x00, 0x00, 0x00, 0x00, 0xa8, 0xe1, 0x1b, 0x18,
    0x00, 0x00, 0x00, 0x00, 0x00, 0xc0, 0xe8, 0x18, 0xc0, 0x00, 0x00, 0x00, 0x00, 0x00, 0x00, 0x46, 0xe7, 0x44, 0xcc, 0x04, 0x00, 0x00, 0x00, 0x00,
    0x00, 0x18, 0x1b, 0xdf, 0xc0, 0x00, 0x00, 0x00, 0x00, 0x00, 0x00, 0x46, 0xc7, 0x00, 0x06, 0x00, 0x00, 0x00, 0x00, 0x00, 0x30, 0x3a, 0x06, 0x30,
    0x00, 0x00, 0x00, 0x00, 0x00, 0x80, 0xd1, 0xf9, 0xff, 0x03, 0x0c, 0xcf, 0xd4, 0x96, 0xb0, 0x31, 0x1f, 0x0a, 0x00, 0x00, 0x00, 0x00, 0x00, 0x30,
    0x1f, 0x0a, 0x00, 0x00, 0x00, 0x00, 0x05, 0x01, 0x00, 0x00, 0x01, 0x30, 0x1f, 0x0a, 0x00, 0x00, 0x00, 0x00, 0x00, 0x00, 0x35, 0x43, 0x00, 0x00,
    0xc8, 0x43, 0x00, 0x00, 0x40, 0x41, 0x00, 0x00, 0x50, 0x41, 0x00, 0x00, 0xa4, 0x42, 0x41, 0x43, 0x00, 0x00, 0xc8, 0x43, 0x00, 0x00, 0x20, 0x41,
    0x00, 0x00, 0x50, 0x41, 0x00, 0x00, 0x8a, 0x42, 0x4b, 0x43, 0x00, 0x00, 0xc8, 0x43, 0x00, 0x00, 0x20, 0x41, 0x00, 0x00, 0x50, 0x41, 0x00, 0x00,
    0xa6, 0x42, 0x56, 0x43, 0x00, 0x00, 0xc8, 0x43, 0x00, 0x00, 0x40, 0x41, 0x00, 0x00, 0x50, 0x41, 0x00, 0x00, 0xaa, 0x42, 0x64, 0x43, 0x00, 0x00,
    0xc8, 0x43, 0x00, 0x00, 0x70, 0x41, 0x00, 0x00, 0x50, 0x41, 0x00, 0x00, 0x9a, 0x42, 0x74, 0x43, 0x00, 0x00, 0xc8, 0x43, 0x00, 0x00, 0x20, 0x41,
    0x00, 0x00, 0x50, 0x41, 0x00, 0x00, 0x8a, 0x42, 0x7e, 0x43, 0x00, 0x00, 0xc8, 0x43, 0x42, 0x82, 0x43, 0x00, 0x00, 0xc8, 0x43, 0x00, 0x00, 0x30,
    0x41, 0x00, 0x00, 0x50, 0x41, 0x00, 0x00, 0x8e, 0x42, 0x88, 0x43, 0x00, 0x00, 0xc8, 0x43, 0x00, 0x00, 0x50, 0x41, 0x00, 0x00, 0x50, 0x41, 0x00,
    0x00, 0x82, 0x42, 0x8f, 0x43, 0x00, 0x00, 0xc8, 0x43, 0x00, 0x00, 0x70, 0x41, 0x00, 0x00, 0x50, 0x41, 0x00, 0x00, 0x9a, 0x42, 0x97, 0x43, 0x00,
    0x00, 0xc8, 0x43, 0x00, 0x00, 0x20, 0x41, 0x00, 0x00, 0x50, 0x41, 0x00, 0x00, 0x8a, 0x42, 0x04, 0x00, 0x00, 0x00, 0x00, 0x00, 0x00, 0x00, 0x60,
    0x33, 0x1f, 0x0a, 0x90, 0xff, 0xff, 0xff, 0xff, 0xff, 0xff, 0xff, 0xff, 0xff, 0xff, 0xff, 0xff, 0xff, 0xff, 0xff, 0xff, 0x10, 0x35, 0x1f, 0x0a,
    0x04, 0x90, 0x40, 0xfe, 0x3e, 0x09, 0x00, 0x00, 0x00, 0x00, 0x01, 0x01, 0x00, 0x00, 0x01, 0x00, 0x00, 0x00, 0x01, 0xd0, 0x02, 0x11, 0x01, 0xd0,
    0x3c, 0x00, 0x00, 0x00, 0x00, 0x00, 0xc0, 0x36, 0x1f, 0x0a, 0x00, 0x00, 0x00, 0x00, 0x01, 0x00, 0xf1, 0xca, 0x00, 0x01, 0xef, 0xbf, 0x02, 0x02,
    0xef, 0xbe, 0x00, 0x00, 0xf1, 0xca, 0xd0, 0x02, 0x11, 0x01, 0x00, 0x00, 0x00, 0x02, 0x02, 0xef, 0xbe, 0x00, 0x14, 0x00, 0x00, 0x00, 0x05, 0x00,
    0x00, 0xd0, 0x02, 0x00, 0x00, 0x01, 0x00, 0x00, 0x00, 0x0a, 0x00, 0x00, 0x00, 0x09, 0x00, 0x00, 0x00, 0x00, 0x00, 0x00, 0x00, 0x02, 0x05, 0x00,
    0x00, 0xd0, 0x02, 0x00, 0x00, 0x01, 0x00, 0x00, 0x00, 0x00, 0x00, 0x00, 0x00, 0x04, 0x00, 0x00, 0x00, 0x00, 0x00, 0x00, 0x00, 0x01, 0x04, 0x00,
    0x00, 0x00, 0x00, 0x00, 0x00, 0x00, 0x06, 0x90, 0x70, 0x38, 0x1f, 0x0a, 0x13, 0x40, 0x08, 0xd8, 0x04, 0x4b, 0x09, 0x00, 0x00, 0x00, 0x00, 0x00,
    0x00, 0xf1, 0xca, 0x02, 0x00, 0xf0, 0xca, 0xff, 0xff, 0xff, 0xff, 0xff, 0xff, 0xff, 0xff, 0xff, 0xff, 0xff, 0xff, 0xff, 0xff, 0xff, 0xff, 0x20,
    0x3a, 0x1f, 0x0a, 0x04, 0x90, 0x03, 0x3f, 0x09, 0x00, 0x00, 0x00, 0x00, 0x11, 0x01, 0x00, 0x00, 0x01, 0x00, 0x00, 0x00, 0x02, 0xff, 0xff, 0xff,
    0xff, 0xff, 0xff, 0xff, 0xff, 0xd0, 0x3b, 0x1f, 0x0a, 0xff, 0xff, 0xff, 0xff, 0xff, 0xff, 0xff, 0xff, 0x04, 0x90, 0xff, 0xff, 0xff, 0xff, 0xff,
    0xff, 0xff, 0xff, 0x80, 0x3d, 0x1f, 0x0a, 0xff, 0xff, 0xff, 0xff, 0xff, 0xff, 0xff, 0xff, 0x04, 0x90, 0x00, 0x00, 0x00, 0x00, 0x00, 0x00, 0x00,
    0x30, 0x3f, 0x1f, 0x0a, 0x01, 0xe0, 0x58, 0x0a, 0xef, 0x01, 0x80, 0x3e, 0x1f, 0x0a, 0x00, 0x00, 0x00, 0x00, 0x88, 0x3e, 0x1f, 0x0a, 0x00, 0x00,
    0x00, 0x00, 0x98, 0x3e, 0x1f, 0x0a, 0x00, 0x00, 0x00, 0x00, 0xdc, 0x20, 0x00, 0x00, 0x00, 0x00, 0x00, 0x00, 0xff, 0xff, 0xff, 0xff, 0xff, 0xff,
    0xff, 0xff, 0xff, 0xff, 0xff, 0xff, 0xff, 0xff, 0xff, 0xff, 0xdb, 0x20, 0x01, 0xe0, 0x58, 0x0a, 0xef, 0x01, 0x00, 0x00, 0x00, 0x00, 0x00, 0x00,
    0xe0, 0x40, 0x1f, 0x0a, 0x00, 0x00, 0x00, 0x00, 0x50, 0x3f, 0x1f, 0x0a, 0x00, 0x00, 0x00, 0x00, 0x58, 0x3f, 0x1f, 0x0a, 0x00, 0x00, 0x00, 0x00,
    0x68, 0x3f, 0x1f, 0x0a, 0x00, 0x00, 0x00, 0x00, 0x4e, 0x1c, 0x00, 0x00, 0x00, 0x00, 0x00, 0x00, 0xff, 0xff, 0xff, 0xff, 0xff, 0xff, 0xff, 0xff,
    0xff, 0xff, 0xff, 0xff, 0xff, 0xff, 0xff, 0xff, 0x4d, 0x1c, 0x00, 0x00, 0x00, 0x00, 0x00, 0x00, 0xa0, 0x3e, 0x1f, 0x0a, 0x01, 0xe0, 0x58, 0x0a,
    0xef, 0x01, 0x20, 0x40, 0x1f, 0x0a, 0x00, 0x00, 0x00, 0x00, 0x28, 0x40, 0x1f, 0x0a, 0x00, 0x00, 0x00, 0x00, 0x38, 0x40, 0x1f, 0x0a, 0x00, 0x00,
    0x00, 0x00, 0x4f, 0x1c, 0x00, 0x00, 0x00, 0x00, 0x00, 0x00, 0xff, 0xff, 0xff, 0xff, 0xff, 0xff, 0xff, 0xff, 0xff, 0xff, 0xff, 0xff, 0xff, 0xff,
    0xff, 0xff, 0x4e, 0x1c, 0x00, 0x00, 0x00, 0x00, 0x00, 0x00, 0x00, 0x30, 0x1f, 0x0a, 0x01, 0xe0, 0x58, 0x0a, 0xef, 0x01, 0xf0, 0x40, 0x1f, 0x0a,
    0x00, 0x00, 0x00, 0x00, 0x90, 0x42, 0x1f, 0x0a, 0x00, 0x00, 0x00, 0x00, 0x08, 0x41, 0x1f, 0x0a, 0x00, 0x00, 0x00, 0x00, 0x08, 0x21, 0x00, 0x00,
    0x00, 0x00, 0x00, 0x00, 0xff, 0xff, 0xff, 0xff, 0xff, 0xff, 0xff, 0xff, 0xff, 0xff, 0xff, 0xff, 0xff, 0xff, 0xff, 0xff, 0x07, 0x21, 0x00, 0x00,
    0x00, 0x00, 0x00, 0x00, 0x40, 0x40, 0x1f, 0x0a, 0x01, 0xe0, 0x58, 0x0a, 0xef, 0x01, 0xc0, 0x41, 0x1f, 0x0a, 0x00, 0x00, 0x00, 0x00, 0xc8, 0x41,
    0x1f, 0x0a, 0x00, 0x00, 0x00, 0x00, 0xd8, 0x41, 0x1f, 0x0a, 0x00, 0x00, 0x00, 0x00, 0x09, 0x21, 0x00, 0x00, 0x00, 0x00, 0x00, 0x00, 0xff, 0xff,
    0xff, 0xff, 0xff, 0xff, 0xff, 0xff, 0xff, 0xff, 0xff, 0xff, 0xff, 0xff, 0xff, 0xff, 0x08, 0x21, 0x00, 0x00, 0x00, 0x00, 0x00, 0x00, 0x10, 0x41,
    0x1f, 0x0a, 0x01, 0xe0, 0x58, 0x0a, 0xef, 0x01, 0x90, 0x42, 0x1f, 0x0a, 0x00, 0x00, 0x00, 0x00, 0x98, 0x42, 0x1f, 0x0a, 0x00, 0x00, 0x00, 0x00,
    0xa8, 0x42, 0x1f, 0x0a, 0x00, 0x00, 0x00, 0x00, 0x40, 0x44, 0x1f, 0x0a, 0x00, 0x00, 0x00, 0x00, 0xff, 0xff, 0xff, 0xff, 0xff, 0xff, 0xff, 0xff,
    0xff, 0xff, 0xff, 0xff, 0xff, 0xff, 0xff, 0xff, 0x10, 0x21, 0x00, 0x00, 0x00, 0x00, 0x00, 0x00, 0xe0, 0x41, 0x1f, 0x0a, 0x01, 0xe0, 0x58, 0x0a,
    0xef, 0x01, 0x60, 0x43, 0x1f, 0x0a, 0x00, 0x00, 0x00, 0x00, 0x68, 0x43, 0x1f, 0x0a, 0x00, 0x00, 0x00, 0x00, 0x78, 0x43, 0x1f, 0x0a, 0x00, 0x00,
    0x00, 0x00, 0x12, 0x21, 0x00, 0x00, 0x00, 0x00, 0x00, 0x00, 0xff, 0xff, 0xff, 0xff, 0xff, 0xff, 0xff, 0xff, 0xff, 0xff, 0xff, 0xff, 0xff, 0xff,
    0xff, 0xff, 0x11, 0x21, 0x00, 0x00, 0x00, 0x00, 0x00, 0x00, 0xb0, 0x42, 0x1f, 0x0a, 0x01, 0xe0, 0x58, 0x0a, 0xef, 0x01, 0x30, 0x44, 0x1f, 0x0a,
    0x00, 0x00, 0x00, 0x00, 0x38, 0x44, 0x1f, 0x0a, 0x00, 0x00, 0x00, 0x00, 0x48, 0x44, 0x1f, 0x0a, 0x00, 0x00, 0x00, 0x00, 0x13, 0x21, 0x00, 0x00,
    0x00, 0x00, 0x00, 0x00, 0xff, 0xff, 0xff, 0xff, 0xff, 0xff, 0xff, 0xff, 0xf0, 0x45, 0x1f, 0x0a, 0x00, 0x00, 0x00, 0x00, 0x12, 0x21, 0x00, 0x00,
    0x00, 0x00, 0x00, 0x00, 0x80, 0x43, 0x1f, 0x0a, 0x01, 0xe0, 0x58, 0x0a, 0xef, 0x01, 0x45, 0x1f, 0x0a, 0x00, 0x00, 0x00, 0x00, 0x08, 0x45, 0x1f,
    0x0a, 0x00, 0x00, 0x00, 0x00, 0x18, 0x45, 0x1f, 0x0a, 0x00, 0x00, 0x00, 0x00, 0x14, 0x21, 0x00, 0x00, 0x00, 0x00, 0x00, 0x00, 0xff, 0xff, 0xff,
    0xff, 0xff, 0xff, 0xff, 0xff, 0xff, 0xff, 0xff, 0xff, 0xff, 0xff, 0xff, 0xff, 0x13, 0x21, 0x00, 0x00, 0x00, 0x00, 0x00, 0x00, 0x50, 0x44, 0x1f,
    0x0a, 0x01, 0xe0, 0x58, 0x0a, 0xef, 0x01, 0xd0, 0x45, 0x1f, 0x0a, 0x00, 0x00, 0x00, 0x00, 0xd8, 0x45, 0x1f, 0x0a, 0x00, 0x00, 0x00, 0x00, 0xe8,
    0x45, 0x1f, 0x0a, 0x00, 0x00, 0x00, 0x00, 0x1c, 0x21, 0x00, 0x00, 0x00, 0x00, 0x00, 0x00, 0xff, 0xff, 0xff, 0xff, 0xff, 0xff, 0xff, 0xff, 0xff,
    0xff, 0xff, 0xff, 0xff, 0xff, 0xff, 0xff, 0x1b, 0x21, 0x00, 0x00, 0x00, 0x00, 0x00, 0x00, 0xa0, 0x47, 0x1f, 0x0a, 0x01, 0xe0, 0x58, 0x0a, 0xef,
    0x01, 0xa0, 0x46, 0x1f, 0x0a, 0x00, 0x00, 0x00, 0x00, 0xa8, 0x46, 0x1f, 0x0a, 0x00, 0x00, 0x00, 0x00, 0xb8, 0x46, 0x1f, 0x0a, 0x00, 0x00, 0x00,
    0x00, 0x1d, 0x21, 0x00, 0x00, 0x00, 0x00, 0x00, 0x00, 0xff, 0xff, 0xff, 0xff, 0xff, 0xff, 0xff, 0xff, 0xff, 0xff, 0xff, 0xff, 0xff, 0xff, 0xff,
    0xff, 0x1c, 0x21, 0x00, 0x00, 0x00, 0x00, 0x00, 0x00, 0xf0, 0x45, 0x1f, 0x0a, 0x01, 0xe0, 0x58, 0x0a, 0xef, 0x01, 0x70, 0x47, 0x1f, 0x0a, 0x00,
    0x00, 0x00, 0x00, 0x78, 0x47, 0x1f, 0x0a, 0x00, 0x00, 0x00, 0x00, 0x88, 0x47, 0x1f, 0x0a, 0x00, 0x00, 0x00, 0x00, 0x1e, 0x21, 0x00, 0x00, 0x00,
    0x00, 0x00, 0x00, 0xff, 0xff, 0xff, 0xff, 0xff, 0xff, 0xff, 0xff, 0xff, 0xff, 0xff, 0xff, 0xff, 0xff, 0xff, 0xff, 0x1d, 0x21, 0x00, 0x00, 0x00,
    0x00, 0x00, 0x00, 0xc0, 0x46, 0x1f, 0x0a, 0x50, 0x49, 0x1f, 0x0a, 0x01, 0xe0, 0x58, 0x0a, 0xef, 0x01, 0x40, 0x48, 0x1f, 0x0a, 0x00, 0x00, 0x00,
    0x00, 0x48, 0x48, 0x1f, 0x0a, 0x00, 0x00, 0x00, 0x00, 0x58, 0x48, 0x1f, 0x0a, 0x00, 0x00, 0x00, 0x00, 0x1f, 0x21, 0x00, 0x00, 0x00, 0x00, 0x00,
    0x00, 0xff, 0xff, 0xff, 0xff, 0xff, 0xff, 0xff, 0xff, 0xff, 0xff, 0xff, 0xff, 0xff, 0xff, 0xff, 0xff, 0x1e, 0x21, 0x00, 0x00, 0x00, 0x00, 0x00,
    0x00, 0x90, 0x47, 0x1f, 0x0a, 0x01, 0xe0, 0x58, 0x0a, 0xef, 0x01, 0x10, 0x49, 0x1f, 0x0a, 0x00, 0x00, 0x00, 0x00, 0x18, 0x49, 0x1f, 0x0a, 0x00,
    0x00, 0x00, 0x00, 0x28, 0x49, 0x1f, 0x0a, 0x00, 0x00, 0x00, 0x00, 0x27, 0x21, 0x00, 0x00, 0x00, 0x00, 0x00, 0x00, 0xff, 0xff, 0xff, 0xff, 0xff,
    0xff, 0xff, 0xff, 0xff, 0xff, 0xff, 0xff, 0xff, 0xff, 0xff, 0xff, 0x26, 0x21, 0x00, 0x00, 0x00, 0x00, 0x00, 0x00, 0x60, 0x48, 0x1f, 0x0a, 0x4b,
    0x1f, 0x0a, 0x01, 0xe0, 0x58, 0x0a, 0xef, 0x01, 0xe0, 0x49, 0x1f, 0x0a, 0x00, 0x00, 0x00, 0x00, 0xe8, 0x49, 0x1f, 0x0a, 0x00, 0x00, 0x00, 0x00,
    0xf8, 0x49, 0x1f, 0x0a, 0x00, 0x00, 0x00, 0x00, 0x28, 0x21, 0x00, 0x00, 0x00, 0x00, 0x00, 0x00, 0xff, 0xff, 0xff, 0xff, 0xff, 0xff, 0xff, 0xff,
    0xff, 0xff, 0xff, 0xff, 0xff, 0xff, 0xff, 0xff, 0x27, 0x21, 0x00, 0x00, 0x00, 0x00, 0x00, 0x00, 0x30, 0x49, 0x1f, 0x0a, 0x01, 0xe0, 0x58, 0x0a,
    0xef, 0x01, 0xb0, 0x4a, 0x1f, 0x0a, 0x00, 0x00, 0x00, 0x00, 0xb8, 0x4a, 0x1f, 0x0a, 0x00, 0x00, 0x00, 0x00, 0xc8, 0x4a, 0x1f, 0x0a, 0x00, 0x00,
    0x00, 0x00, 0x29, 0x21, 0x00, 0x00, 0x00, 0x00, 0x00, 0x00, 0xff, 0xff, 0xff, 0xff, 0xff, 0xff, 0xff, 0xff, 0xff, 0xff, 0xff, 0xff, 0xff, 0xff,
    0xff, 0xff, 0x28, 0x21, 0x00, 0x00, 0x00, 0x00, 0x00, 0x00, 0x00, 0x4a, 0x1f, 0x0a, 0xb0, 0x4c, 0x1f, 0x0a, 0x01, 0xe0, 0x58, 0x0a, 0xef, 0x01,
    0x80, 0x4b, 0x1f, 0x0a, 0x00, 0x00, 0x00, 0x00, 0x88, 0x4b, 0x1f, 0x0a, 0x00, 0x00, 0x00, 0x00, 0x98, 0x4b, 0x1f, 0x0a, 0x00, 0x00, 0x00, 0x00,
    0x2a, 0x21, 0x00, 0x00, 0x00, 0x00, 0x00, 0x00, 0xff, 0xff, 0xff, 0xff, 0xff, 0xff, 0xff, 0xff, 0xff, 0xff, 0xff, 0xff, 0xff, 0xff, 0xff, 0xff,
    0x29, 0x21, 0x00, 0x00, 0x00, 0x00, 0x00, 0x00, 0xd0, 0x4a, 0x1f, 0x0a, 0x01, 0xe0, 0x58, 0x0a, 0xef, 0x01, 0x50, 0x4c, 0x1f, 0x0a, 0x00, 0x00,
    0x00, 0x00, 0x58, 0x4c, 0x1f, 0x0a, 0x00, 0x00, 0x00, 0x00, 0x68, 0x4c, 0x1f, 0x0a, 0x00, 0x00, 0x00, 0x00, 0x32, 0x21, 0x00, 0x00, 0x00, 0x00,
    0x00, 0x00, 0xff, 0xff, 0xff, 0xff, 0xff, 0xff, 0xff, 0xff, 0xff, 0xff, 0xff, 0xff, 0xff, 0xff, 0xff, 0xff, 0x31, 0x21, 0x00, 0x00, 0x00, 0x00,
    0x00, 0x00, 0x20, 0x38, 0x1f, 0x0a, 0x01, 0x00, 0x60, 0x4e, 0x1f, 0x0a, 0x00, 0x00, 0x00, 0x00, 0x00, 0xe0, 0x58, 0x0a, 0x4f, 0x01, 0x20, 0x4d,
    0x1f, 0x0a, 0x00, 0x00, 0x00, 0x00, 0x28, 0x4d, 0x1f, 0x0a, 0x00, 0x00, 0x00, 0x00, 0x38, 0x4d, 0x1f, 0x0a, 0x00, 0x00, 0x00, 0x00, 0xec, 0x23,
    0x00, 0x00, 0x00, 0x00, 0x00, 0x00, 0xff, 0xff, 0xff, 0xff, 0xff, 0xff, 0xff, 0xff, 0xff, 0xff, 0xff, 0xff, 0xff, 0xff, 0xff, 0xff, 0xa0, 0x4b,
    0x1f, 0x0a, 0x01, 0xe0, 0x58, 0x0a, 0xef, 0x01, 0xf0, 0x4d, 0x1f, 0x0a, 0x00, 0x00, 0x00, 0x00, 0xf8, 0x4d, 0x1f, 0x0a, 0x00, 0x00, 0x00, 0x00,
    0x08, 0x4e, 0x1f, 0x0a, 0x00, 0x00, 0x00, 0x00, 0x33, 0x21, 0x00, 0x00, 0x00, 0x00, 0x00, 0x00, 0xff, 0xff, 0xff, 0xff, 0xff, 0xff, 0xff, 0xff,
    0xff, 0xff, 0xff, 0xff, 0xff, 0xff, 0xff, 0xff, 0x32, 0x21, 0x00, 0x00, 0x00, 0x00, 0x00, 0x00, 0x40, 0x4d, 0x1f, 0x0a, 0x01, 0xe0, 0x58, 0x0a,
    0x00, 0x00, 0x00, 0x00, 0x10, 0x50, 0x1f, 0x0a, 0xef, 0x01, 0xc0, 0x4e, 0x1f, 0x0a, 0x00, 0x00, 0x00, 0x00, 0xc8, 0x4e, 0x1f, 0x0a, 0x00, 0x00,
    0x00, 0x00, 0xd8, 0x4e, 0x1f, 0x0a, 0x00, 0x00, 0x00, 0x00, 0x34, 0x21, 0x00, 0x00, 0x00, 0x00, 0x00, 0x00, 0xff, 0xff, 0xff, 0xff, 0xff, 0xff,
    0xff, 0xff, 0xff, 0xff, 0xff, 0xff, 0xff, 0xff, 0xff, 0xff, 0x33, 0x21, 0x00, 0x00, 0x00, 0x00, 0x00, 0x00, 0x10, 0x4e, 0x1f, 0x0a, 0x01, 0xe0,
    0x58, 0x0a, 0xef, 0x01, 0x90, 0x4f, 0x1f, 0x0a, 0x00, 0x00, 0x00, 0x00, 0x98, 0x4f, 0x1f, 0x0a, 0x00, 0x00, 0x00, 0x00, 0xa8, 0x4f, 0x1f, 0x0a,
    0x00, 0x00, 0x00, 0x00, 0x35, 0x21, 0x00, 0x00, 0x00, 0x00, 0x00, 0x00, 0xff, 0xff, 0xff, 0xff, 0xff, 0xff, 0xff, 0xff, 0xff, 0xff, 0xff, 0xff,
    0xff, 0xff, 0xff, 0xff, 0x34, 0x21, 0x00, 0x00, 0x00, 0x00, 0x00, 0x00, 0xe0, 0x4e, 0x1f, 0x0a, 0x01, 0xe0, 0x58, 0x0a, 0x01, 0xe0, 0x58, 0x0a,
    0xef, 0x01, 0xb0, 0xc0, 0x94, 0x0c, 0x00, 0x00, 0x00, 0x00, 0xb8, 0xc0, 0x94, 0x0c, 0x00, 0x00, 0x00, 0x00, 0xc8, 0xc0, 0x94, 0x0c, 0x00, 0x00,
    0x00, 0x00, 0xb8, 0x29, 0x00, 0x00, 0x00, 0x00, 0x00, 0x00, 0xff, 0xff, 0xff, 0xff, 0xff, 0xff, 0xff, 0xff, 0xff, 0xff, 0xff, 0xff, 0xff, 0xff,
    0xff, 0xff, 0xb1, 0x29, 0x00, 0x00, 0x00, 0x00, 0x00, 0x00, 0x00, 0xc0, 0x94, 0x0c, 0x01, 0xe0, 0x58, 0x0a, 0xef, 0x01, 0x80, 0xc1, 0x94, 0x0c,
    0x00, 0x00, 0x00, 0x00, 0x88, 0xc1, 0x94, 0x0c, 0x00, 0x00, 0x00, 0x00, 0x98, 0xc1, 0x94, 0x0c, 0x00, 0x00, 0x00, 0x00, 0xb9, 0x29, 0x00, 0x00,
    0x00, 0x00, 0x00, 0x00, 0xff, 0xff, 0xff, 0xff, 0xff, 0xff, 0xff, 0xff, 0xff, 0xff, 0xff, 0xff, 0xff, 0xff, 0xff, 0xff, 0xb8, 0x29, 0x00, 0x00,
    0x00, 0x00, 0x00, 0x00, 0xd0, 0xc0, 0x94, 0x0c, 0x01, 0xe0, 0x58, 0x0a, 0xef, 0x01, 0x50, 0xc2, 0x94, 0x0c, 0x00, 0x00, 0x00, 0x00, 0x58, 0xc2,
    0x94, 0x0c, 0x00, 0x00, 0x00, 0x00, 0x68, 0xc2, 0x94, 0x0c, 0x00, 0x00, 0x00, 0x00, 0xbc, 0x29, 0x00, 0x00, 0x00, 0x00, 0x00, 0x00, 0xff, 0xff,
    0xff, 0xff, 0xff, 0xff, 0xff, 0xff, 0xff, 0xff, 0xff, 0xff, 0xff, 0xff, 0xff, 0xff, 0xbb, 0x29, 0x00, 0x00, 0x00, 0x00, 0x00, 0x00, 0xa0, 0xc1,
    0x94, 0x0c, 0x01, 0xe0, 0x58, 0x0a, 0xef, 0x01, 0x20, 0xc3, 0x94, 0x0c, 0x00, 0x00, 0x00, 0x00, 0x28, 0xc3, 0x94, 0x0c, 0x00, 0x00, 0x00, 0x00,
    0x38, 0xc3, 0x94, 0x0c, 0x00, 0x00, 0x00, 0x00, 0xbd, 0x29, 0x00, 0x00, 0x00, 0x00, 0x00, 0x00, 0xff, 0xff, 0xff, 0xff, 0xff, 0xff, 0xff, 0xff,
    0xff, 0xff, 0xff, 0xff, 0xff, 0xff, 0xff, 0xff, 0xbc, 0x29, 0x00, 0x00, 0x00, 0x00, 0x00, 0x00, 0x70, 0xc2, 0x94, 0x0c, 0x01, 0xe0, 0x58, 0x0a,
    0xef, 0x01, 0xf0, 0xc3, 0x94, 0x0c, 0x00, 0x00, 0x00, 0x00, 0xf8, 0xc3, 0x94, 0x0c, 0x00, 0x00, 0x00, 0x00, 0x08, 0xc4, 0x94, 0x0c, 0x00, 0x00,
    0x00, 0x00, 0xbe, 0x29, 0x00, 0x00, 0x00, 0x00, 0x00, 0x00, 0xff, 0xff, 0xff, 0xff, 0xff, 0xff, 0xff, 0xff, 0xff, 0xff, 0xff, 0xff, 0xff, 0xff,
    0xff, 0xff, 0xbd, 0x29, 0x00, 0x00, 0x00, 0x00, 0x00, 0x00, 0x40, 0xc3, 0x94, 0x0c, 0x01, 0xe0, 0x58, 0x0a, 0xef, 0x01, 0xc0, 0xc4, 0x94, 0x0c,
    0x00, 0x00, 0x00, 0x00, 0xc8, 0xc4, 0x94, 0x0c, 0x00, 0x00, 0x00, 0x00, 0xd8, 0xc4, 0x94, 0x0c, 0x00, 0x00, 0x00, 0x00, 0xc5, 0x29, 0x00, 0x00,
    0x00, 0x00, 0x00, 0x00, 0xff, 0xff, 0xff, 0xff, 0xff, 0xff, 0xff, 0xff, 0xff, 0xff, 0xff, 0xff, 0xff, 0xff, 0xff, 0xff, 0xbe, 0x29, 0x00, 0x00,
    0x00, 0x00, 0x00, 0x00, 0x10, 0xc4, 0x94, 0x0c, 0x01, 0xe0, 0x58, 0x0a, 0xef, 0x01, 0x90, 0xc5, 0x94, 0x0c, 0x00, 0x00, 0x00, 0x00, 0x98, 0xc5,
    0x94, 0x0c, 0x00, 0x00, 0x00, 0x00, 0xa8, 0xc5, 0x94, 0x0c, 0x00, 0x00, 0x00, 0x00, 0xc6, 0x29, 0x00, 0x00, 0x00, 0x00, 0x00, 0x00, 0xff, 0xff,
    0xff, 0xff, 0xff, 0xff, 0xff, 0xff, 0xff, 0xff, 0xff, 0xff, 0xff, 0xff, 0xff, 0xff, 0xc5, 0x29, 0x00, 0x00, 0x00, 0x00, 0x00, 0x00, 0xe0, 0xc4,
    0x94, 0x0c, 0x01, 0xe0, 0x58, 0x0a, 0xef, 0x01, 0x60, 0xc6, 0x94, 0x0c, 0x00, 0x00, 0x00, 0x00, 0x68, 0xc6, 0x94, 0x0c, 0x00, 0x00, 0x00, 0x00,
    0x78, 0xc6, 0x94, 0x0c, 0x00, 0x00, 0x00, 0x00, 0xc9, 0x29, 0x00, 0x00, 0x00, 0x00, 0x00, 0x00, 0xff, 0xff, 0xff, 0xff, 0xff, 0xff, 0xff, 0xff,
    0xff, 0xff, 0xff, 0xff, 0xff, 0xff, 0xff, 0xff, 0xc8, 0x29, 0x00, 0x00, 0x00, 0x00, 0x00, 0x00, 0xb0, 0xc5, 0x94, 0x0c, 0x01, 0xe0, 0x58, 0x0a,
    0xef, 0x01, 0x30, 0xc7, 0x94, 0x0c, 0x00, 0x00, 0x00, 0x00, 0x38, 0xc7, 0x94, 0x0c, 0x00, 0x00, 0x00, 0x00, 0x48, 0xc7, 0x94, 0x0c, 0x00, 0x00,
    0x00, 0x00, 0xca, 0x29, 0x00, 0x00, 0x00, 0x00, 0x00, 0x00, 0xff, 0xff, 0xff, 0xff, 0xff, 0xff, 0xff, 0xff, 0xff, 0xff, 0xff, 0xff, 0xff, 0xff,
    0xff, 0xff, 0xc9, 0x29, 0x00, 0x00, 0x00, 0x00, 0x00, 0x00, 0x80, 0xc6, 0x94, 0x0c, 0x01, 0xe0, 0x58, 0x0a, 0xef, 0x01, 0xc8, 0x94, 0x0c, 0x00,
    0x00, 0x00, 0x00, 0x08, 0xc8, 0x94, 0x0c, 0x00, 0x00, 0x00, 0x00, 0x18, 0xc8, 0x94, 0x0c, 0x00, 0x00, 0x00, 0x00, 0xcb, 0x29, 0x00, 0x00, 0x00,
    0x00, 0x00, 0x00, 0xff, 0xff, 0xff, 0xff, 0xff, 0xff, 0xff, 0xff, 0xff, 0xff, 0xff, 0xff, 0xff, 0xff, 0xff, 0xff, 0xca, 0x29, 0x00, 0x00, 0x00,
    0x00, 0x00, 0x00, 0x50, 0xc7, 0x94, 0x0c, 0x01, 0xe0, 0x58, 0x0a, 0xef, 0x01, 0xd0, 0xc8, 0x94, 0x0c, 0x00, 0x00, 0x00, 0x00, 0xd8, 0xc8, 0x94,
    0x0c, 0x00, 0x00, 0x00, 0x00, 0xe8, 0xc8, 0x94, 0x0c, 0x00, 0x00, 0x00, 0x00, 0xd2, 0x29, 0x00, 0x00, 0x00, 0x00, 0x00, 0x00, 0xff, 0xff, 0xff,
    0xff, 0xff, 0xff, 0xff, 0xff, 0xff, 0xff, 0xff, 0xff, 0xff, 0xff, 0xff, 0xff, 0xcb, 0x29, 0x00, 0x00, 0x00, 0x00, 0x00, 0x00, 0x20, 0xe2, 0x94,
    0x0c, 0x01, 0xe0, 0x58, 0x0a, 0xef, 0x01, 0xa0, 0xc9, 0x94, 0x0c, 0x00, 0x00, 0x00, 0x00, 0xa8, 0xc9, 0x94, 0x0c, 0x00, 0x00, 0x00, 0x00, 0xb8,
    0xc9, 0x94, 0x0c, 0x00, 0x00, 0x00, 0x00, 0xca, 0x2b, 0x00, 0x00, 0x00, 0x00, 0x00, 0x00, 0xff, 0xff, 0xff, 0xff, 0xff, 0xff, 0xff, 0xff, 0xff,
    0xff, 0xff, 0xff, 0xff, 0xff, 0xff, 0xff, 0xc9, 0x2b, 0x00, 0x00, 0x00, 0x00, 0x00, 0x00, 0x20, 0xc8, 0x94, 0x0c, 0x01, 0xe0, 0x58, 0x0a, 0xef,
    0x01, 0x70, 0xca, 0x94, 0x0c, 0x00, 0x00, 0x00, 0x00, 0x78, 0xca, 0x94, 0x0c, 0x00, 0x00, 0x00, 0x00, 0x88, 0xca, 0x94, 0x0c, 0x00, 0x00, 0x00,
    0x00, 0xd3, 0x29, 0x00, 0x00, 0x00, 0x00, 0x00, 0x00, 0xff, 0xff, 0xff, 0xff, 0xff, 0xff, 0xff, 0xff, 0xff, 0xff, 0xff, 0xff, 0xff, 0xff, 0xff,
    0xff, 0xd2, 0x29, 0x00, 0x00, 0x00, 0x00, 0x00, 0x00, 0xc0, 0xc9, 0x94, 0x0c, 0x01, 0xe0, 0x58, 0x0a, 0xef, 0x01, 0x40, 0xcb, 0x94, 0x0c, 0x00,
    0x00, 0x00, 0x00, 0x48, 0xcb, 0x94, 0x0c, 0x00, 0x00, 0x00, 0x00, 0x58, 0xcb, 0x94, 0x0c, 0x00, 0x00, 0x00, 0x00, 0xd6, 0x29, 0x00, 0x00, 0x00,
    0x00, 0x00, 0x00, 0xff, 0xff, 0xff, 0xff, 0xff, 0xff, 0xff, 0xff, 0xff, 0xff, 0xff, 0xff, 0xff, 0xff, 0xff, 0xff, 0xd5, 0x29, 0x00, 0x00, 0x00,
    0x00, 0x00, 0x00, 0x90, 0xca, 0x94, 0x0c, 0x01, 0xe0, 0x58, 0x0a, 0xef, 0x01, 0x10, 0xcc, 0x94, 0x0c, 0x00, 0x00, 0x00, 0x00, 0x18, 0xcc, 0x94,
    0x0c, 0x00, 0x00, 0x00, 0x00, 0x28, 0xcc, 0x94, 0x0c, 0x00, 0x00, 0x00, 0x00, 0xd7, 0x29, 0x00, 0x00, 0x00, 0x00, 0x00, 0x00, 0xff, 0xff, 0xff,
    0xff, 0xff, 0xff, 0xff, 0xff, 0xff, 0xff, 0xff, 0xff, 0xff, 0xff, 0xff, 0xff, 0xd6, 0x29, 0x00, 0x00, 0x00, 0x00, 0x00, 0x00, 0x60, 0xcb, 0x94,
    0x0c, 0x01, 0xe0, 0x58, 0x0a, 0xef, 0x01, 0xe0, 0xcc, 0x94, 0x0c, 0x00, 0x00, 0x00, 0x00, 0xe8, 0xcc, 0x94, 0x0c, 0x00, 0x00, 0x00, 0x00, 0xf8,
    0xcc, 0x94, 0x0c, 0x00, 0x00, 0x00, 0x00, 0xd8, 0x29, 0x00, 0x00, 0x00, 0x00, 0x00, 0x00, 0xff, 0xff, 0xff, 0xff, 0xff, 0xff, 0xff, 0xff, 0xff,
    0xff, 0xff, 0xff, 0xff, 0xff, 0xff, 0xff, 0xd7, 0x29, 0x00, 0x00, 0x00, 0x00, 0x00, 0x00, 0x30, 0xcc, 0x94, 0x0c, 0x01, 0xe0, 0x58, 0x0a, 0xef,
    0x01, 0xb0, 0xcd, 0x94, 0x0c, 0x00, 0x00, 0x00, 0x00, 0xb8, 0xcd, 0x94, 0x0c, 0x00, 0x00, 0x00, 0x00, 0xc8, 0xcd, 0x94, 0x0c, 0x00, 0x00, 0x00,
    0x00, 0xdf, 0x29, 0x00, 0x00, 0x00, 0x00, 0x00, 0x00, 0xff, 0xff, 0xff, 0xff, 0xff, 0xff, 0xff, 0xff, 0xff, 0xff, 0xff, 0xff, 0xff, 0xff, 0xff,
    0xff, 0xd8, 0x29, 0x00, 0x00, 0x00, 0x00, 0x00, 0x00, 0x00, 0xcd, 0x94, 0x0c, 0x01, 0xe0, 0x58, 0x0a, 0xef, 0x01, 0x80, 0xce, 0x94, 0x0c, 0x00,
    0x00, 0x00, 0x00, 0x88, 0xce, 0x94, 0x0c, 0x00, 0x00, 0x00, 0x00, 0x98, 0xce, 0x94, 0x0c, 0x00, 0x00, 0x00, 0x00, 0xe0, 0x29, 0x00, 0x00, 0x00,
    0x00, 0x00, 0x00, 0xff, 0xff, 0xff, 0xff, 0xff, 0xff, 0xff, 0xff, 0xff, 0xff, 0xff, 0xff, 0xff, 0xff, 0xff, 0xff, 0xdf, 0x29, 0x00, 0x00, 0x00,
    0x00, 0x00, 0x00, 0xd0, 0xcd, 0x94, 0x0c, 0x01, 0xe0, 0x58, 0x0a, 0xef, 0x01, 0x50, 0xcf, 0x94, 0x0c, 0x00, 0x00, 0x00, 0x00, 0x58, 0xcf, 0x94,
    0x0c, 0x00, 0x00, 0x00, 0x00, 0x68, 0xcf, 0x94, 0x0c, 0x00, 0x00, 0x00, 0x00, 0xe3, 0x29, 0x00, 0x00, 0x00, 0x00, 0x00, 0x00, 0xff, 0xff, 0xff,
    0xff, 0xff, 0xff, 0xff, 0xff, 0xff, 0xff, 0xff, 0xff, 0xff, 0xff, 0xff, 0xff, 0xe2, 0x29, 0x00, 0x00, 0x00, 0x00, 0x00, 0x00, 0xa0, 0xce, 0x94,
    0x0c, 0x01, 0xe0, 0x58, 0x0a, 0xef, 0x01, 0x20, 0xd0, 0x94, 0x0c, 0x00, 0x00, 0x00, 0x00, 0x28, 0xd0, 0x94, 0x0c, 0x00, 0x00, 0x00, 0x00, 0x38,
    0xd0, 0x94, 0x0c, 0x00, 0x00, 0x00, 0x00, 0xe4, 0x29, 0x00, 0x00, 0x00, 0x00, 0x00, 0x00, 0xff, 0xff, 0xff, 0xff, 0xff, 0xff, 0xff, 0xff, 0xff,
    0xff, 0xff, 0xff, 0xff, 0xff, 0xff, 0xff, 0xe3, 0x29, 0x00, 0x00, 0x00, 0x00, 0x00, 0x00, 0x70, 0xcf, 0x94, 0x0c, 0x01, 0xe0, 0x58, 0x0a, 0xef,
    0x01, 0xf0, 0xd0, 0x94, 0x0c, 0x00, 0x00, 0x00, 0x00, 0xf8, 0xd0, 0x94, 0x0c, 0x00, 0x00, 0x00, 0x00, 0x08, 0xd1, 0x94, 0x0c, 0x00, 0x00, 0x00,
    0x00, 0xe5, 0x29, 0x00, 0x00, 0x00, 0x00, 0x00, 0x00, 0xff, 0xff, 0xff, 0xff, 0xff, 0xff, 0xff, 0xff, 0xff, 0xff, 0xff, 0xff, 0xff, 0xff, 0xff,
    0xff, 0xe4, 0x29, 0x00, 0x00, 0x00, 0x00, 0x00, 0x00, 0x40, 0xd0, 0x94, 0x0c, 0x01, 0xe0, 0x58, 0x0a, 0xef, 0x01, 0xc0, 0xd1, 0x94, 0x0c, 0x00,
    0x00, 0x00, 0x00, 0xc8, 0xd1, 0x94, 0x0c, 0x00, 0x00, 0x00, 0x00, 0xd8, 0xd1, 0x94, 0x0c, 0x00, 0x00, 0x00, 0x00, 0xec, 0x29, 0x00, 0x00, 0x00,
    0x00, 0x00, 0x00, 0xff, 0xff, 0xff, 0xff, 0xff, 0xff, 0xff, 0xff, 0xff, 0xff, 0xff, 0xff, 0xff, 0xff, 0xff, 0xff, 0xe5, 0x29, 0x00, 0x00, 0x00,
    0x00, 0x00, 0x00, 0x10, 0xd1, 0x94, 0x0c, 0x01, 0xe0, 0x58, 0x0a, 0xef, 0x01, 0x90, 0xd2, 0x94, 0x0c, 0x00, 0x00, 0x00, 0x00, 0x98, 0xd2, 0x94,
    0x0c, 0x00, 0x00, 0x00, 0x00, 0xa8, 0xd2, 0x94, 0x0c, 0x00, 0x00, 0x00, 0x00, 0xed, 0x29, 0x00, 0x00, 0x00, 0x00, 0x00, 0x00, 0xff, 0xff, 0xff,
    0xff, 0xff, 0xff, 0xff, 0xff, 0xff, 0xff, 0xff, 0xff, 0xff, 0xff, 0xff, 0xff, 0xec, 0x29, 0x00, 0x00, 0x00, 0x00, 0x00, 0x00, 0xe0, 0xd1, 0x94,
    0x0c, 0x01, 0xe0, 0x58, 0x0a, 0xef, 0x01, 0x60, 0xd3, 0x94, 0x0c, 0x00, 0x00, 0x00, 0x00, 0x68, 0xd3, 0x94, 0x0c, 0x00, 0x00, 0x00, 0x00, 0x78,
    0xd3, 0x94, 0x0c, 0x00, 0x00, 0x00, 0x00, 0xf0, 0x29, 0x00, 0x00, 0x00, 0x00, 0x00, 0x00, 0xff, 0xff, 0xff, 0xff, 0xff, 0xff, 0xff, 0xff, 0xff,
    0xff, 0xff, 0xff, 0xff, 0xff, 0xff, 0xff, 0xef, 0x29, 0x00, 0x00, 0x00, 0x00, 0x00, 0x00, 0xb0, 0xd2, 0x94, 0x0c, 0x01, 0xe0, 0x58, 0x0a, 0xef,
    0x01, 0x30, 0xd4, 0x94, 0x0c, 0x00, 0x00, 0x00, 0x00, 0x38, 0xd4, 0x94, 0x0c, 0x00, 0x00, 0x00, 0x00, 0x48, 0xd4, 0x94, 0x0c, 0x00, 0x00, 0x00,
    0x00, 0xf1, 0x29, 0x00, 0x00, 0x00, 0x00, 0x00, 0x00, 0xff, 0xff, 0xff, 0xff, 0xff, 0xff, 0xff, 0xff, 0xff, 0xff, 0xff, 0xff, 0xff, 0xff, 0xff,
    0xff, 0xf0, 0x29, 0x00, 0x00, 0x00, 0x00, 0x00, 0x00, 0x80, 0xd3, 0x94, 0x0c, 0x01, 0xe0, 0x58, 0x0a, 0xef, 0x01, 0xd5, 0x94, 0x0c, 0x00, 0x00,
    0x00, 0x00, 0x08, 0xd5, 0x94, 0x0c, 0x00, 0x00, 0x00, 0x00, 0x18, 0xd5, 0x94, 0x0c, 0x00, 0x00, 0x00, 0x00, 0xf2, 0x29, 0x00, 0x00, 0x00, 0x00,
    0x00, 0x00, 0xff, 0xff, 0xff, 0xff, 0xff, 0xff, 0xff, 0xff, 0xff, 0xff, 0xff, 0xff, 0xff, 0xff, 0xff, 0xff, 0xf1, 0x29, 0x00, 0x00, 0x00, 0x00,
    0x00, 0x00, 0x50, 0xd4, 0x94, 0x0c, 0x01, 0xe0, 0x58, 0x0a, 0xef, 0x01, 0xd0, 0xd5, 0x94, 0x0c, 0x00, 0x00, 0x00, 0x00, 0xd8, 0xd5, 0x94, 0x0c,
    0x00, 0x00, 0x00, 0x00, 0xe8, 0xd5, 0x94, 0x0c, 0x00, 0x00, 0x00, 0x00, 0xf9, 0x29, 0x00, 0x00, 0x00, 0x00, 0x00, 0x00, 0xff, 0xff, 0xff, 0xff,
    0xff, 0xff, 0xff, 0xff, 0xff, 0xff, 0xff, 0xff, 0xff, 0xff, 0xff, 0xff, 0xf2, 0x29, 0x00, 0x00, 0x00, 0x00, 0x00, 0x00, 0x20, 0xd5, 0x94, 0x0c,
    0x01, 0xe0, 0x58, 0x0a, 0xef, 0x01, 0xa0, 0xd6, 0x94, 0x0c, 0x00, 0x00, 0x00, 0x00, 0xa8, 0xd6, 0x94, 0x0c, 0x00, 0x00, 0x00, 0x00, 0xb8, 0xd6,
    0x94, 0x0c, 0x00, 0x00, 0x00, 0x00, 0xfa, 0x29, 0x00, 0x00, 0x00, 0x00, 0x00, 0x00, 0xff, 0xff, 0xff, 0xff, 0xff, 0xff, 0xff, 0xff, 0xff, 0xff,
    0xff, 0xff, 0xff, 0xff, 0xff, 0xff, 0xf9, 0x29, 0x00, 0x00, 0x00, 0x00, 0x00, 0x00, 0xf0, 0xd5, 0x94, 0x0c, 0x01, 0xe0, 0x58, 0x0a, 0xef, 0x01,
    0x70, 0xd7, 0x94, 0x0c, 0x00, 0x00, 0x00, 0x00, 0x78, 0xd7, 0x94, 0x0c, 0x00, 0x00, 0x00, 0x00, 0x88, 0xd7, 0x94, 0x0c, 0x00, 0x00, 0x00, 0x00,
    0xfd, 0x29, 0x00, 0x00, 0x00, 0x00, 0x00, 0x00, 0xff, 0xff, 0xff, 0xff, 0xff, 0xff, 0xff, 0xff, 0xff, 0xff, 0xff, 0xff, 0xff, 0xff, 0xff, 0xff,
    0xfc, 0x29, 0x00, 0x00, 0x00, 0x00, 0x00, 0x00, 0xc0, 0xd6, 0x94, 0x0c, 0x01, 0xe0, 0x58, 0x0a, 0xef, 0x01, 0x40, 0xd8, 0x94, 0x0c, 0x00, 0x00,
    0x00, 0x00, 0x48, 0xd8, 0x94, 0x0c, 0x00, 0x00, 0x00, 0x00, 0x58, 0xd8, 0x94, 0x0c, 0x00, 0x00, 0x00, 0x00, 0xfe, 0x29, 0x00, 0x00, 0x00, 0x00,
    0x00, 0x00, 0xff, 0xff, 0xff, 0xff, 0xff, 0xff, 0xff, 0xff, 0xff, 0xff, 0xff, 0xff, 0xff, 0xff, 0xff, 0xff, 0xfd, 0x29, 0x00, 0x00, 0x00, 0x00,
    0x00, 0x00, 0x90, 0xd7, 0x94, 0x0c, 0x01, 0xe0, 0x58, 0x0a, 0xef, 0x01, 0x10, 0xd9, 0x94, 0x0c, 0x00, 0x00, 0x00, 0x00, 0x18, 0xd9, 0x94, 0x0c,
    0x00, 0x00, 0x00, 0x00, 0x28, 0xd9, 0x94, 0x0c, 0x00, 0x00, 0x00, 0x00, 0xff, 0x29, 0x00, 0x00, 0x00, 0x00, 0x00, 0x00, 0xff, 0xff, 0xff, 0xff,
    0xff, 0xff, 0xff, 0xff, 0xff, 0xff, 0xff, 0xff, 0xff, 0xff, 0xff, 0xff, 0xfe, 0x29, 0x00, 0x00, 0x00, 0x00, 0x00, 0x00, 0x60, 0xd8, 0x94, 0x0c,
    0x01, 0xe0, 0x58, 0x0a, 0xef, 0x01, 0xe0, 0xd9, 0x94, 0x0c, 0x00, 0x00, 0x00, 0x00, 0xe8, 0xd9, 0x94, 0x0c, 0x00, 0x00, 0x00, 0x00, 0xf8, 0xd9,
    0x94, 0x0c, 0x00, 0x00, 0x00, 0x00, 0x06, 0x2a, 0x00, 0x00, 0x00, 0x00, 0x00, 0x00, 0xff, 0xff, 0xff, 0xff, 0xff, 0xff, 0xff, 0xff, 0xff, 0xff,
    0xff, 0xff, 0xff, 0xff, 0xff, 0xff, 0xff, 0x29, 0x00, 0x00, 0x00, 0x00, 0x00, 0x00, 0x30, 0xd9, 0x94, 0x0c, 0x01, 0xe0, 0x58, 0x0a, 0xef, 0x01,
    0xb0, 0xda, 0x94, 0x0c, 0x00, 0x00, 0x00, 0x00, 0xb8, 0xda, 0x94, 0x0c, 0x00, 0x00, 0x00, 0x00, 0xc8, 0xda, 0x94, 0x0c, 0x00, 0x00, 0x00, 0x00,
    0x07, 0x2a, 0x00, 0x00, 0x00, 0x00, 0x00, 0x00, 0xff, 0xff, 0xff, 0xff, 0xff, 0xff, 0xff, 0xff, 0xff, 0xff, 0xff, 0xff, 0xff, 0xff, 0xff, 0xff,
    0x06, 0x2a, 0x00, 0x00, 0x00, 0x00, 0x00, 0x00, 0x00, 0xda, 0x94, 0x0c, 0x01, 0xe0, 0x58, 0x0a, 0xef, 0x01, 0x80, 0xdb, 0x94, 0x0c, 0x00, 0x00,
    0x00, 0x00, 0x88, 0xdb, 0x94, 0x0c, 0x00, 0x00, 0x00, 0x00, 0x98, 0xdb, 0x94, 0x0c, 0x00, 0x00, 0x00, 0x00, 0x0a, 0x2a, 0x00, 0x00, 0x00, 0x00,
    0x00, 0x00, 0xff, 0xff, 0xff, 0xff, 0xff, 0xff, 0xff, 0xff, 0xff, 0xff, 0xff, 0xff, 0xff, 0xff, 0xff, 0xff, 0x09, 0x2a, 0x00, 0x00, 0x00, 0x00,
    0x00, 0x00, 0xd0, 0xda, 0x94, 0x0c, 0x01, 0xe0, 0x58, 0x0a, 0xef, 0x01, 0x50, 0xdc, 0x94, 0x0c, 0x00, 0x00, 0x00, 0x00, 0x58, 0xdc, 0x94, 0x0c,
    0x00, 0x00, 0x00, 0x00, 0x68, 0xdc, 0x94, 0x0c, 0x00, 0x00, 0x00, 0x00, 0x0b, 0x2a, 0x00, 0x00, 0x00, 0x00, 0x00, 0x00, 0xff, 0xff, 0xff, 0xff,
    0xff, 0xff, 0xff, 0xff, 0xff, 0xff, 0xff, 0xff, 0xff, 0xff, 0xff, 0xff, 0x0a, 0x2a, 0x00, 0x00, 0x00, 0x00, 0x00, 0x00, 0xa0, 0xdb, 0x94, 0x0c,
    0x01, 0xe0, 0x58, 0x0a, 0xef, 0x01, 0x20, 0xdd, 0x94, 0x0c, 0x00, 0x00, 0x00, 0x00, 0x28, 0xdd, 0x94, 0x0c, 0x00, 0x00, 0x00, 0x00, 0x38, 0xdd,
    0x94, 0x0c, 0x00, 0x00, 0x00, 0x00, 0x0c, 0x2a, 0x00, 0x00, 0x00, 0x00, 0x00, 0x00, 0xff, 0xff, 0xff, 0xff, 0xff, 0xff, 0xff, 0xff, 0xff, 0xff,
    0xff, 0xff, 0xff, 0xff, 0xff, 0xff, 0x0b, 0x2a, 0x00, 0x00, 0x00, 0x00, 0x00, 0x00, 0x70, 0xdc, 0x94, 0x0c, 0x01, 0xe0, 0x58, 0x0a, 0xef, 0x01,
    0xf0, 0xdd, 0x94, 0x0c, 0x00, 0x00, 0x00, 0x00, 0xf8, 0xdd, 0x94, 0x0c, 0x00, 0x00, 0x00, 0x00, 0x08, 0xde, 0x94, 0x0c, 0x00, 0x00, 0x00, 0x00,
    0x13, 0x2a, 0x00, 0x00, 0x00, 0x00, 0x00, 0x00, 0xff, 0xff, 0xff, 0xff, 0xff, 0xff, 0xff, 0xff, 0xff, 0xff, 0xff, 0xff, 0xff, 0xff, 0xff, 0xff,
    0x0c, 0x2a, 0x00, 0x00, 0x00, 0x00, 0x00, 0x00, 0x40, 0xdd, 0x94, 0x0c, 0x01, 0xe0, 0x58, 0x0a, 0xef, 0x01, 0xc0, 0xde, 0x94, 0x0c, 0x00, 0x00,
    0x00, 0x00, 0xc8, 0xde, 0x94, 0x0c, 0x00, 0x00, 0x00, 0x00, 0xd8, 0xde, 0x94, 0x0c, 0x00, 0x00, 0x00, 0x00, 0x14, 0x2a, 0x00, 0x00, 0x00, 0x00,
    0x00, 0x00, 0xff, 0xff, 0xff, 0xff, 0xff, 0xff, 0xff, 0xff, 0xff, 0xff, 0xff, 0xff, 0xff, 0xff, 0xff, 0xff, 0x13, 0x2a, 0x00, 0x00, 0x00, 0x00,
    0x00, 0x00, 0x10, 0xde, 0x94, 0x0c, 0x01, 0xe0, 0x58, 0x0a, 0xef, 0x01, 0x90, 0xdf, 0x94, 0x0c, 0x00, 0x00, 0x00, 0x00, 0x98, 0xdf, 0x94, 0x0c,
    0x00, 0x00, 0x00, 0x00, 0xa8, 0xdf, 0x94, 0x0c, 0x00, 0x00, 0x00, 0x00, 0x17, 0x2a, 0x00, 0x00, 0x00, 0x00, 0x00, 0x00, 0xff, 0xff, 0xff, 0xff,
    0xff, 0xff, 0xff, 0xff, 0xff, 0xff, 0xff, 0xff, 0xff, 0xff, 0xff, 0xff, 0x16, 0x2a, 0x00, 0x00, 0x00, 0x00, 0x00, 0x00, 0xe0, 0xde, 0x94, 0x0c,
    0x01, 0xe0, 0x58, 0x0a, 0x34, 0x09, 0x00, 0x00, 0x00, 0x00, 0x01,
};
