0x71001bb000	glVertexAttrib3sv
0x71001bc000	glCopyConvolutionFilter1D
0x71001bd000	glGetVertexAttribArrayObjectivATI
0x71001bf000	glTexCoord3hNV
0x71001c0000	glDeformSGIX
0x71001c1000	glMapGrid1d
0x71001c2000	glGetProgramPipelineiv
0x71001c3000	glMultiTexCoord2svARB
0x71001c4000	glNamedProgramLocalParameter4dvEXT
0x71001c5000	glProgramEnvParametersI4uivNV
0x71001c6000	glTextureColorMaskSGIS
0x712aba35c0	eglQueryString
0x712aba35c8	eglGetCurrentDisplay
0x712aba3978	glCopyTexSubImage3D
0x712aba3980	glDrawRangeElements
0x712aba3988	glTexImage3D
0x712aba3990	glTexSubImage3D
0x712aba3998	glActiveTexture
0x712aba39a0	glClientActiveTexture
0x712aba39a8	glCompressedTexImage1D
0x712aba39b0	glCompressedTexImage2D
0x712aba39b8	glCompressedTexImage3D
0x712aba39c0	glCompressedTexSubImage1D
0x712aba39c8	glCompressedTexSubImage2D
0x712aba39d0	glCompressedTexSubImage3D
0x712aba39d8	glGetCompressedTexImage
0x712aba39e0	glLoadTransposeMatrixd
0x712aba39e8	glLoadTransposeMatrixf
0x712aba39f0	glMultTransposeMatrixd
0x712aba39f8	glMultTransposeMatrixf
0x712aba3a00	glMultiTexCoord1d
0x712aba3a08	glMultiTexCoord1dv
0x712aba3a10	glMultiTexCoord1f
0x712aba3a18	glMultiTexCoord1fv
0x712aba3a20	glMultiTexCoord1i
0x712aba3a28	glMultiTexCoord1iv
0x712aba3a30	glMultiTexCoord1s
0x712aba3a38	glMultiTexCoord1sv
0x712aba3a40	glMultiTexCoord2d
0x712aba3a48	glMultiTexCoord2dv
0x712aba3a50	glMultiTexCoord2f
0x712aba3a58	glMultiTexCoord2fv
0x712aba3a60	glMultiTexCoord2i
0x712aba3a68	glMultiTexCoord2iv
0x712aba3a70	glMultiTexCoord2s
0x712aba3a78	glMultiTexCoord2sv
0x712aba3a80	glMultiTexCoord3d
0x712aba3a88	glMultiTexCoord3dv
0x712aba3a90	glMultiTexCoord3f
0x712aba3a98	glMultiTexCoord3fv
0x712aba3aa0	glMultiTexCoord3i
0x712aba3aa8	glMultiTexCoord3iv
0x712aba3ab0	glMultiTexCoord3s
0x712aba3ab8	glMultiTexCoord3sv
0x712aba3ac0	glMultiTexCoord4d
0x712aba3ac8	glMultiTexCoord4dv
0x712aba3ad0	glMultiTexCoord4f
0x712aba3ad8	glMultiTexCoord4fv
0x712aba3ae0	glMultiTexCoord4i
0x712aba3ae8	glMultiTexCoord4iv
0x712aba3af0	glMultiTexCoord4s
0x712aba3af8	glMultiTexCoord4sv
0x712aba3b00	glSampleCoverage
0x712aba3b08	glBlendColor
0x712aba3b10	glBlendEquation
0x712aba3b18	glBlendFuncSeparate
0x712aba3b20	glFogCoordPointer
0x712aba3b28	glFogCoordd
0x712aba3b30	glFogCoorddv
0x712aba3b38	glFogCoordf
0x712aba3b40	glFogCoordfv
0x712aba3b48	glMultiDrawArrays
0x712aba3b50	glMultiDrawElements
0x712aba3b58	glPointParameterf
0x712aba3b60	glPointParameterfv
0x712aba3b68	glPointParameteri
0x712aba3b70	glPointParameteriv
0x712aba3b78	glSecondaryColor3b
0x712aba3b80	glSecondaryColor3bv
0x712aba3b88	glSecondaryColor3d
0x712aba3b90	glSecondaryColor3dv
0x712aba3b98	glSecondaryColor3f
0x712aba3ba0	glSecondaryColor3fv
0x712aba3ba8	glSecondaryColor3i
0x712aba3bb0	glSecondaryColor3iv
0x712aba3bb8	glSecondaryColor3s
0x712aba3bc0	glSecondaryColor3sv
0x712aba3bc8	glSecondaryColor3ub
0x712aba3bd0	glSecondaryColor3ubv
0x712aba3bd8	glSecondaryColor3ui
0x712aba3be0	glSecondaryColor3uiv
0x712aba3be8	glSecondaryColor3us
0x712aba3bf0	glSecondaryColor3usv
0x712aba3bf8	glSecondaryColorPointer
0x712aba3c00	glWindowPos2d
0x712aba3c08	glWindowPos2dv
0x712aba3c10	glWindowPos2f
0x712aba3c18	glWindowPos2fv
0x712aba3c20	glWindowPos2i
0x712aba3c28	glWindowPos2iv
0x712aba3c30	glWindowPos2s
0x712aba3c38	glWindowPos2sv
0x712aba3c40	glWindowPos3d
0x712aba3c48	glWindowPos3dv
0x712aba3c50	glWindowPos3f
0x712aba3c58	glWindowPos3fv
0x712aba3c60	glWindowPos3i
0x712aba3c68	glWindowPos3iv
0x712aba3c70	glWindowPos3s
0x712aba3c78	glWindowPos3sv
0x712aba3c80	glBeginQuery
0x712aba3c88	glBindBuffer
0x712aba3c90	glBufferData
0x712aba3c98	glBufferSubData
0x712aba3ca0	glDeleteBuffers
0x712aba3ca8	glDeleteQueries
0x712aba3cb0	glEndQuery
0x712aba3cb8	glGenBuffers
0x712aba3cc0	glGenQueries
0x712aba3cc8	glGetBufferParameteriv
0x712aba3cd0	glGetBufferPointerv
0x712aba3cd8	glGetBufferSubData
0x712aba3ce0	glGetQueryObjectiv
0x712aba3ce8	glGetQueryObjectuiv
0x712aba3cf0	glGetQueryiv
0x712aba3cf8	glIsBuffer
0x712aba3d00	glIsQuery
0x712aba3d08	glMapBuffer
0x712aba3d10	glUnmapBuffer
0x712aba3d18	glAttachShader
0x712aba3d20	glBindAttribLocation
0x712aba3d28	glBlendEquationSeparate
0x712aba3d30	glCompileShader
0x712aba3d38	glCreateProgram
0x712aba3d40	glCreateShader
0x712aba3d48	glDeleteProgram
0x712aba3d50	glDeleteShader
0x712aba3d58	glDetachShader
0x712aba3d60	glDisableVertexAttribArray
0x712aba3d68	glDrawBuffers
0x712aba3d70	glEnableVertexAttribArray
0x712aba3d78	glGetActiveAttrib
0x712aba3d80	glGetActiveUniform
0x712aba3d88	glGetAttachedShaders
0x712aba3d90	glGetAttribLocation
0x712aba3d98	glGetProgramInfoLog
0x712aba3da0	glGetProgramiv
0x712aba3da8	glGetShaderInfoLog
0x712aba3db0	glGetShaderSource
0x712aba3db8	glGetShaderiv
0x712aba3dc0	glGetUniformLocation
0x712aba3dc8	glGetUniformfv
0x712aba3dd0	glGetUniformiv
0x712aba3dd8	glGetVertexAttribPointerv
0x712aba3de0	glGetVertexAttribdv
0x712aba3de8	glGetVertexAttribfv
0x712aba3df0	glGetVertexAttribiv
0x712aba3df8	glIsProgram
0x712aba3e00	glIsShader
0x712aba3e08	glLinkProgram
0x712aba3e10	glShaderSource
0x712aba3e18	glStencilFuncSeparate
0x712aba3e20	glStencilMaskSeparate
0x712aba3e28	glStencilOpSeparate
0x712aba3e30	glUniform1f
0x712aba3e38	glUniform1fv
0x712aba3e40	glUniform1i
0x712aba3e48	glUniform1iv
0x712aba3e50	glUniform2f
0x712aba3e58	glUniform2fv
0x712aba3e60	glUniform2i
0x712aba3e68	glUniform2iv
0x712aba3e70	glUniform3f
0x712aba3e78	glUniform3fv
0x712aba3e80	glUniform3i
0x712aba3e88	glUniform3iv
0x712aba3e90	glUniform4f
0x712aba3e98	glUniform4fv
0x712aba3ea0	glUniform4i
0x712aba3ea8	glUniform4iv
0x712aba3eb0	glUniformMatrix2fv
0x712aba3eb8	glUniformMatrix3fv
0x712aba3ec0	glUniformMatrix4fv
0x712aba3ec8	glUseProgram
0x712aba3ed0	glValidateProgram
0x712aba3ed8	glVertexAttrib1d
0x712aba3ee0	glVertexAttrib1dv
0x712aba3ee8	glVertexAttrib1f
0x712aba3ef0	glVertexAttrib1fv
0x712aba3ef8	glVertexAttrib1s
0x712aba3f00	glVertexAttrib1sv
0x712aba3f08	glVertexAttrib2d
0x712aba3f10	glVertexAttrib2dv
0x712aba3f18	glVertexAttrib2f
0x712aba3f20	glVertexAttrib2fv
0x712aba3f28	glVertexAttrib2s
0x712aba3f30	glVertexAttrib2sv
0x712aba3f38	glVertexAttrib3d
0x712aba3f40	glVertexAttrib3dv
0x712aba3f48	glVertexAttrib3f
0x712aba3f50	glVertexAttrib3fv
0x712aba3f58	glVertexAttrib3s
0x712aba3f68	glVertexAttrib4Nbv
0x712aba3f70	glVertexAttrib4Niv
0x712aba3f78	glVertexAttrib4Nsv
0x712aba3f80	glVertexAttrib4Nub
0x712aba3f88	glVertexAttrib4Nubv
0x712aba3f90	glVertexAttrib4Nuiv
0x712aba3f98	glVertexAttrib4Nusv
0x712aba3fa0	glVertexAttrib4bv
0x712aba3fa8	glVertexAttrib4d
0x712aba3fb0	glVertexAttrib4dv
0x712aba3fb8	glVertexAttrib4f
0x712aba3fc0	glVertexAttrib4fv
0x712aba3fc8	glVertexAttrib4iv
0x712aba3fd0	glVertexAttrib4s
0x712aba3fd8	glVertexAttrib4sv
0x712aba3fe0	glVertexAttrib4ubv
0x712aba3fe8	glVertexAttrib4uiv
0x712aba3ff0	glVertexAttrib4usv
0x712aba3ff8	glVertexAttribPointer
0x712aba4000	glUniformMatrix2x3fv
0x712aba4008	glUniformMatrix2x4fv
0x712aba4010	glUniformMatrix3x2fv
0x712aba4018	glUniformMatrix3x4fv
0x712aba4020	glUniformMatrix4x2fv
0x712aba4028	glUniformMatrix4x3fv
0x712aba4030	glBeginConditionalRender
0x712aba4038	glBeginTransformFeedback
0x712aba4040	glBindFragDataLocation
0x712aba4048	glClampColor
0x712aba4050	glClearBufferfi
0x712aba4058	glClearBufferfv
0x712aba4060	glClearBufferiv
0x712aba4068	glClearBufferuiv
0x712aba4070	glColorMaski
0x712aba4078	glDisablei
0x712aba4080	glEnablei
0x712aba4088	glEndConditionalRender
0x712aba4090	glEndTransformFeedback
0x712aba4098	glGetBooleani_v
0x712aba40a0	glGetFragDataLocation
0x712aba40a8	glGetStringi
0x712aba40b0	glGetTexParameterIiv
0x712aba40b8	glGetTexParameterIuiv
0x712aba40c0	glGetTransformFeedbackVarying
0x712aba40c8	glGetUniformuiv
0x712aba40d0	glGetVertexAttribIiv
0x712aba40d8	glGetVertexAttribIuiv
0x712aba40e0	glIsEnabledi
0x712aba40e8	glTexParameterIiv
0x712aba40f0	glTexParameterIuiv
0x712aba40f8	glTransformFeedbackVaryings
0x712aba4100	glUniform1ui
0x712aba4108	glUniform1uiv
0x712aba4110	glUniform2ui
0x712aba4118	glUniform2uiv
0x712aba4120	glUniform3ui
0x712aba4128	glUniform3uiv
0x712aba4130	glUniform4ui
0x712aba4138	glUniform4uiv
0x712aba4140	glVertexAttribI1i
0x712aba4148	glVertexAttribI1iv
0x712aba4150	glVertexAttribI1ui
0x712aba4158	glVertexAttribI1uiv
0x712aba4160	glVertexAttribI2i
0x712aba4168	glVertexAttribI2iv
0x712aba4170	glVertexAttribI2ui
0x712aba4178	glVertexAttribI2uiv
0x712aba4180	glVertexAttribI3i
0x712aba4188	glVertexAttribI3iv
0x712aba4190	glVertexAttribI3ui
0x712aba4198	glVertexAttribI3uiv
0x712aba41a0	glVertexAttribI4bv
0x712aba41a8	glVertexAttribI4i
0x712aba41b0	glVertexAttribI4iv
0x712aba41b8	glVertexAttribI4sv
0x712aba41c0	glVertexAttribI4ubv
0x712aba41c8	glVertexAttribI4ui
0x712aba41d0	glVertexAttribI4uiv
0x712aba41d8	glVertexAttribI4usv
0x712aba41e0	glVertexAttribIPointer
0x712aba41e8	glDrawArraysInstanced
0x712aba41f0	glDrawElementsInstanced
0x712aba41f8	glPrimitiveRestartIndex
0x712aba4200	glTexBuffer
0x712aba4208	glFramebufferTexture
0x712aba4210	glGetBufferParameteri64v
0x712aba4218	glGetInteger64i_v
0x712aba4220	glVertexAttribDivisor
0x712aba4228	glBlendEquationSeparatei
0x712aba4230	glBlendEquationi
0x712aba4238	glBlendFuncSeparatei
0x712aba4240	glBlendFunci
0x712aba4248	glMinSampleShading
0x712aba4250	glGetGraphicsResetStatus
0x712aba4258	glGetnCompressedTexImage
0x712aba4260	glGetnTexImage
0x712aba4268	glGetnUniformdv
0x712aba4270	glMultiDrawArraysIndirectCount
0x712aba4278	glMultiDrawElementsIndirectCount
0x712aba4280	glSpecializeShader
0x712aba4288	glTbufferMask3DFX
0x712aba4290	glDebugMessageCallbackAMD
0x712aba4298	glDebugMessageEnableAMD
0x712aba42a0	glDebugMessageInsertAMD
0x712aba42a8	glGetDebugMessageLogAMD
0x712aba42b0	glBlendEquationIndexedAMD
0x712aba42b8	glBlendEquationSeparateIndexedAMD
0x712aba42c0	glBlendFuncIndexedAMD
0x712aba42c8	glBlendFuncSeparateIndexedAMD
0x712aba42d0	glFramebufferSamplePositionsfvAMD
0x712aba42d8	glGetFramebufferParameterfvAMD
0x712aba42e0	glGetNamedFramebufferParameterfvAMD
0x712aba42e8	glNamedFramebufferSamplePositionsfvAMD
0x712aba42f0	glVertexAttribParameteriAMD
0x712aba42f8	glMultiDrawArraysIndirectAMD
0x712aba4300	glMultiDrawElementsIndirectAMD
0x712aba4308	glDeleteNamesAMD
0x712aba4310	glGenNamesAMD
0x712aba4318	glIsNameAMD
0x712aba4320	glQueryObjectParameteruiAMD
0x712aba4328	glBeginPerfMonitorAMD
0x712aba4330	glDeletePerfMonitorsAMD
0x712aba4338	glEndPerfMonitorAMD
0x712aba4340	glGenPerfMonitorsAMD
0x712aba4348	glGetPerfMonitorCounterDataAMD
0x712aba4350	glGetPerfMonitorCounterInfoAMD
0x712aba4358	glGetPerfMonitorCounterStringAMD
0x712aba4360	glGetPerfMonitorCountersAMD
0x712aba4368	glGetPerfMonitorGroupStringAMD
0x712aba4370	glGetPerfMonitorGroupsAMD
0x712aba4378	glSelectPerfMonitorCountersAMD
0x712aba4380	glSetMultisamplefvAMD
0x712aba4388	glTexStorageSparseAMD
0x712aba4390	glTextureStorageSparseAMD
0x712aba4398	glStencilOpValueAMD
0x712aba43a0	glTessellationFactorAMD
0x712aba43a8	glTessellationModeAMD
0x712aba43b0	glBlitFramebufferANGLE
0x712aba43b8	glRenderbufferStorageMultisampleANGLE
0x712aba43c0	glDrawArraysInstancedANGLE
0x712aba43c8	glDrawElementsInstancedANGLE
0x712aba43d0	glVertexAttribDivisorANGLE
0x712aba43d8	glBeginQueryANGLE
0x712aba43e0	glDeleteQueriesANGLE
0x712aba43e8	glEndQueryANGLE
0x712aba43f0	glGenQueriesANGLE
0x712aba43f8	glGetQueryObjecti64vANGLE
0x712aba4400	glGetQueryObjectivANGLE
0x712aba4408	glGetQueryObjectui64vANGLE
0x712aba4410	glGetQueryObjectuivANGLE
0x712aba4418	glGetQueryivANGLE
0x712aba4420	glIsQueryANGLE
0x712aba4428	glQueryCounterANGLE
0x712aba4430	glGetTranslatedShaderSourceANGLE
0x712aba4438	glCopyTextureLevelsAPPLE
0x712aba4440	glDrawElementArrayAPPLE
0x712aba4448	glDrawRangeElementArrayAPPLE
0x712aba4450	glElementPointerAPPLE
0x712aba4458	glMultiDrawElementArrayAPPLE
0x712aba4460	glMultiDrawRangeElementArrayAPPLE
0x712aba4468	glDeleteFencesAPPLE
0x712aba4470	glFinishFenceAPPLE
0x712aba4478	glFinishObjectAPPLE
0x712aba4480	glGenFencesAPPLE
0x712aba4488	glIsFenceAPPLE
0x712aba4490	glSetFenceAPPLE
0x712aba4498	glTestFenceAPPLE
0x712aba44a0	glTestObjectAPPLE
0x712aba44a8	glBufferParameteriAPPLE
0x712aba44b0	glFlushMappedBufferRangeAPPLE
0x712aba44b8	glRenderbufferStorageMultisampleAPPLE
0x712aba44c0	glResolveMultisampleFramebufferAPPLE
0x712aba44c8	glGetObjectParameterivAPPLE
0x712aba44d0	glObjectPurgeableAPPLE
0x712aba44d8	glObjectUnpurgeableAPPLE
0x712aba44e0	glClientWaitSyncAPPLE
0x712aba44e8	glDeleteSyncAPPLE
0x712aba44f0	glFenceSyncAPPLE
0x712aba44f8	glGetInteger64vAPPLE
0x712aba4500	glGetSyncivAPPLE
0x712aba4508	glIsSyncAPPLE
0x712aba4510	glWaitSyncAPPLE
0x712aba4518	glGetTexParameterPointervAPPLE
0x712aba4520	glTextureRangeAPPLE
0x712aba4528	glBindVertexArrayAPPLE
0x712aba4530	glDeleteVertexArraysAPPLE
0x712aba4538	glGenVertexArraysAPPLE
0x712aba4540	glIsVertexArrayAPPLE
0x712aba4548	glFlushVertexArrayRangeAPPLE
0x712aba4550	glVertexArrayParameteriAPPLE
0x712aba4558	glVertexArrayRangeAPPLE
0x712aba4560	glDisableVertexAttribAPPLE
0x712aba4568	glEnableVertexAttribAPPLE
0x712aba4570	glIsVertexAttribEnabledAPPLE
0x712aba4578	glMapVertexAttrib1dAPPLE
0x712aba4580	glMapVertexAttrib1fAPPLE
0x712aba4588	glMapVertexAttrib2dAPPLE
0x712aba4590	glMapVertexAttrib2fAPPLE
0x712aba4598	glClearDepthf
0x712aba45a0	glDepthRangef
0x712aba45a8	glGetShaderPrecisionFormat
0x712aba45b0	glReleaseShaderCompiler
0x712aba45b8	glShaderBinary
0x712aba45c0	glMemoryBarrierByRegion
0x712aba45c8	glPrimitiveBoundingBoxARB
0x712aba45d0	glDrawArraysInstancedBaseInstance
0x712aba45d8	glDrawElementsInstancedBaseInstance
0x712aba45e0	glDrawElementsInstancedBaseVertexBaseInstance
0x712aba45e8	glGetImageHandleARB
0x712aba45f0	glGetTextureHandleARB
0x712aba45f8	glGetTextureSamplerHandleARB
0x712aba4600	glGetVertexAttribLui64vARB
0x712aba4608	glIsImageHandleResidentARB
0x712aba4610	glIsTextureHandleResidentARB
0x712aba4618	glMakeImageHandleNonResidentARB
0x712aba4620	glMakeImageHandleResidentARB
0x712aba4628	glMakeTextureHandleNonResidentARB
0x712aba4630	glMakeTextureHandleResidentARB
0x712aba4638	glProgramUniformHandleui64ARB
0x712aba4640	glProgramUniformHandleui64vARB
0x712aba4648	glUniformHandleui64ARB
0x712aba4650	glUniformHandleui64vARB
0x712aba4658	glVertexAttribL1ui64ARB
0x712aba4660	glVertexAttribL1ui64vARB
0x712aba4668	glBindFragDataLocationIndexed
0x712aba4670	glGetFragDataIndex
0x712aba4678	glBufferStorage
0x712aba4680	glCreateSyncFromCLeventARB
0x712aba4688	glClearBufferData
0x712aba4690	glClearBufferSubData
0x712aba4698	glClearNamedBufferDataEXT
0x712aba46a0	glClearNamedBufferSubDataEXT
0x712aba46a8	glClearTexImage
0x712aba46b0	glClearTexSubImage
0x712aba46b8	glClipControl
0x712aba46c0	glClampColorARB
0x712aba46c8	glDispatchCompute
0x712aba46d0	glDispatchComputeIndirect
0x712aba46d8	glDispatchComputeGroupSizeARB
0x712aba46e0	glCopyBufferSubData
0x712aba46e8	glCopyImageSubData
0x712aba46f0	glDebugMessageCallbackARB
0x712aba46f8	glDebugMessageControlARB
0x712aba4700	glDebugMessageInsertARB
0x712aba4708	glGetDebugMessageLogARB
0x712aba4710	glBindTextureUnit
0x712aba4718	glBlitNamedFramebuffer
0x712aba4720	glCheckNamedFramebufferStatus
0x712aba4728	glClearNamedBufferData
0x712aba4730	glClearNamedBufferSubData
0x712aba4738	glClearNamedFramebufferfi
0x712aba4740	glClearNamedFramebufferfv
0x712aba4748	glClearNamedFramebufferiv
0x712aba4750	glClearNamedFramebufferuiv
0x712aba4758	glCompressedTextureSubImage1D
0x712aba4760	glCompressedTextureSubImage2D
0x712aba4768	glCompressedTextureSubImage3D
0x712aba4770	glCopyNamedBufferSubData
0x712aba4778	glCopyTextureSubImage1D
0x712aba4780	glCopyTextureSubImage2D
0x712aba4788	glCopyTextureSubImage3D
0x712aba4790	glCreateBuffers
0x712aba4798	glCreateFramebuffers
0x712aba47a0	glCreateProgramPipelines
0x712aba47a8	glCreateQueries
0x712aba47b0	glCreateRenderbuffers
0x712aba47b8	glCreateSamplers
0x712aba47c0	glCreateTextures
0x712aba47c8	glCreateTransformFeedbacks
0x712aba47d0	glCreateVertexArrays
0x712aba47d8	glDisableVertexArrayAttrib
0x712aba47e0	glEnableVertexArrayAttrib
0x712aba47e8	glFlushMappedNamedBufferRange
0x712aba47f0	glGenerateTextureMipmap
0x712aba47f8	glGetCompressedTextureImage
0x712aba4800	glGetNamedBufferParameteri64v
0x712aba4808	glGetNamedBufferParameteriv
0x712aba4810	glGetNamedBufferPointerv
0x712aba4818	glGetNamedBufferSubData
0x712aba4820	glGetNamedFramebufferAttachmentParameteriv
0x712aba4828	glGetNamedFramebufferParameteriv
0x712aba4830	glGetNamedRenderbufferParameteriv
0x712aba4838	glGetQueryBufferObjecti64v
0x712aba4840	glGetQueryBufferObjectiv
0x712aba4848	glGetQueryBufferObjectui64v
0x712aba4850	glGetQueryBufferObjectuiv
0x712aba4858	glGetTextureImage
0x712aba4860	glGetTextureLevelParameterfv
0x712aba4868	glGetTextureLevelParameteriv
0x712aba4870	glGetTextureParameterIiv
0x712aba4878	glGetTextureParameterIuiv
0x712aba4880	glGetTextureParameterfv
0x712aba4888	glGetTextureParameteriv
0x712aba4890	glGetTransformFeedbacki64_v
0x712aba4898	glGetTransformFeedbacki_v
0x712aba48a0	glGetTransformFeedbackiv
0x712aba48a8	glGetVertexArrayIndexed64iv
0x712aba48b0	glGetVertexArrayIndexediv
0x712aba48b8	glGetVertexArrayiv
0x712aba48c0	glInvalidateNamedFramebufferData
0x712aba48c8	glInvalidateNamedFramebufferSubData
0x712aba48d0	glMapNamedBuffer
0x712aba48d8	glMapNamedBufferRange
0x712aba48e0	glNamedBufferData
0x712aba48e8	glNamedBufferStorage
0x712aba48f0	glNamedBufferSubData
0x712aba48f8	glNamedFramebufferDrawBuffer
0x712aba4900	glNamedFramebufferDrawBuffers
0x712aba4908	glNamedFramebufferParameteri
0x712aba4910	glNamedFramebufferReadBuffer
0x712aba4918	glNamedFramebufferRenderbuffer
0x712aba4920	glNamedFramebufferTexture
0x712aba4928	glNamedFramebufferTextureLayer
0x712aba4930	glNamedRenderbufferStorage
0x712aba4938	glNamedRenderbufferStorageMultisample
0x712aba4940	glTextureBuffer
0x712aba4948	glTextureBufferRange
0x712aba4950	glTextureParameterIiv
0x712aba4958	glTextureParameterIuiv
0x712aba4960	glTextureParameterf
0x712aba4968	glTextureParameterfv
0x712aba4970	glTextureParameteri
0x712aba4978	glTextureParameteriv
0x712aba4980	glTextureStorage1D
0x712aba4988	glTextureStorage2D
0x712aba4990	glTextureStorage2DMultisample
0x712aba4998	glTextureStorage3D
0x712aba49a0	glTextureStorage3DMultisample
0x712aba49a8	glTextureSubImage1D
0x712aba49b0	glTextureSubImage2D
0x712aba49b8	glTextureSubImage3D
0x712aba49c0	glTransformFeedbackBufferBase
0x712aba49c8	glTransformFeedbackBufferRange
0x712aba49d0	glUnmapNamedBuffer
0x712aba49d8	glVertexArrayAttribBinding
0x712aba49e0	glVertexArrayAttribFormat
0x712aba49e8	glVertexArrayAttribIFormat
0x712aba49f0	glVertexArrayAttribLFormat
0x712aba49f8	glVertexArrayBindingDivisor
0x712aba4a00	glVertexArrayElementBuffer
0x712aba4a08	glVertexArrayVertexBuffer
0x712aba4a10	glVertexArrayVertexBuffers
0x712aba4a18	glDrawBuffersARB
0x712aba4a20	glBlendEquationSeparateiARB
0x712aba4a28	glBlendEquationiARB
0x712aba4a30	glBlendFuncSeparateiARB
0x712aba4a38	glBlendFunciARB
0x712aba4a40	glDrawElementsBaseVertex
0x712aba4a48	glDrawElementsInstancedBaseVertex
0x712aba4a50	glDrawRangeElementsBaseVertex
0x712aba4a58	glMultiDrawElementsBaseVertex
0x712aba4a60	glDrawArraysIndirect
0x712aba4a68	glDrawElementsIndirect
0x712aba4a70	glFramebufferParameteri
0x712aba4a78	glGetFramebufferParameteriv
0x712aba4a80	glGetNamedFramebufferParameterivEXT
0x712aba4a88	glNamedFramebufferParameteriEXT
0x712aba4a90	glBindFramebuffer
0x712aba4a98	glBindRenderbuffer
0x712aba4aa0	glBlitFramebuffer
0x712aba4aa8	glCheckFramebufferStatus
0x712aba4ab0	glDeleteFramebuffers
0x712aba4ab8	glDeleteRenderbuffers
0x712aba4ac0	glFramebufferRenderbuffer
0x712aba4ac8	glFramebufferTexture1D
0x712aba4ad0	glFramebufferTexture2D
0x712aba4ad8	glFramebufferTexture3D
0x712aba4ae0	glFramebufferTextureLayer
0x712aba4ae8	glGenFramebuffers
0x712aba4af0	glGenRenderbuffers
0x712aba4af8	glGenerateMipmap
0x712aba4b00	glGetFramebufferAttachmentParameteriv
0x712aba4b08	glGetRenderbufferParameteriv
0x712aba4b10	glIsFramebuffer
0x712aba4b18	glIsRenderbuffer
0x712aba4b20	glRenderbufferStorage
0x712aba4b28	glRenderbufferStorageMultisample
0x712aba4b30	glFramebufferTextureARB
0x712aba4b38	glFramebufferTextureFaceARB
0x712aba4b40	glFramebufferTextureLayerARB
0x712aba4b48	glProgramParameteriARB
0x712aba4b50	glGetProgramBinary
0x712aba4b58	glProgramBinary
0x712aba4b60	glProgramParameteri
0x712aba4b68	glGetCompressedTextureSubImage
0x712aba4b70	glGetTextureSubImage
0x712aba4b78	glSpecializeShaderARB
0x712aba4b80	glGetUniformdv
0x712aba4b88	glUniform1d
0x712aba4b90	glUniform1dv
0x712aba4b98	glUniform2d
0x712aba4ba0	glUniform2dv
0x712aba4ba8	glUniform3d
0x712aba4bb0	glUniform3dv
0x712aba4bb8	glUniform4d
0x712aba4bc0	glUniform4dv
0x712aba4bc8	glUniformMatrix2dv
0x712aba4bd0	glUniformMatrix2x3dv
0x712aba4bd8	glUniformMatrix2x4dv
0x712aba4be0	glUniformMatrix3dv
0x712aba4be8	glUniformMatrix3x2dv
0x712aba4bf0	glUniformMatrix3x4dv
0x712aba4bf8	glUniformMatrix4dv
0x712aba4c00	glUniformMatrix4x2dv
0x712aba4c08	glUniformMatrix4x3dv
0x712aba4c10	glGetUniformi64vARB
0x712aba4c18	glGetUniformui64vARB
0x712aba4c20	glGetnUniformi64vARB
0x712aba4c28	glGetnUniformui64vARB
0x712aba4c30	glProgramUniform1i64ARB
0x712aba4c38	glProgramUniform1i64vARB
0x712aba4c40	glProgramUniform1ui64ARB
0x712aba4c48	glProgramUniform1ui64vARB
0x712aba4c50	glProgramUniform2i64ARB
0x712aba4c58	glProgramUniform2i64vARB
0x712aba4c60	glProgramUniform2ui64ARB
0x712aba4c68	glProgramUniform2ui64vARB
0x712aba4c70	glProgramUniform3i64ARB
0x712aba4c78	glProgramUniform3i64vARB
0x712aba4c80	glProgramUniform3ui64ARB
0x712aba4c88	glProgramUniform3ui64vARB
0x712aba4c90	glProgramUniform4i64ARB
0x712aba4c98	glProgramUniform4i64vARB
0x712aba4ca0	glProgramUniform4ui64ARB
0x712aba4ca8	glProgramUniform4ui64vARB
0x712aba4cb0	glUniform1i64ARB
0x712aba4cb8	glUniform1i64vARB
0x712aba4cc0	glUniform1ui64ARB
0x712aba4cc8	glUniform1ui64vARB
0x712aba4cd0	glUniform2i64ARB
0x712aba4cd8	glUniform2i64vARB
0x712aba4ce0	glUniform2ui64ARB
0x712aba4ce8	glUniform2ui64vARB
0x712aba4cf0	glUniform3i64ARB
0x712aba4cf8	glUniform3i64vARB
0x712aba4d00	glUniform3ui64ARB
0x712aba4d08	glUniform3ui64vARB
0x712aba4d10	glUniform4i64ARB
0x712aba4d18	glUniform4i64vARB
0x712aba4d20	glUniform4ui64ARB
0x712aba4d28	glUniform4ui64vARB
0x712aba4d30	glColorSubTable
0x712aba4d38	glColorTable
0x712aba4d40	glColorTableParameterfv
0x712aba4d48	glColorTableParameteriv
0x712aba4d50	glConvolutionFilter1D
0x712aba4d58	glConvolutionFilter2D
0x712aba4d60	glConvolutionParameterf
0x712aba4d68	glConvolutionParameterfv
0x712aba4d70	glConvolutionParameteri
0x712aba4d78	glConvolutionParameteriv
0x712aba4d80	glCopyColorSubTable
0x712aba4d88	glCopyColorTable
0x712aba4d98	glCopyConvolutionFilter2D
0x712aba4da0	glGetColorTable
0x712aba4da8	glGetColorTableParameterfv
0x712aba4db0	glGetColorTableParameteriv
0x712aba4db8	glGetConvolutionFilter
0x712aba4dc0	glGetConvolutionParameterfv
0x712aba4dc8	glGetConvolutionParameteriv
0x712aba4dd0	glGetHistogram
0x712aba4dd8	glGetHistogramParameterfv
0x712aba4de0	glGetHistogramParameteriv
0x712aba4de8	glGetMinmax
0x712aba4df0	glGetMinmaxParameterfv
0x712aba4df8	glGetMinmaxParameteriv
0x712aba4e00	glGetSeparableFilter
0x712aba4e08	glHistogram
0x712aba4e10	glMinmax
0x712aba4e18	glResetHistogram
0x712aba4e20	glResetMinmax
0x712aba4e28	glSeparableFilter2D
0x712aba4e30	glMultiDrawArraysIndirectCountARB
0x712aba4e38	glMultiDrawElementsIndirectCountARB
0x712aba4e40	glDrawArraysInstancedARB
0x712aba4e48	glDrawElementsInstancedARB
0x712aba4e50	glVertexAttribDivisorARB
0x712aba4e58	glGetInternalformativ
0x712aba4e60	glGetInternalformati64v
0x712aba4e68	glInvalidateBufferData
0x712aba4e70	glInvalidateBufferSubData
0x712aba4e78	glInvalidateFramebuffer
0x712aba4e80	glInvalidateSubFramebuffer
0x712aba4e88	glInvalidateTexImage
0x712aba4e90	glInvalidateTexSubImage
0x712aba4e98	glFlushMappedBufferRange
0x712aba4ea0	glMapBufferRange
0x712aba4ea8	glCurrentPaletteMatrixARB
0x712aba4eb0	glMatrixIndexPointerARB
0x712aba4eb8	glMatrixIndexubvARB
0x712aba4ec0	glMatrixIndexuivARB
0x712aba4ec8	glMatrixIndexusvARB
0x712aba4ed0	glBindBuffersBase
0x712aba4ed8	glBindBuffersRange
0x712aba4ee0	glBindImageTextures
0x712aba4ee8	glBindSamplers
0x712aba4ef0	glBindTextures
0x712aba4ef8	glBindVertexBuffers
0x712aba4f00	glMultiDrawArraysIndirect
0x712aba4f08	glMultiDrawElementsIndirect
0x712aba4f10	glSampleCoverageARB
0x712aba4f18	glActiveTextureARB
0x712aba4f20	glClientActiveTextureARB
0x712aba4f28	glMultiTexCoord1dARB
0x712aba4f30	glMultiTexCoord1dvARB
0x712aba4f38	glMultiTexCoord1fARB
0x712aba4f40	glMultiTexCoord1fvARB
0x712aba4f48	glMultiTexCoord1iARB
0x712aba4f50	glMultiTexCoord1ivARB
0x712aba4f58	glMultiTexCoord1sARB
0x712aba4f60	glMultiTexCoord1svARB
0x712aba4f68	glMultiTexCoord2dARB
0x712aba4f70	glMultiTexCoord2dvARB
0x712aba4f78	glMultiTexCoord2fARB
0x712aba4f80	glMultiTexCoord2fvARB
0x712aba4f88	glMultiTexCoord2iARB
0x712aba4f90	glMultiTexCoord2ivARB
0x712aba4f98	glMultiTexCoord2sARB
0x712aba4fa0	glMultiTexCoord2svARB
0x712aba4fa8	glMultiTexCoord3dARB
0x712aba4fb0	glMultiTexCoord3dvARB
0x712aba4fb8	glMultiTexCoord3fARB
0x712aba4fc0	glMultiTexCoord3fvARB
0x712aba4fc8	glMultiTexCoord3iARB
0x712aba4fd0	glMultiTexCoord3ivARB
0x712aba4fd8	glMultiTexCoord3sARB
0x712aba4fe0	glMultiTexCoord3svARB
0x712aba4fe8	glMultiTexCoord4dARB
0x712aba4ff0	glMultiTexCoord4dvARB
0x712aba4ff8	glMultiTexCoord4fARB
0x712aba5000	glMultiTexCoord4fvARB
0x712aba5008	glMultiTexCoord4iARB
0x712aba5010	glMultiTexCoord4ivARB
0x712aba5018	glMultiTexCoord4sARB
0x712aba5020	glMultiTexCoord4svARB
0x712aba5028	glBeginQueryARB
0x712aba5030	glDeleteQueriesARB
0x712aba5038	glEndQueryARB
0x712aba5040	glGenQueriesARB
0x712aba5048	glGetQueryObjectivARB
0x712aba5050	glGetQueryObjectuivARB
0x712aba5058	glGetQueryivARB
0x712aba5060	glIsQueryARB
0x712aba5068	glMaxShaderCompilerThreadsARB
0x712aba5070	glPointParameterfARB
0x712aba5078	glPointParameterfvARB
0x712aba5080	glPolygonOffsetClamp
0x712aba5088	glGetProgramInterfaceiv
0x712aba5090	glGetProgramResourceIndex
0x712aba5098	glGetProgramResourceLocation
0x712aba50a0	glGetProgramResourceLocationIndex
0x712aba50a8	glGetProgramResourceName
0x712aba50b0	glGetProgramResourceiv
0x712aba50b8	glProvokingVertex
0x712aba50c0	glGetGraphicsResetStatusARB
0x712aba50c8	glGetnColorTableARB
0x712aba50d0	glGetnCompressedTexImageARB
0x712aba50d8	glGetnConvolutionFilterARB
0x712aba50e0	glGetnHistogramARB
0x712aba50e8	glGetnMapdvARB
0x712aba50f0	glGetnMapfvARB
0x712aba50f8	glGetnMapivARB
0x712aba5100	glGetnMinmaxARB
0x712aba5108	glGetnPixelMapfvARB
0x712aba5110	glGetnPixelMapuivARB
0x712aba5118	glGetnPixelMapusvARB
0x712aba5120	glGetnPolygonStippleARB
0x712aba5128	glGetnSeparableFilterARB
0x712aba5130	glGetnTexImageARB
0x712aba5138	glGetnUniformdvARB
0x712aba5140	glGetnUniformfvARB
0x712aba5148	glGetnUniformivARB
0x712aba5150	glGetnUniformuivARB
0x712aba5158	glReadnPixelsARB
0x712aba5160	glFramebufferSampleLocationsfvARB
0x712aba5168	glNamedFramebufferSampleLocationsfvARB
0x712aba5170	glMinSampleShadingARB
0x712aba5178	glBindSampler
0x712aba5180	glDeleteSamplers
0x712aba5188	glGenSamplers
0x712aba5190	glGetSamplerParameterIiv
0x712aba5198	glGetSamplerParameterIuiv
0x712aba51a0	glGetSamplerParameterfv
0x712aba51a8	glGetSamplerParameteriv
0x712aba51b0	glIsSampler
0x712aba51b8	glSamplerParameterIiv
0x712aba51c0	glSamplerParameterIuiv
0x712aba51c8	glSamplerParameterf
0x712aba51d0	glSamplerParameterfv
0x712aba51d8	glSamplerParameteri
0x712aba51e0	glSamplerParameteriv
0x712aba51e8	glActiveShaderProgram
0x712aba51f0	glBindProgramPipeline
0x712aba51f8	glCreateShaderProgramv
0x712aba5200	glDeleteProgramPipelines
0x712aba5208	glGenProgramPipelines
0x712aba5210	glGetProgramPipelineInfoLog
0x712aba5218	glGetProgramPipelineiv
0x712aba5220	glIsProgramPipeline
0x712aba5228	glProgramUniform1d
0x712aba5230	glProgramUniform1dv
0x712aba5238	glProgramUniform1f
0x712aba5240	glProgramUniform1fv
0x712aba5248	glProgramUniform1i
0x712aba5250	glProgramUniform1iv
0x712aba5258	glProgramUniform1ui
0x712aba5260	glProgramUniform1uiv
0x712aba5268	glProgramUniform2d
0x712aba5270	glProgramUniform2dv
0x712aba5278	glProgramUniform2f
0x712aba5280	glProgramUniform2fv
0x712aba5288	glProgramUniform2i
0x712aba5290	glProgramUniform2iv
0x712aba5298	glProgramUniform2ui
0x712aba52a0	glProgramUniform2uiv
0x712aba52a8	glProgramUniform3d
0x712aba52b0	glProgramUniform3dv
0x712aba52b8	glProgramUniform3f
0x712aba52c0	glProgramUniform3fv
0x712aba52c8	glProgramUniform3i
0x712aba52d0	glProgramUniform3iv
0x712aba52d8	glProgramUniform3ui
0x712aba52e0	glProgramUniform3uiv
0x712aba52e8	glProgramUniform4d
0x712aba52f0	glProgramUniform4dv
0x712aba52f8	glProgramUniform4f
0x712aba5300	glProgramUniform4fv
0x712aba5308	glProgramUniform4i
0x712aba5310	glProgramUniform4iv
0x712aba5318	glProgramUniform4ui
0x712aba5320	glProgramUniform4uiv
0x712aba5328	glProgramUniformMatrix2dv
0x712aba5330	glProgramUniformMatrix2fv
0x712aba5338	glProgramUniformMatrix2x3dv
0x712aba5340	glProgramUniformMatrix2x3fv
0x712aba5348	glProgramUniformMatrix2x4dv
0x712aba5350	glProgramUniformMatrix2x4fv
0x712aba5358	glProgramUniformMatrix3dv
0x712aba5360	glProgramUniformMatrix3fv
0x712aba5368	glProgramUniformMatrix3x2dv
0x712aba5370	glProgramUniformMatrix3x2fv
0x712aba5378	glProgramUniformMatrix3x4dv
0x712aba5380	glProgramUniformMatrix3x4fv
0x712aba5388	glProgramUniformMatrix4dv
0x712aba5390	glProgramUniformMatrix4fv
0x712aba5398	glProgramUniformMatrix4x2dv
0x712aba53a0	glProgramUniformMatrix4x2fv
0x712aba53a8	glProgramUniformMatrix4x3dv
0x712aba53b0	glProgramUniformMatrix4x3fv
0x712aba53b8	glUseProgramStages
0x712aba53c0	glValidateProgramPipeline
0x712aba53c8	glGetActiveAtomicCounterBufferiv
0x712aba53d0	glBindImageTexture
0x712aba53d8	glMemoryBarrier
0x712aba53e0	glAttachObjectARB
0x712aba53e8	glCompileShaderARB
0x712aba53f0	glCreateProgramObjectARB
0x712aba53f8	glCreateShaderObjectARB
0x712aba5400	glDeleteObjectARB
0x712aba5408	glDetachObjectARB
0x712aba5410	glGetActiveUniformARB
0x712aba5418	glGetAttachedObjectsARB
0x712aba5420	glGetHandleARB
0x712aba5428	glGetInfoLogARB
0x712aba5430	glGetObjectParameterfvARB
0x712aba5438	glGetObjectParameterivARB
0x712aba5440	glGetShaderSourceARB
0x712aba5448	glGetUniformLocationARB
0x712aba5450	glGetUniformfvARB
0x712aba5458	glGetUniformivARB
0x712aba5460	glLinkProgramARB
0x712aba5468	glShaderSourceARB
0x712aba5470	glUniform1fARB
0x712aba5478	glUniform1fvARB
0x712aba5480	glUniform1iARB
0x712aba5488	glUniform1ivARB
0x712aba5490	glUniform2fARB
0x712aba5498	glUniform2fvARB
0x712aba54a0	glUniform2iARB
0x712aba54a8	glUniform2ivARB
0x712aba54b0	glUniform3fARB
0x712aba54b8	glUniform3fvARB
0x712aba54c0	glUniform3iARB
0x712aba54c8	glUniform3ivARB
0x712aba54d0	glUniform4fARB
0x712aba54d8	glUniform4fvARB
0x712aba54e0	glUniform4iARB
0x712aba54e8	glUniform4ivARB
0x712aba54f0	glUniformMatrix2fvARB
0x712aba54f8	glUniformMatrix3fvARB
0x712aba5500	glUniformMatrix4fvARB
0x712aba5508	glUseProgramObjectARB
0x712aba5510	glValidateProgramARB
0x712aba5518	glShaderStorageBlockBinding
0x712aba5520	glGetActiveSubroutineName
0x712aba5528	glGetActiveSubroutineUniformName
0x712aba5530	glGetActiveSubroutineUniformiv
0x712aba5538	glGetProgramStageiv
0x712aba5540	glGetSubroutineIndex
0x712aba5548	glGetSubroutineUniformLocation
0x712aba5550	glGetUniformSubroutineuiv
0x712aba5558	glUniformSubroutinesuiv
0x712aba5560	glCompileShaderIncludeARB
0x712aba5568	glDeleteNamedStringARB
0x712aba5570	glGetNamedStringARB
0x712aba5578	glGetNamedStringivARB
0x712aba5580	glIsNamedStringARB
0x712aba5588	glNamedStringARB
0x712aba5590	glBufferPageCommitmentARB
0x712aba5598	glTexPageCommitmentARB
0x712aba55a0	glClientWaitSync
0x712aba55a8	glDeleteSync
0x712aba55b0	glFenceSync
0x712aba55b8	glGetInteger64v
0x712aba55c0	glGetSynciv
0x712aba55c8	glIsSync
0x712aba55d0	glWaitSync
0x712aba55d8	glPatchParameterfv
0x712aba55e0	glPatchParameteri
0x712aba55e8	glTextureBarrier
0x712aba55f0	glTexBufferARB
0x712aba55f8	glTexBufferRange
0x712aba5600	glTextureBufferRangeEXT
0x712aba5608	glCompressedTexImage1DARB
0x712aba5610	glCompressedTexImage2DARB
0x712aba5618	glCompressedTexImage3DARB
0x712aba5620	glCompressedTexSubImage1DARB
0x712aba5628	glCompressedTexSubImage2DARB
0x712aba5630	glCompressedTexSubImage3DARB
0x712aba5638	glGetCompressedTexImageARB
0x712aba5640	glGetMultisamplefv
0x712aba5648	glSampleMaski
0x712aba5650	glTexImage2DMultisample
0x712aba5658	glTexImage3DMultisample
0x712aba5660	glTexStorage1D
0x712aba5668	glTexStorage2D
0x712aba5670	glTexStorage3D
0x712aba5678	glTexStorage2DMultisample
0x712aba5680	glTexStorage3DMultisample
0x712aba5688	glTextureStorage2DMultisampleEXT
0x712aba5690	glTextureStorage3DMultisampleEXT
0x712aba5698	glTextureView
0x712aba56a0	glGetQueryObjecti64v
0x712aba56a8	glGetQueryObjectui64v
0x712aba56b0	glQueryCounter
0x712aba56b8	glBindTransformFeedback
0x712aba56c0	glDeleteTransformFeedbacks
0x712aba56c8	glDrawTransformFeedback
0x712aba56d0	glGenTransformFeedbacks
0x712aba56d8	glIsTransformFeedback
0x712aba56e0	glPauseTransformFeedback
0x712aba56e8	glResumeTransformFeedback
0x712aba56f0	glBeginQueryIndexed
0x712aba56f8	glDrawTransformFeedbackStream
0x712aba5700	glEndQueryIndexed
0x712aba5708	glGetQueryIndexediv
0x712aba5710	glDrawTransformFeedbackInstanced
0x712aba5718	glDrawTransformFeedbackStreamInstanced
0x712aba5720	glLoadTransposeMatrixdARB
0x712aba5728	glLoadTransposeMatrixfARB
0x712aba5730	glMultTransposeMatrixdARB
0x712aba5738	glMultTransposeMatrixfARB
0x712aba5740	glBindBufferBase
0x712aba5748	glBindBufferRange
0x712aba5750	glGetActiveUniformBlockName
0x712aba5758	glGetActiveUniformBlockiv
0x712aba5760	glGetActiveUniformName
0x712aba5768	glGetActiveUniformsiv
0x712aba5770	glGetIntegeri_v
0x712aba5778	glGetUniformBlockIndex
0x712aba5780	glGetUniformIndices
0x712aba5788	glUniformBlockBinding
0x712aba5790	glBindVertexArray
0x712aba5798	glDeleteVertexArrays
0x712aba57a0	glGenVertexArrays
0x712aba57a8	glIsVertexArray
0x712aba57b0	glGetVertexAttribLdv
0x712aba57b8	glVertexAttribL1d
0x712aba57c0	glVertexAttribL1dv
0x712aba57c8	glVertexAttribL2d
0x712aba57d0	glVertexAttribL2dv
0x712aba57d8	glVertexAttribL3d
0x712aba57e0	glVertexAttribL3dv
0x712aba57e8	glVertexAttribL4d
0x712aba57f0	glVertexAttribL4dv
0x712aba57f8	glVertexAttribLPointer
0x712aba5800	glBindVertexBuffer
0x712aba5808	glVertexArrayBindVertexBufferEXT
0x712aba5810	glVertexArrayVertexAttribBindingEXT
0x712aba5818	glVertexArrayVertexAttribFormatEXT
0x712aba5820	glVertexArrayVertexAttribIFormatEXT
0x712aba5828	glVertexArrayVertexAttribLFormatEXT
0x712aba5830	glVertexArrayVertexBindingDivisorEXT
0x712aba5838	glVertexAttribBinding
0x712aba5840	glVertexAttribFormat
0x712aba5848	glVertexAttribIFormat
0x712aba5850	glVertexAttribLFormat
0x712aba5858	glVertexBindingDivisor
0x712aba5860	glVertexBlendARB
0x712aba5868	glWeightPointerARB
0x712aba5870	glWeightbvARB
0x712aba5878	glWeightdvARB
0x712aba5880	glWeightfvARB
0x712aba5888	glWeightivARB
0x712aba5890	glWeightsvARB
0x712aba5898	glWeightubvARB
0x712aba58a0	glWeightuivARB
0x712aba58a8	glWeightusvARB
0x712aba58b0	glBindBufferARB
0x712aba58b8	glBufferDataARB
0x712aba58c0	glBufferSubDataARB
0x712aba58c8	glDeleteBuffersARB
0x712aba58d0	glGenBuffersARB
0x712aba58d8	glGetBufferParameterivARB
0x712aba58e0	glGetBufferPointervARB
0x712aba58e8	glGetBufferSubDataARB
0x712aba58f0	glIsBufferARB
0x712aba58f8	glMapBufferARB
0x712aba5900	glUnmapBufferARB
0x712aba5af8	glBindAttribLocationARB
0x712aba5b00	glGetActiveAttribARB
0x712aba5b08	glGetAttribLocationARB
0x712aba5b10	glColorP3ui
0x712aba5b18	glColorP3uiv
0x712aba5b20	glColorP4ui
0x712aba5b28	glColorP4uiv
0x712aba5b30	glMultiTexCoordP1ui
0x712aba5b38	glMultiTexCoordP1uiv
0x712aba5b40	glMultiTexCoordP2ui
0x712aba5b48	glMultiTexCoordP2uiv
0x712aba5b50	glMultiTexCoordP3ui
0x712aba5b58	glMultiTexCoordP3uiv
0x712aba5b60	glMultiTexCoordP4ui
0x712aba5b68	glMultiTexCoordP4uiv
0x712aba5b70	glNormalP3ui
0x712aba5b78	glNormalP3uiv
0x712aba5b80	glSecondaryColorP3ui
0x712aba5b88	glSecondaryColorP3uiv
0x712aba5b90	glTexCoordP1ui
0x712aba5b98	glTexCoordP1uiv
0x712aba5ba0	glTexCoordP2ui
0x712aba5ba8	glTexCoordP2uiv
0x712aba5bb0	glTexCoordP3ui
0x712aba5bb8	glTexCoordP3uiv
0x712aba5bc0	glTexCoordP4ui
0x712aba5bc8	glTexCoordP4uiv
0x712aba5bd0	glVertexAttribP1ui
0x712aba5bd8	glVertexAttribP1uiv
0x712aba5be0	glVertexAttribP2ui
0x712aba5be8	glVertexAttribP2uiv
0x712aba5bf0	glVertexAttribP3ui
0x712aba5bf8	glVertexAttribP3uiv
0x712aba5c00	glVertexAttribP4ui
0x712aba5c08	glVertexAttribP4uiv
0x712aba5c10	glVertexP2ui
0x712aba5c18	glVertexP2uiv
0x712aba5c20	glVertexP3ui
0x712aba5c28	glVertexP3uiv
0x712aba5c30	glVertexP4ui
0x712aba5c38	glVertexP4uiv
0x712aba5c40	glDepthRangeArrayv
0x712aba5c48	glDepthRangeIndexed
0x712aba5c50	glGetDoublei_v
0x712aba5c58	glGetFloati_v
0x712aba5c60	glScissorArrayv
0x712aba5c68	glScissorIndexed
0x712aba5c70	glScissorIndexedv
0x712aba5c78	glViewportArrayv
0x712aba5c80	glViewportIndexedf
0x712aba5c88	glViewportIndexedfv
0x712aba5c90	glWindowPos2dARB
0x712aba5c98	glWindowPos2dvARB
0x712aba5ca0	glWindowPos2fARB
0x712aba5ca8	glWindowPos2fvARB
0x712aba5cb0	glWindowPos2iARB
0x712aba5cb8	glWindowPos2ivARB
0x712aba5cc0	glWindowPos2sARB
0x712aba5cc8	glWindowPos2svARB
0x712aba5cd0	glWindowPos3dARB
0x712aba5cd8	glWindowPos3dvARB
0x712aba5ce0	glWindowPos3fARB
0x712aba5ce8	glWindowPos3fvARB
0x712aba5cf0	glWindowPos3iARB
0x712aba5cf8	glWindowPos3ivARB
0x712aba5d00	glWindowPos3sARB
0x712aba5d08	glWindowPos3svARB
0x712aba5d10	glDrawBuffersATI
0x712aba5d18	glDrawElementArrayATI
0x712aba5d20	glDrawRangeElementArrayATI
0x712aba5d28	glElementPointerATI
0x712aba5d30	glGetTexBumpParameterfvATI
0x712aba5d38	glGetTexBumpParameterivATI
0x712aba5d40	glTexBumpParameterfvATI
0x712aba5d48	glTexBumpParameterivATI
0x712aba5d50	glAlphaFragmentOp1ATI
0x712aba5d58	glAlphaFragmentOp2ATI
0x712aba5d60	glAlphaFragmentOp3ATI
0x712aba5d68	glBeginFragmentShaderATI
0x712aba5d70	glBindFragmentShaderATI
0x712aba5d78	glColorFragmentOp1ATI
0x712aba5d80	glColorFragmentOp2ATI
0x712aba5d88	glColorFragmentOp3ATI
0x712aba5d90	glDeleteFragmentShaderATI
0x712aba5d98	glEndFragmentShaderATI
0x712aba5da0	glGenFragmentShadersATI
0x712aba5da8	glPassTexCoordATI
0x712aba5db0	glSampleMapATI
0x712aba5db8	glSetFragmentShaderConstantATI
0x712aba5dc0	glMapObjectBufferATI
0x712aba5dc8	glUnmapObjectBufferATI
0x712aba5dd0	glPNTrianglesfATI
0x712aba5dd8	glPNTrianglesiATI
0x712aba5de0	glStencilFuncSeparateATI
0x712aba5de8	glStencilOpSeparateATI
0x712aba5df0	glArrayObjectATI
0x712aba5df8	glFreeObjectBufferATI
0x712aba5e00	glGetArrayObjectfvATI
0x712aba5e08	glGetArrayObjectivATI
0x712aba5e10	glGetObjectBufferfvATI
0x712aba5e18	glGetObjectBufferivATI
0x712aba5e20	glGetVariantArrayObjectfvATI
0x712aba5e28	glGetVariantArrayObjectivATI
0x712aba5e30	glIsObjectBufferATI
0x712aba5e38	glNewObjectBufferATI
0x712aba5e40	glUpdateObjectBufferATI
0x712aba5e48	glVariantArrayObjectATI
0x712aba5e50	glGetVertexAttribArrayObjectfvATI
0x712aba5e60	glVertexAttribArrayObjectATI
0x712aba5e68	glClientActiveVertexStreamATI
0x712aba5e70	glNormalStream3bATI
0x712aba5e78	glNormalStream3bvATI
0x712aba5e80	glNormalStream3dATI
0x712aba5e88	glNormalStream3dvATI
0x712aba5e90	glNormalStream3fATI
0x712aba5e98	glNormalStream3fvATI
0x712aba5ea0	glNormalStream3iATI
0x712aba5ea8	glNormalStream3ivATI
0x712aba5eb0	glNormalStream3sATI
0x712aba5eb8	glNormalStream3svATI
0x712aba5ec0	glVertexBlendEnvfATI
0x712aba5ec8	glVertexBlendEnviATI
0x712aba5ed0	glVertexStream1dATI
0x712aba5ed8	glVertexStream1dvATI
0x712aba5ee0	glVertexStream1fATI
0x712aba5ee8	glVertexStream1fvATI
0x712aba5ef0	glVertexStream1iATI
0x712aba5ef8	glVertexStream1ivATI
0x712aba5f00	glVertexStream1sATI
0x712aba5f08	glVertexStream1svATI
0x712aba5f10	glVertexStream2dATI
0x712aba5f18	glVertexStream2dvATI
0x712aba5f20	glVertexStream2fATI
0x712aba5f28	glVertexStream2fvATI
0x712aba5f30	glVertexStream2iATI
0x712aba5f38	glVertexStream2ivATI
0x712aba5f40	glVertexStream2sATI
0x712aba5f48	glVertexStream2svATI
0x712aba5f50	glVertexStream3dATI
0x712aba5f58	glVertexStream3dvATI
0x712aba5f60	glVertexStream3fATI
0x712aba5f68	glVertexStream3fvATI
0x712aba5f70	glVertexStream3iATI
0x712aba5f78	glVertexStream3ivATI
0x712aba5f80	glVertexStream3sATI
0x712aba5f88	glVertexStream3svATI
0x712aba5f90	glVertexStream4dATI
0x712aba5f98	glVertexStream4dvATI
0x712aba5fa0	glVertexStream4fATI
0x712aba5fa8	glVertexStream4fvATI
0x712aba5fb0	glVertexStream4iATI
0x712aba5fb8	glVertexStream4ivATI
0x712aba5fc0	glVertexStream4sATI
0x712aba5fc8	glVertexStream4svATI
0x712aba5fd0	glDrawArraysInstancedBaseInstanceEXT
0x712aba5fd8	glDrawElementsInstancedBaseInstanceEXT
0x712aba5fe0	glDrawElementsInstancedBaseVertexBaseInstanceEXT
0x712aba5fe8	glGetUniformBufferSizeEXT
0x712aba5ff0	glGetUniformOffsetEXT
0x712aba5ff8	glUniformBufferEXT
0x712aba6000	glBlendColorEXT
0x712aba6008	glBlendEquationSeparateEXT
0x712aba6010	glBindFragDataLocationIndexedEXT
0x712aba6018	glGetFragDataIndexEXT
0x712aba6020	glGetProgramResourceLocationIndexEXT
0x712aba6028	glBlendFuncSeparateEXT
0x712aba6030	glBlendEquationEXT
0x712aba6038	glBufferStorageEXT
0x712aba6040	glNamedBufferStorageEXT
0x712aba6048	glClearTexImageEXT
0x712aba6050	glClearTexSubImageEXT
0x712aba6058	glColorSubTableEXT
0x712aba6060	glCopyColorSubTableEXT
0x712aba6068	glLockArraysEXT
0x712aba6070	glUnlockArraysEXT
0x712aba6078	glConvolutionFilter1DEXT
0x712aba6080	glConvolutionFilter2DEXT
0x712aba6088	glConvolutionParameterfEXT
0x712aba6090	glConvolutionParameterfvEXT
0x712aba6098	glConvolutionParameteriEXT
0x712aba60a0	glConvolutionParameterivEXT
0x712aba60a8	glCopyConvolutionFilter1DEXT
0x712aba60b0	glCopyConvolutionFilter2DEXT
0x712aba60b8	glGetConvolutionFilterEXT
0x712aba60c0	glGetConvolutionParameterfvEXT
0x712aba60c8	glGetConvolutionParameterivEXT
0x712aba60d0	glGetSeparableFilterEXT
0x712aba60d8	glSeparableFilter2DEXT
0x712aba60e0	glBinormalPointerEXT
0x712aba60e8	glTangentPointerEXT
0x712aba60f0	glCopyImageSubDataEXT
0x712aba60f8	glCopyTexImage1DEXT
0x712aba6100	glCopyTexImage2DEXT
0x712aba6108	glCopyTexSubImage1DEXT
0x712aba6110	glCopyTexSubImage2DEXT
0x712aba6118	glCopyTexSubImage3DEXT
0x712aba6120	glCullParameterdvEXT
0x712aba6128	glCullParameterfvEXT
0x712aba6130	glGetObjectLabelEXT
0x712aba6138	glLabelObjectEXT
0x712aba6140	glInsertEventMarkerEXT
0x712aba6148	glPopGroupMarkerEXT
0x712aba6150	glPushGroupMarkerEXT
0x712aba6158	glDepthBoundsEXT
0x712aba6160	glBindMultiTextureEXT
0x712aba6168	glCheckNamedFramebufferStatusEXT
0x712aba6170	glClientAttribDefaultEXT
0x712aba6178	glCompressedMultiTexImage1DEXT
0x712aba6180	glCompressedMultiTexImage2DEXT
0x712aba6188	glCompressedMultiTexImage3DEXT
0x712aba6190	glCompressedMultiTexSubImage1DEXT
0x712aba6198	glCompressedMultiTexSubImage2DEXT
0x712aba61a0	glCompressedMultiTexSubImage3DEXT
0x712aba61a8	glCompressedTextureImage1DEXT
0x712aba61b0	glCompressedTextureImage2DEXT
0x712aba61b8	glCompressedTextureImage3DEXT
0x712aba61c0	glCompressedTextureSubImage1DEXT
0x712aba61c8	glCompressedTextureSubImage2DEXT
0x712aba61d0	glCompressedTextureSubImage3DEXT
0x712aba61d8	glCopyMultiTexImage1DEXT
0x712aba61e0	glCopyMultiTexImage2DEXT
0x712aba61e8	glCopyMultiTexSubImage1DEXT
0x712aba61f0	glCopyMultiTexSubImage2DEXT
0x712aba61f8	glCopyMultiTexSubImage3DEXT
0x712aba6200	glCopyTextureImage1DEXT
0x712aba6208	glCopyTextureImage2DEXT
0x712aba6210	glCopyTextureSubImage1DEXT
0x712aba6218	glCopyTextureSubImage2DEXT
0x712aba6220	glCopyTextureSubImage3DEXT
0x712aba6228	glDisableClientStateIndexedEXT
0x712aba6230	glDisableClientStateiEXT
0x712aba6238	glDisableVertexArrayAttribEXT
0x712aba6240	glDisableVertexArrayEXT
0x712aba6248	glEnableClientStateIndexedEXT
0x712aba6250	glEnableClientStateiEXT
0x712aba6258	glEnableVertexArrayAttribEXT
0x712aba6260	glEnableVertexArrayEXT
0x712aba6268	glFlushMappedNamedBufferRangeEXT
0x712aba6270	glFramebufferDrawBufferEXT
0x712aba6278	glFramebufferDrawBuffersEXT
0x712aba6280	glFramebufferReadBufferEXT
0x712aba6288	glGenerateMultiTexMipmapEXT
0x712aba6290	glGenerateTextureMipmapEXT
0x712aba6298	glGetCompressedMultiTexImageEXT
0x712aba62a0	glGetCompressedTextureImageEXT
0x712aba62a8	glGetDoubleIndexedvEXT
0x712aba62b0	glGetDoublei_vEXT
0x712aba62b8	glGetFloatIndexedvEXT
0x712aba62c0	glGetFloati_vEXT
0x712aba62c8	glGetFramebufferParameterivEXT
0x712aba62d0	glGetMultiTexEnvfvEXT
0x712aba62d8	glGetMultiTexEnvivEXT
0x712aba62e0	glGetMultiTexGendvEXT
0x712aba62e8	glGetMultiTexGenfvEXT
0x712aba62f0	glGetMultiTexGenivEXT
0x712aba62f8	glGetMultiTexImageEXT
0x712aba6300	glGetMultiTexLevelParameterfvEXT
0x712aba6308	glGetMultiTexLevelParameterivEXT
0x712aba6310	glGetMultiTexParameterIivEXT
0x712aba6318	glGetMultiTexParameterIuivEXT
0x712aba6320	glGetMultiTexParameterfvEXT
0x712aba6328	glGetMultiTexParameterivEXT
0x712aba6330	glGetNamedBufferParameterivEXT
0x712aba6338	glGetNamedBufferPointervEXT
0x712aba6340	glGetNamedBufferSubDataEXT
0x712aba6348	glGetNamedFramebufferAttachmentParameterivEXT
0x712aba6350	glGetNamedProgramLocalParameterIivEXT
0x712aba6358	glGetNamedProgramLocalParameterIuivEXT
0x712aba6360	glGetNamedProgramLocalParameterdvEXT
0x712aba6368	glGetNamedProgramLocalParameterfvEXT
0x712aba6370	glGetNamedProgramStringEXT
0x712aba6378	glGetNamedProgramivEXT
0x712aba6380	glGetNamedRenderbufferParameterivEXT
0x712aba6388	glGetPointerIndexedvEXT
0x712aba6390	glGetPointeri_vEXT
0x712aba6398	glGetTextureImageEXT
0x712aba63a0	glGetTextureLevelParameterfvEXT
0x712aba63a8	glGetTextureLevelParameterivEXT
0x712aba63b0	glGetTextureParameterIivEXT
0x712aba63b8	glGetTextureParameterIuivEXT
0x712aba63c0	glGetTextureParameterfvEXT
0x712aba63c8	glGetTextureParameterivEXT
0x712aba63d0	glGetVertexArrayIntegeri_vEXT
0x712aba63d8	glGetVertexArrayIntegervEXT
0x712aba63e0	glGetVertexArrayPointeri_vEXT
0x712aba63e8	glGetVertexArrayPointervEXT
0x712aba63f0	glMapNamedBufferEXT
0x712aba63f8	glMapNamedBufferRangeEXT
0x712aba6400	glMatrixFrustumEXT
0x712aba6408	glMatrixLoadIdentityEXT
0x712aba6410	glMatrixLoadTransposedEXT
0x712aba6418	glMatrixLoadTransposefEXT
0x712aba6420	glMatrixLoaddEXT
0x712aba6428	glMatrixLoadfEXT
0x712aba6430	glMatrixMultTransposedEXT
0x712aba6438	glMatrixMultTransposefEXT
0x712aba6440	glMatrixMultdEXT
0x712aba6448	glMatrixMultfEXT
0x712aba6450	glMatrixOrthoEXT
0x712aba6458	glMatrixPopEXT
0x712aba6460	glMatrixPushEXT
0x712aba6468	glMatrixRotatedEXT
0x712aba6470	glMatrixRotatefEXT
0x712aba6478	glMatrixScaledEXT
0x712aba6480	glMatrixScalefEXT
0x712aba6488	glMatrixTranslatedEXT
0x712aba6490	glMatrixTranslatefEXT
0x712aba6498	glMultiTexBufferEXT
0x712aba64a0	glMultiTexCoordPointerEXT
0x712aba64a8	glMultiTexEnvfEXT
0x712aba64b0	glMultiTexEnvfvEXT
0x712aba64b8	glMultiTexEnviEXT
0x712aba64c0	glMultiTexEnvivEXT
0x712aba64c8	glMultiTexGendEXT
0x712aba64d0	glMultiTexGendvEXT
0x712aba64d8	glMultiTexGenfEXT
0x712aba64e0	glMultiTexGenfvEXT
0x712aba64e8	glMultiTexGeniEXT
0x712aba64f0	glMultiTexGenivEXT
0x712aba64f8	glMultiTexImage1DEXT
0x712aba6500	glMultiTexImage2DEXT
0x712aba6508	glMultiTexImage3DEXT
0x712aba6510	glMultiTexParameterIivEXT
0x712aba6518	glMultiTexParameterIuivEXT
0x712aba6520	glMultiTexParameterfEXT
0x712aba6528	glMultiTexParameterfvEXT
0x712aba6530	glMultiTexParameteriEXT
0x712aba6538	glMultiTexParameterivEXT
0x712aba6540	glMultiTexRenderbufferEXT
0x712aba6548	glMultiTexSubImage1DEXT
0x712aba6550	glMultiTexSubImage2DEXT
0x712aba6558	glMultiTexSubImage3DEXT
0x712aba6560	glNamedBufferDataEXT
0x712aba6568	glNamedBufferSubDataEXT
0x712aba6570	glNamedCopyBufferSubDataEXT
0x712aba6578	glNamedFramebufferRenderbufferEXT
0x712aba6580	glNamedFramebufferTexture1DEXT
0x712aba6588	glNamedFramebufferTexture2DEXT
0x712aba6590	glNamedFramebufferTexture3DEXT
0x712aba6598	glNamedFramebufferTextureEXT
0x712aba65a0	glNamedFramebufferTextureFaceEXT
0x712aba65a8	glNamedFramebufferTextureLayerEXT
0x712aba65b0	glNamedProgramLocalParameter4dEXT
0x712aba65b8	glNamedProgramLocalParameter4dvEXT
0x712aba65c0	glNamedProgramLocalParameter4fEXT
0x712aba65c8	glNamedProgramLocalParameter4fvEXT
0x712aba65d0	glNamedProgramLocalParameterI4iEXT
0x712aba65d8	glNamedProgramLocalParameterI4ivEXT
0x712aba65e0	glNamedProgramLocalParameterI4uiEXT
0x712aba65e8	glNamedProgramLocalParameterI4uivEXT
0x712aba65f0	glNamedProgramLocalParameters4fvEXT
0x712aba65f8	glNamedProgramLocalParametersI4ivEXT
0x712aba6600	glNamedProgramLocalParametersI4uivEXT
0x712aba6608	glNamedProgramStringEXT
0x712aba6610	glNamedRenderbufferStorageEXT
0x712aba6618	glNamedRenderbufferStorageMultisampleCoverageEXT
0x712aba6620	glNamedRenderbufferStorageMultisampleEXT
0x712aba6628	glProgramUniform1fEXT
0x712aba6630	glProgramUniform1fvEXT
0x712aba6638	glProgramUniform1iEXT
0x712aba6640	glProgramUniform1ivEXT
0x712aba6648	glProgramUniform1uiEXT
0x712aba6650	glProgramUniform1uivEXT
0x712aba6658	glProgramUniform2fEXT
0x712aba6660	glProgramUniform2fvEXT
0x712aba6668	glProgramUniform2iEXT
0x712aba6670	glProgramUniform2ivEXT
0x712aba6678	glProgramUniform2uiEXT
0x712aba6680	glProgramUniform2uivEXT
0x712aba6688	glProgramUniform3fEXT
0x712aba6690	glProgramUniform3fvEXT
0x712aba6698	glProgramUniform3iEXT
0x712aba66a0	glProgramUniform3ivEXT
0x712aba66a8	glProgramUniform3uiEXT
0x712aba66b0	glProgramUniform3uivEXT
0x712aba66b8	glProgramUniform4fEXT
0x712aba66c0	glProgramUniform4fvEXT
0x712aba66c8	glProgramUniform4iEXT
0x712aba66d0	glProgramUniform4ivEXT
0x712aba66d8	glProgramUniform4uiEXT
0x712aba66e0	glProgramUniform4uivEXT
0x712aba66e8	glProgramUniformMatrix2fvEXT
0x712aba66f0	glProgramUniformMatrix2x3fvEXT
0x712aba66f8	glProgramUniformMatrix2x4fvEXT
0x712aba6700	glProgramUniformMatrix3fvEXT
0x712aba6708	glProgramUniformMatrix3x2fvEXT
0x712aba6710	glProgramUniformMatrix3x4fvEXT
0x712aba6718	glProgramUniformMatrix4fvEXT
0x712aba6720	glProgramUniformMatrix4x2fvEXT
0x712aba6728	glProgramUniformMatrix4x3fvEXT
0x712aba6730	glPushClientAttribDefaultEXT
0x712aba6738	glTextureBufferEXT
0x712aba6740	glTextureImage1DEXT
0x712aba6748	glTextureImage2DEXT
0x712aba6750	glTextureImage3DEXT
0x712aba6758	glTextureParameterIivEXT
0x712aba6760	glTextureParameterIuivEXT
0x712aba6768	glTextureParameterfEXT
0x712aba6770	glTextureParameterfvEXT
0x712aba6778	glTextureParameteriEXT
0x712aba6780	glTextureParameterivEXT
0x712aba6788	glTextureRenderbufferEXT
0x712aba6790	glTextureSubImage1DEXT
0x712aba6798	glTextureSubImage2DEXT
0x712aba67a0	glTextureSubImage3DEXT
0x712aba67a8	glUnmapNamedBufferEXT
0x712aba67b0	glVertexArrayColorOffsetEXT
0x712aba67b8	glVertexArrayEdgeFlagOffsetEXT
0x712aba67c0	glVertexArrayFogCoordOffsetEXT
0x712aba67c8	glVertexArrayIndexOffsetEXT
0x712aba67d0	glVertexArrayMultiTexCoordOffsetEXT
0x712aba67d8	glVertexArrayNormalOffsetEXT
0x712aba67e0	glVertexArraySecondaryColorOffsetEXT
0x712aba67e8	glVertexArrayTexCoordOffsetEXT
0x712aba67f0	glVertexArrayVertexAttribDivisorEXT
0x712aba67f8	glVertexArrayVertexAttribIOffsetEXT
0x712aba6800	glVertexArrayVertexAttribOffsetEXT
0x712aba6808	glVertexArrayVertexOffsetEXT
0x712aba6810	glDiscardFramebufferEXT
0x712aba6818	glDrawBuffersEXT
0x712aba6820	glColorMaskIndexedEXT
0x712aba6828	glDisableIndexedEXT
0x712aba6830	glEnableIndexedEXT
0x712aba6838	glGetBooleanIndexedvEXT
0x712aba6840	glGetIntegerIndexedvEXT
0x712aba6848	glIsEnabledIndexedEXT
0x712aba6850	glBlendEquationSeparateiEXT
0x712aba6858	glBlendEquationiEXT
0x712aba6860	glBlendFuncSeparateiEXT
0x712aba6868	glBlendFunciEXT
0x712aba6870	glColorMaskiEXT
0x712aba6878	glDisableiEXT
0x712aba6880	glEnableiEXT
0x712aba6888	glIsEnablediEXT
0x712aba6890	glDrawElementsBaseVertexEXT
0x712aba6898	glDrawElementsInstancedBaseVertexEXT
0x712aba68a0	glDrawRangeElementsBaseVertexEXT
0x712aba68a8	glMultiDrawElementsBaseVertexEXT
0x712aba68b0	glDrawArraysInstancedEXT
0x712aba68b8	glDrawElementsInstancedEXT
0x712aba68c0	glDrawRangeElementsEXT
0x712aba68c8	glBufferStorageExternalEXT
0x712aba68d0	glNamedBufferStorageExternalEXT
0x712aba68d8	glFogCoordPointerEXT
0x712aba68e0	glFogCoorddEXT
0x712aba68e8	glFogCoorddvEXT
0x712aba68f0	glFogCoordfEXT
0x712aba68f8	glFogCoordfvEXT
0x712aba6900	glFragmentColorMaterialEXT
0x712aba6908	glFragmentLightModelfEXT
0x712aba6910	glFragmentLightModelfvEXT
0x712aba6918	glFragmentLightModeliEXT
0x712aba6920	glFragmentLightModelivEXT
0x712aba6928	glFragmentLightfEXT
0x712aba6930	glFragmentLightfvEXT
0x712aba6938	glFragmentLightiEXT
0x712aba6940	glFragmentLightivEXT
0x712aba6948	glFragmentMaterialfEXT
0x712aba6950	glFragmentMaterialfvEXT
0x712aba6958	glFragmentMaterialiEXT
0x712aba6960	glFragmentMaterialivEXT
0x712aba6968	glGetFragmentLightfvEXT
0x712aba6970	glGetFragmentLightivEXT
0x712aba6978	glGetFragmentMaterialfvEXT
0x712aba6980	glGetFragmentMaterialivEXT
0x712aba6988	glLightEnviEXT
0x712aba6990	glBlitFramebufferEXT
0x712aba6998	glRenderbufferStorageMultisampleEXT
0x712aba69a0	glBindFramebufferEXT
0x712aba69a8	glBindRenderbufferEXT
0x712aba69b0	glCheckFramebufferStatusEXT
0x712aba69b8	glDeleteFramebuffersEXT
0x712aba69c0	glDeleteRenderbuffersEXT
0x712aba69c8	glFramebufferRenderbufferEXT
0x712aba69d0	glFramebufferTexture1DEXT
0x712aba69d8	glFramebufferTexture2DEXT
0x712aba69e0	glFramebufferTexture3DEXT
0x712aba69e8	glGenFramebuffersEXT
0x712aba69f0	glGenRenderbuffersEXT
0x712aba69f8	glGenerateMipmapEXT
0x712aba6a00	glGetFramebufferAttachmentParameterivEXT
0x712aba6a08	glGetRenderbufferParameterivEXT
0x712aba6a10	glIsFramebufferEXT
0x712aba6a18	glIsRenderbufferEXT
0x712aba6a20	glRenderbufferStorageEXT
0x712aba6a28	glFramebufferTextureEXT
0x712aba6a30	glFramebufferTextureFaceEXT
0x712aba6a38	glProgramParameteriEXT
0x712aba6a40	glProgramEnvParameters4fvEXT
0x712aba6a48	glProgramLocalParameters4fvEXT
0x712aba6a50	glBindFragDataLocationEXT
0x712aba6a58	glGetFragDataLocationEXT
0x712aba6a60	glGetUniformuivEXT
0x712aba6a68	glGetVertexAttribIivEXT
0x712aba6a70	glGetVertexAttribIuivEXT
0x712aba6a78	glUniform1uiEXT
0x712aba6a80	glUniform1uivEXT
0x712aba6a88	glUniform2uiEXT
0x712aba6a90	glUniform2uivEXT
0x712aba6a98	glUniform3uiEXT
0x712aba6aa0	glUniform3uivEXT
0x712aba6aa8	glUniform4uiEXT
0x712aba6ab0	glUniform4uivEXT
0x712aba6ab8	glVertexAttribI1iEXT
0x712aba6ac0	glVertexAttribI1ivEXT
0x712aba6ac8	glVertexAttribI1uiEXT
0x712aba6ad0	glVertexAttribI1uivEXT
0x712aba6ad8	glVertexAttribI2iEXT
0x712aba6ae0	glVertexAttribI2ivEXT
0x712aba6ae8	glVertexAttribI2uiEXT
0x712aba6af0	glVertexAttribI2uivEXT
0x712aba6af8	glVertexAttribI3iEXT
0x712aba6b00	glVertexAttribI3ivEXT
0x712aba6b08	glVertexAttribI3uiEXT
0x712aba6b10	glVertexAttribI3uivEXT
0x712aba6b18	glVertexAttribI4bvEXT
0x712aba6b20	glVertexAttribI4iEXT
0x712aba6b28	glVertexAttribI4ivEXT
0x712aba6b30	glVertexAttribI4svEXT
0x712aba6b38	glVertexAttribI4ubvEXT
0x712aba6b40	glVertexAttribI4uiEXT
0x712aba6b48	glVertexAttribI4uivEXT
0x712aba6b50	glVertexAttribI4usvEXT
0x712aba6b58	glVertexAttribIPointerEXT
0x712aba6b60	glGetHistogramEXT
0x712aba6b68	glGetHistogramParameterfvEXT
0x712aba6b70	glGetHistogramParameterivEXT
0x712aba6b78	glGetMinmaxEXT
0x712aba6b80	glGetMinmaxParameterfvEXT
0x712aba6b88	glGetMinmaxParameterivEXT
0x712aba6b90	glHistogramEXT
0x712aba6b98	glMinmaxEXT
0x712aba6ba0	glResetHistogramEXT
0x712aba6ba8	glResetMinmaxEXT
0x712aba6bb0	glIndexFuncEXT
0x712aba6bb8	glIndexMaterialEXT
0x712aba6bc0	glVertexAttribDivisorEXT
0x712aba6bc8	glApplyTextureEXT
0x712aba6bd0	glTextureLightEXT
0x712aba6bd8	glTextureMaterialEXT
0x712aba6be0	glFlushMappedBufferRangeEXT
0x712aba6be8	glMapBufferRangeEXT
0x712aba6bf0	glBufferStorageMemEXT
0x712aba6bf8	glCreateMemoryObjectsEXT
0x712aba6c00	glDeleteMemoryObjectsEXT
0x712aba6c08	glGetMemoryObjectParameterivEXT
0x712aba6c10	glGetUnsignedBytei_vEXT
0x712aba6c18	glGetUnsignedBytevEXT
0x712aba6c20	glIsMemoryObjectEXT
0x712aba6c28	glMemoryObjectParameterivEXT
0x712aba6c30	glNamedBufferStorageMemEXT
0x712aba6c38	glTexStorageMem1DEXT
0x712aba6c40	glTexStorageMem2DEXT
0x712aba6c48	glTexStorageMem2DMultisampleEXT
0x712aba6c50	glTexStorageMem3DEXT
0x712aba6c58	glTexStorageMem3DMultisampleEXT
0x712aba6c60	glTextureStorageMem1DEXT
0x712aba6c68	glTextureStorageMem2DEXT
0x712aba6c70	glTextureStorageMem2DMultisampleEXT
0x712aba6c78	glTextureStorageMem3DEXT
0x712aba6c80	glTextureStorageMem3DMultisampleEXT
0x712aba6c88	glImportMemoryFdEXT
0x712aba6c90	glImportMemoryWin32HandleEXT
0x712aba6c98	glImportMemoryWin32NameEXT
0x712aba6ca0	glMultiDrawArraysEXT
0x712aba6ca8	glMultiDrawElementsEXT
0x712aba6cb0	glMultiDrawArraysIndirectEXT
0x712aba6cb8	glMultiDrawElementsIndirectEXT
0x712aba6cc0	glSampleMaskEXT
0x712aba6cc8	glSamplePatternEXT
0x712aba6cd0	glFramebufferTexture2DMultisampleEXT
0x712aba6cd8	glDrawBuffersIndexedEXT
0x712aba6ce0	glGetIntegeri_vEXT
0x712aba6ce8	glReadBufferIndexedEXT
0x712aba6cf0	glColorTableEXT
0x712aba6cf8	glGetColorTableEXT
0x712aba6d00	glGetColorTableParameterfvEXT
0x712aba6d08	glGetColorTableParameterivEXT
0x712aba6d10	glGetPixelTransformParameterfvEXT
0x712aba6d18	glGetPixelTransformParameterivEXT
0x712aba6d20	glPixelTransformParameterfEXT
0x712aba6d28	glPixelTransformParameterfvEXT
0x712aba6d30	glPixelTransformParameteriEXT
0x712aba6d38	glPixelTransformParameterivEXT
0x712aba6d40	glPointParameterfEXT
0x712aba6d48	glPointParameterfvEXT
0x712aba6d50	glPolygonOffsetEXT
0x712aba6d58	glPolygonOffsetClampEXT
0x712aba6d60	glProvokingVertexEXT
0x712aba6d68	glCoverageModulationNV
0x712aba6d70	glCoverageModulationTableNV
0x712aba6d78	glGetCoverageModulationTableNV
0x712aba6d80	glRasterSamplesEXT
0x712aba6d88	glBeginSceneEXT
0x712aba6d90	glEndSceneEXT
0x712aba6d98	glSecondaryColor3bEXT
0x712aba6da0	glSecondaryColor3bvEXT
0x712aba6da8	glSecondaryColor3dEXT
0x712aba6db0	glSecondaryColor3dvEXT
0x712aba6db8	glSecondaryColor3fEXT
0x712aba6dc0	glSecondaryColor3fvEXT
0x712aba6dc8	glSecondaryColor3iEXT
0x712aba6dd0	glSecondaryColor3ivEXT
0x712aba6dd8	glSecondaryColor3sEXT
0x712aba6de0	glSecondaryColor3svEXT
0x712aba6de8	glSecondaryColor3ubEXT
0x712aba6df0	glSecondaryColor3ubvEXT
0x712aba6df8	glSecondaryColor3uiEXT
0x712aba6e00	glSecondaryColor3uivEXT
0x712aba6e08	glSecondaryColor3usEXT
0x712aba6e10	glSecondaryColor3usvEXT
0x712aba6e18	glSecondaryColorPointerEXT
0x712aba6e20	glDeleteSemaphoresEXT
0x712aba6e28	glGenSemaphoresEXT
0x712aba6e30	glGetSemaphoreParameterui64vEXT
0x712aba6e38	glIsSemaphoreEXT
0x712aba6e40	glSemaphoreParameterui64vEXT
0x712aba6e48	glSignalSemaphoreEXT
0x712aba6e50	glWaitSemaphoreEXT
0x712aba6e58	glImportSemaphoreFdEXT
0x712aba6e60	glImportSemaphoreWin32HandleEXT
0x712aba6e68	glImportSemaphoreWin32NameEXT
0x712aba6e70	glActiveProgramEXT
0x712aba6e78	glCreateShaderProgramEXT
0x712aba6e80	glUseShaderProgramEXT
0x712aba6e88	glBindImageTextureEXT
0x712aba6e90	glMemoryBarrierEXT
0x712aba6e98	glClearPixelLocalStorageuiEXT
0x712aba6ea0	glFramebufferPixelLocalStorageSizeEXT
0x712aba6ea8	glGetFramebufferPixelLocalStorageSizeEXT
0x712aba6eb0	glTexPageCommitmentEXT
0x712aba6eb8	glTexturePageCommitmentEXT
0x712aba6ec0	glActiveStencilFaceEXT
0x712aba6ec8	glTexSubImage1DEXT
0x712aba6ed0	glTexSubImage2DEXT
0x712aba6ed8	glTexSubImage3DEXT
0x712aba6ee0	glTexImage3DEXT
0x712aba6ee8	glFramebufferTextureLayerEXT
0x712aba6ef0	glTexBufferEXT
0x712aba6ef8	glClearColorIiEXT
0x712aba6f00	glClearColorIuiEXT
0x712aba6f08	glGetTexParameterIivEXT
0x712aba6f10	glGetTexParameterIuivEXT
0x712aba6f18	glTexParameterIivEXT
0x712aba6f20	glTexParameterIuivEXT
0x712aba6f28	glAreTexturesResidentEXT
0x712aba6f30	glBindTextureEXT
0x712aba6f38	glDeleteTexturesEXT
0x712aba6f40	glGenTexturesEXT
0x712aba6f48	glIsTextureEXT
0x712aba6f50	glPrioritizeTexturesEXT
0x712aba6f58	glTextureNormalEXT
0x712aba6f60	glTexStorage1DEXT
0x712aba6f68	glTexStorage2DEXT
0x712aba6f70	glTexStorage3DEXT
0x712aba6f78	glTextureStorage1DEXT
0x712aba6f80	glTextureStorage2DEXT
0x712aba6f88	glTextureStorage3DEXT
0x712aba6f90	glTextureViewEXT
0x712aba6f98	glGetQueryObjecti64vEXT
0x712aba6fa0	glGetQueryObjectui64vEXT
0x712aba6fa8	glBeginTransformFeedbackEXT
0x712aba6fb0	glBindBufferBaseEXT
0x712aba6fb8	glBindBufferOffsetEXT
0x712aba6fc0	glBindBufferRangeEXT
0x712aba6fc8	glEndTransformFeedbackEXT
0x712aba6fd0	glGetTransformFeedbackVaryingEXT
0x712aba6fd8	glTransformFeedbackVaryingsEXT
0x712aba6fe0	glArrayElementEXT
0x712aba6fe8	glColorPointerEXT
0x712aba6ff0	glDrawArraysEXT
0x712aba6ff8	glEdgeFlagPointerEXT
0x712aba7000	glIndexPointerEXT
0x712aba7008	glNormalPointerEXT
0x712aba7010	glTexCoordPointerEXT
0x712aba7018	glVertexPointerEXT
0x712aba7020	glBindArraySetEXT
0x712aba7028	glCreateArraySetExt
0x712aba7030	glDeleteArraySetsEXT
0x712aba7038	glGetVertexAttribLdvEXT
0x712aba7040	glVertexArrayVertexAttribLOffsetEXT
0x712aba7048	glVertexAttribL1dEXT
0x712aba7050	glVertexAttribL1dvEXT
0x712aba7058	glVertexAttribL2dEXT
0x712aba7060	glVertexAttribL2dvEXT
0x712aba7068	glVertexAttribL3dEXT
0x712aba7070	glVertexAttribL3dvEXT
0x712aba7078	glVertexAttribL4dEXT
0x712aba7080	glVertexAttribL4dvEXT
0x712aba7088	glVertexAttribLPointerEXT
0x712aba7090	glBeginVertexShaderEXT
0x712aba7098	glBindLightParameterEXT
0x712aba70a0	glBindMaterialParameterEXT
0x712aba70a8	glBindParameterEXT
0x712aba70b0	glBindTexGenParameterEXT
0x712aba70b8	glBindTextureUnitParameterEXT
0x712aba70c0	glBindVertexShaderEXT
0x712aba70c8	glDeleteVertexShaderEXT
0x712aba70d0	glDisableVariantClientStateEXT
0x712aba70d8	glEnableVariantClientStateEXT
0x712aba70e0	glEndVertexShaderEXT
0x712aba70e8	glExtractComponentEXT
0x712aba70f0	glGenSymbolsEXT
0x712aba70f8	glGenVertexShadersEXT
0x712aba7100	glGetInvariantBooleanvEXT
0x712aba7108	glGetInvariantFloatvEXT
0x712aba7110	glGetInvariantIntegervEXT
0x712aba7118	glGetLocalConstantBooleanvEXT
0x712aba7120	glGetLocalConstantFloatvEXT
0x712aba7128	glGetLocalConstantIntegervEXT
0x712aba7130	glGetVariantBooleanvEXT
0x712aba7138	glGetVariantFloatvEXT
0x712aba7140	glGetVariantIntegervEXT
0x712aba7148	glGetVariantPointervEXT
0x712aba7150	glInsertComponentEXT
0x712aba7158	glIsVariantEnabledEXT
0x712aba7160	glSetInvariantEXT
0x712aba7168	glSetLocalConstantEXT
0x712aba7170	glShaderOp1EXT
0x712aba7178	glShaderOp2EXT
0x712aba7180	glShaderOp3EXT
0x712aba7188	glSwizzleEXT
0x712aba7190	glVariantPointerEXT
0x712aba7198	glVariantbvEXT
0x712aba71a0	glVariantdvEXT
0x712aba71a8	glVariantfvEXT
0x712aba71b0	glVariantivEXT
0x712aba71b8	glVariantsvEXT
0x712aba71c0	glVariantubvEXT
0x712aba71c8	glVariantuivEXT
0x712aba71d0	glVariantusvEXT
0x712aba71d8	glWriteMaskEXT
0x712aba71e0	glVertexWeightPointerEXT
0x712aba71e8	glVertexWeightfEXT
0x712aba71f0	glVertexWeightfvEXT
0x712aba71f8	glAcquireKeyedMutexWin32EXT
0x712aba7200	glReleaseKeyedMutexWin32EXT
0x712aba7208	glWindowRectanglesEXT
0x712aba7210	glImportSyncEXT
0x712aba7218	glFrameTerminatorGREMEDY
0x712aba7220	glStringMarkerGREMEDY
0x712aba7228	glGetImageTransformParameterfvHP
0x712aba7230	glGetImageTransformParameterivHP
0x712aba7238	glImageTransformParameterfHP
0x712aba7240	glImageTransformParameterfvHP
0x712aba7248	glImageTransformParameteriHP
0x712aba7250	glImageTransformParameterivHP
0x712aba7258	glMultiModeDrawArraysIBM
0x712aba7260	glMultiModeDrawElementsIBM
0x712aba7268	glColorPointerListIBM
0x712aba7270	glEdgeFlagPointerListIBM
0x712aba7278	glFogCoordPointerListIBM
0x712aba7280	glIndexPointerListIBM
0x712aba7288	glNormalPointerListIBM
0x712aba7290	glSecondaryColorPointerListIBM
0x712aba7298	glTexCoordPointerListIBM
0x712aba72a0	glVertexPointerListIBM
0x712aba72a8	glMapTexture2DINTEL
0x712aba72b0	glSyncTextureINTEL
0x712aba72b8	glUnmapTexture2DINTEL
0x712aba72c0	glColorPointervINTEL
0x712aba72c8	glNormalPointervINTEL
0x712aba72d0	glTexCoordPointervINTEL
0x712aba72d8	glVertexPointervINTEL
0x712aba72e0	glBeginPerfQueryINTEL
0x712aba72e8	glCreatePerfQueryINTEL
0x712aba72f0	glDeletePerfQueryINTEL
0x712aba72f8	glEndPerfQueryINTEL
0x712aba7300	glGetFirstPerfQueryIdINTEL
0x712aba7308	glGetNextPerfQueryIdINTEL
0x712aba7310	glGetPerfCounterInfoINTEL
0x712aba7318	glGetPerfQueryDataINTEL
0x712aba7320	glGetPerfQueryIdByNameINTEL
0x712aba7328	glGetPerfQueryInfoINTEL
0x712aba7330	glTexScissorFuncINTEL
0x712aba7338	glTexScissorINTEL
0x712aba7340	glBlendBarrierKHR
0x712aba7348	glDebugMessageCallback
0x712aba7350	glDebugMessageControl
0x712aba7358	glDebugMessageInsert
0x712aba7360	glGetDebugMessageLog
0x712aba7368	glGetObjectLabel
0x712aba7370	glGetObjectPtrLabel
0x712aba7378	glObjectLabel
0x712aba7380	glObjectPtrLabel
0x712aba7388	glPopDebugGroup
0x712aba7390	glPushDebugGroup
0x712aba7398	glMaxShaderCompilerThreadsKHR
0x712aba73a0	glGetnUniformfv
0x712aba73a8	glGetnUniformiv
0x712aba73b0	glGetnUniformuiv
0x712aba73b8	glReadnPixels
0x712aba73c0	glBufferRegionEnabled
0x712aba73c8	glDeleteBufferRegion
0x712aba73d0	glDrawBufferRegion
0x712aba73d8	glNewBufferRegion
0x712aba73e0	glReadBufferRegion
0x712aba73e8	glResizeBuffersMESA
0x712aba73f0	glWindowPos2dMESA
0x712aba73f8	glWindowPos2dvMESA
0x712aba7400	glWindowPos2fMESA
0x712aba7408	glWindowPos2fvMESA
0x712aba7410	glWindowPos2iMESA
0x712aba7418	glWindowPos2ivMESA
0x712aba7420	glWindowPos2sMESA
0x712aba7428	glWindowPos2svMESA
0x712aba7430	glWindowPos3dMESA
0x712aba7438	glWindowPos3dvMESA
0x712aba7440	glWindowPos3fMESA
0x712aba7448	glWindowPos3fvMESA
0x712aba7450	glWindowPos3iMESA
0x712aba7458	glWindowPos3ivMESA
0x712aba7460	glWindowPos3sMESA
0x712aba7468	glWindowPos3svMESA
0x712aba7470	glWindowPos4dMESA
0x712aba7478	glWindowPos4dvMESA
0x712aba7480	glWindowPos4fMESA
0x712aba7488	glWindowPos4fvMESA
0x712aba7490	glWindowPos4iMESA
0x712aba7498	glWindowPos4ivMESA
0x712aba74a0	glWindowPos4sMESA
0x712aba74a8	glWindowPos4svMESA
0x712aba74b0	glBeginConditionalRenderNVX
0x712aba74b8	glEndConditionalRenderNVX
0x712aba74c0	glLGPUCopyImageSubDataNVX
0x712aba74c8	glLGPUInterlockNVX
0x712aba74d0	glLGPUNamedBufferSubDataNVX
0x712aba74d8	glStereoParameterfNV
0x712aba74e0	glStereoParameteriNV
0x712aba74e8	glMultiDrawArraysIndirectBindlessNV
0x712aba74f0	glMultiDrawElementsIndirectBindlessNV
0x712aba74f8	glMultiDrawArraysIndirectBindlessCountNV
0x712aba7500	glMultiDrawElementsIndirectBindlessCountNV
0x712aba7508	glGetImageHandleNV
0x712aba7510	glGetTextureHandleNV
0x712aba7518	glGetTextureSamplerHandleNV
0x712aba7520	glIsImageHandleResidentNV
0x712aba7528	glIsTextureHandleResidentNV
0x712aba7530	glMakeImageHandleNonResidentNV
0x712aba7538	glMakeImageHandleResidentNV
0x712aba7540	glMakeTextureHandleNonResidentNV
0x712aba7548	glMakeTextureHandleResidentNV
0x712aba7550	glProgramUniformHandleui64NV
0x712aba7558	glProgramUniformHandleui64vNV
0x712aba7560	glUniformHandleui64NV
0x712aba7568	glUniformHandleui64vNV
0x712aba7570	glBlendBarrierNV
0x712aba7578	glBlendParameteriNV
0x712aba7580	glViewportPositionWScaleNV
0x712aba7588	glCallCommandListNV
0x712aba7590	glCommandListSegmentsNV
0x712aba7598	glCompileCommandListNV
0x712aba75a0	glCreateCommandListsNV
0x712aba75a8	glCreateStatesNV
0x712aba75b0	glDeleteCommandListsNV
0x712aba75b8	glDeleteStatesNV
0x712aba75c0	glDrawCommandsAddressNV
0x712aba75c8	glDrawCommandsNV
0x712aba75d0	glDrawCommandsStatesAddressNV
0x712aba75d8	glDrawCommandsStatesNV
0x712aba75e0	glGetCommandHeaderNV
0x712aba75e8	glGetStageIndexNV
0x712aba75f0	glIsCommandListNV
0x712aba75f8	glIsStateNV
0x712aba7600	glListDrawCommandsStatesClientNV
0x712aba7608	glStateCaptureNV
0x712aba7610	glBeginConditionalRenderNV
0x712aba7618	glEndConditionalRenderNV
0x712aba7620	glSubpixelPrecisionBiasNV
0x712aba7628	glConservativeRasterParameterfNV
0x712aba7630	glConservativeRasterParameteriNV
0x712aba7638	glCopyBufferSubDataNV
0x712aba7640	glCopyImageSubDataNV
0x712aba7648	glClearDepthdNV
0x712aba7650	glDepthBoundsdNV
0x712aba7658	glDepthRangedNV
0x712aba7660	glDrawBuffersNV
0x712aba7668	glDrawArraysInstancedNV
0x712aba7670	glDrawElementsInstancedNV
0x712aba7678	glDrawTextureNV
0x712aba7680	glDrawVkImageNV
0x712aba7688	glGetVkProcAddrNV
0x712aba7690	glSignalVkFenceNV
0x712aba7698	glSignalVkSemaphoreNV
0x712aba76a0	glWaitVkSemaphoreNV
0x712aba76a8	glEvalMapsNV
0x712aba76b0	glGetMapAttribParameterfvNV
0x712aba76b8	glGetMapAttribParameterivNV
0x712aba76c0	glGetMapControlPointsNV
0x712aba76c8	glGetMapParameterfvNV
0x712aba76d0	glGetMapParameterivNV
0x712aba76d8	glMapControlPointsNV
0x712aba76e0	glMapParameterfvNV
0x712aba76e8	glMapParameterivNV
0x712aba76f0	glGetMultisamplefvNV
0x712aba76f8	glSampleMaskIndexedNV
0x712aba7700	glTexRenderbufferNV
0x712aba7708	glDeleteFencesNV
0x712aba7710	glFinishFenceNV
0x712aba7718	glGenFencesNV
0x712aba7720	glGetFenceivNV
0x712aba7728	glIsFenceNV
0x712aba7730	glSetFenceNV
0x712aba7738	glTestFenceNV
0x712aba7740	glFragmentCoverageColorNV
0x712aba7748	glGetProgramNamedParameterdvNV
0x712aba7750	glGetProgramNamedParameterfvNV
0x712aba7758	glProgramNamedParameter4dNV
0x712aba7760	glProgramNamedParameter4dvNV
0x712aba7768	glProgramNamedParameter4fNV
0x712aba7770	glProgramNamedParameter4fvNV
0x712aba7778	glBlitFramebufferNV
0x712aba7780	glRenderbufferStorageMultisampleNV
0x712aba7788	glRenderbufferStorageMultisampleCoverageNV
0x712aba7790	glProgramVertexLimitNV
0x712aba7798	glMulticastBarrierNV
0x712aba77a0	glMulticastBlitFramebufferNV
0x712aba77a8	glMulticastBufferSubDataNV
0x712aba77b0	glMulticastCopyBufferSubDataNV
0x712aba77b8	glMulticastCopyImageSubDataNV
0x712aba77c0	glMulticastFramebufferSampleLocationsfvNV
0x712aba77c8	glMulticastGetQueryObjecti64vNV
0x712aba77d0	glMulticastGetQueryObjectivNV
0x712aba77d8	glMulticastGetQueryObjectui64vNV
0x712aba77e0	glMulticastGetQueryObjectuivNV
0x712aba77e8	glMulticastWaitSyncNV
0x712aba77f0	glRenderGpuMaskNV
0x712aba77f8	glProgramEnvParameterI4iNV
0x712aba7800	glProgramEnvParameterI4ivNV
0x712aba7808	glProgramEnvParameterI4uiNV
0x712aba7810	glProgramEnvParameterI4uivNV
0x712aba7818	glProgramEnvParametersI4ivNV
0x712aba7820	glProgramEnvParametersI4uivNV
0x712aba7828	glProgramLocalParameterI4iNV
0x712aba7830	glProgramLocalParameterI4ivNV
0x712aba7838	glProgramLocalParameterI4uiNV
0x712aba7840	glProgramLocalParameterI4uivNV
0x712aba7848	glProgramLocalParametersI4ivNV
0x712aba7850	glProgramLocalParametersI4uivNV
0x712aba7858	glGetUniformi64vNV
0x712aba7860	glGetUniformui64vNV
0x712aba7868	glProgramUniform1i64NV
0x712aba7870	glProgramUniform1i64vNV
0x712aba7878	glProgramUniform1ui64NV
0x712aba7880	glProgramUniform1ui64vNV
0x712aba7888	glProgramUniform2i64NV
0x712aba7890	glProgramUniform2i64vNV
0x712aba7898	glProgramUniform2ui64NV
0x712aba78a0	glProgramUniform2ui64vNV
0x712aba78a8	glProgramUniform3i64NV
0x712aba78b0	glProgramUniform3i64vNV
0x712aba78b8	glProgramUniform3ui64NV
0x712aba78c0	glProgramUniform3ui64vNV
0x712aba78c8	glProgramUniform4i64NV
0x712aba78d0	glProgramUniform4i64vNV
0x712aba78d8	glProgramUniform4ui64NV
0x712aba78e0	glProgramUniform4ui64vNV
0x712aba78e8	glUniform1i64NV
0x712aba78f0	glUniform1i64vNV
0x712aba78f8	glUniform1ui64NV
0x712aba7900	glUniform1ui64vNV
0x712aba7908	glUniform2i64NV
0x712aba7910	glUniform2i64vNV
0x712aba7918	glUniform2ui64NV
0x712aba7920	glUniform2ui64vNV
0x712aba7928	glUniform3i64NV
0x712aba7930	glUniform3i64vNV
0x712aba7938	glUniform3ui64NV
0x712aba7940	glUniform3ui64vNV
0x712aba7948	glUniform4i64NV
0x712aba7950	glUniform4i64vNV
0x712aba7958	glUniform4ui64NV
0x712aba7960	glUniform4ui64vNV
0x712aba7968	glColor3hNV
0x712aba7970	glColor3hvNV
0x712aba7978	glColor4hNV
0x712aba7980	glColor4hvNV
0x712aba7988	glFogCoordhNV
0x712aba7990	glFogCoordhvNV
0x712aba7998	glMultiTexCoord1hNV
0x712aba79a0	glMultiTexCoord1hvNV
0x712aba79a8	glMultiTexCoord2hNV
0x712aba79b0	glMultiTexCoord2hvNV
0x712aba79b8	glMultiTexCoord3hNV
0x712aba79c0	glMultiTexCoord3hvNV
0x712aba79c8	glMultiTexCoord4hNV
0x712aba79d0	glMultiTexCoord4hvNV
0x712aba79d8	glNormal3hNV
0x712aba79e0	glNormal3hvNV
0x712aba79e8	glSecondaryColor3hNV
0x712aba79f0	glSecondaryColor3hvNV
0x712aba79f8	glTexCoord1hNV
0x712aba7a00	glTexCoord1hvNV
0x712aba7a08	glTexCoord2hNV
0x712aba7a10	glTexCoord2hvNV
0x712aba7a20	glTexCoord3hvNV
0x712aba7a28	glTexCoord4hNV
0x712aba7a30	glTexCoord4hvNV
0x712aba7a38	glVertex2hNV
0x712aba7a40	glVertex2hvNV
0x712aba7a48	glVertex3hNV
0x712aba7a50	glVertex3hvNV
0x712aba7a58	glVertex4hNV
0x712aba7a60	glVertex4hvNV
0x712aba7a68	glVertexAttrib1hNV
0x712aba7a70	glVertexAttrib1hvNV
0x712aba7a78	glVertexAttrib2hNV
0x712aba7a80	glVertexAttrib2hvNV
0x712aba7a88	glVertexAttrib3hNV
0x712aba7a90	glVertexAttrib3hvNV
0x712aba7a98	glVertexAttrib4hNV
0x712aba7aa0	glVertexAttrib4hvNV
0x712aba7aa8	glVertexAttribs1hvNV
0x712aba7ab0	glVertexAttribs2hvNV
0x712aba7ab8	glVertexAttribs3hvNV
0x712aba7ac0	glVertexAttribs4hvNV
0x712aba7ac8	glVertexWeighthNV
0x712aba7ad0	glVertexWeighthvNV
0x712aba7ad8	glVertexAttribDivisorNV
0x712aba7ae0	glGetInternalformatSampleivNV
0x712aba7ae8	glUniformMatrix2x3fvNV
0x712aba7af0	glUniformMatrix2x4fvNV
0x712aba7af8	glUniformMatrix3x2fvNV
0x712aba7b00	glUniformMatrix3x4fvNV
0x712aba7b08	glUniformMatrix4x2fvNV
0x712aba7b10	glUniformMatrix4x3fvNV
0x712aba7b18	glBeginOcclusionQueryNV
0x712aba7b20	glDeleteOcclusionQueriesNV
0x712aba7b28	glEndOcclusionQueryNV
0x712aba7b30	glGenOcclusionQueriesNV
0x712aba7b38	glGetOcclusionQueryivNV
0x712aba7b40	glGetOcclusionQueryuivNV
0x712aba7b48	glIsOcclusionQueryNV
0x712aba7b50	glProgramBufferParametersIivNV
0x712aba7b58	glProgramBufferParametersIuivNV
0x712aba7b60	glProgramBufferParametersfvNV
0x712aba7b68	glCopyPathNV
0x712aba7b70	glCoverFillPathInstancedNV
0x712aba7b78	glCoverFillPathNV
0x712aba7b80	glCoverStrokePathInstancedNV
0x712aba7b88	glCoverStrokePathNV
0x712aba7b90	glDeletePathsNV
0x712aba7b98	glGenPathsNV
0x712aba7ba0	glGetPathColorGenfvNV
0x712aba7ba8	glGetPathColorGenivNV
0x712aba7bb0	glGetPathCommandsNV
0x712aba7bb8	glGetPathCoordsNV
0x712aba7bc0	glGetPathDashArrayNV
0x712aba7bc8	glGetPathLengthNV
0x712aba7bd0	glGetPathMetricRangeNV
0x712aba7bd8	glGetPathMetricsNV
0x712aba7be0	glGetPathParameterfvNV
0x712aba7be8	glGetPathParameterivNV
0x712aba7bf0	glGetPathSpacingNV
0x712aba7bf8	glGetPathTexGenfvNV
0x712aba7c00	glGetPathTexGenivNV
0x712aba7c08	glGetProgramResourcefvNV
0x712aba7c10	glInterpolatePathsNV
0x712aba7c18	glIsPathNV
0x712aba7c20	glIsPointInFillPathNV
0x712aba7c28	glIsPointInStrokePathNV
0x712aba7c30	glMatrixLoad3x2fNV
0x712aba7c38	glMatrixLoad3x3fNV
0x712aba7c40	glMatrixLoadTranspose3x3fNV
0x712aba7c48	glMatrixMult3x2fNV
0x712aba7c50	glMatrixMult3x3fNV
0x712aba7c58	glMatrixMultTranspose3x3fNV
0x712aba7c60	glPathColorGenNV
0x712aba7c68	glPathCommandsNV
0x712aba7c70	glPathCoordsNV
0x712aba7c78	glPathCoverDepthFuncNV
0x712aba7c80	glPathDashArrayNV
0x712aba7c88	glPathFogGenNV
0x712aba7c90	glPathGlyphIndexArrayNV
0x712aba7c98	glPathGlyphIndexRangeNV
0x712aba7ca0	glPathGlyphRangeNV
0x712aba7ca8	glPathGlyphsNV
0x712aba7cb0	glPathMemoryGlyphIndexArrayNV
0x712aba7cb8	glPathParameterfNV
0x712aba7cc0	glPathParameterfvNV
0x712aba7cc8	glPathParameteriNV
0x712aba7cd0	glPathParameterivNV
0x712aba7cd8	glPathStencilDepthOffsetNV
0x712aba7ce0	glPathStencilFuncNV
0x712aba7ce8	glPathStringNV
0x712aba7cf0	glPathSubCommandsNV
0x712aba7cf8	glPathSubCoordsNV
0x712aba7d00	glPathTexGenNV
0x712aba7d08	glPointAlongPathNV
0x712aba7d10	glProgramPathFragmentInputGenNV
0x712aba7d18	glStencilFillPathInstancedNV
0x712aba7d20	glStencilFillPathNV
0x712aba7d28	glStencilStrokePathInstancedNV
0x712aba7d30	glStencilStrokePathNV
0x712aba7d38	glStencilThenCoverFillPathInstancedNV
0x712aba7d40	glStencilThenCoverFillPathNV
0x712aba7d48	glStencilThenCoverStrokePathInstancedNV
0x712aba7d50	glStencilThenCoverStrokePathNV
0x712aba7d58	glTransformPathNV
0x712aba7d60	glWeightPathsNV
0x712aba7d68	glFlushPixelDataRangeNV
0x712aba7d70	glPixelDataRangeNV
0x712aba7d78	glPointParameteriNV
0x712aba7d80	glPointParameterivNV
0x712aba7d88	glPolygonModeNV
0x712aba7d90	glGetVideoi64vNV
0x712aba7d98	glGetVideoivNV
0x712aba7da0	glGetVideoui64vNV
0x712aba7da8	glGetVideouivNV
0x712aba7db0	glPresentFrameDualFillNV
0x712aba7db8	glPresentFrameKeyedNV
0x712aba7dc0	glPrimitiveRestartIndexNV
0x712aba7dc8	glPrimitiveRestartNV
0x712aba7dd0	glCombinerInputNV
0x712aba7dd8	glCombinerOutputNV
0x712aba7de0	glCombinerParameterfNV
0x712aba7de8	glCombinerParameterfvNV
0x712aba7df0	glCombinerParameteriNV
0x712aba7df8	glCombinerParameterivNV
0x712aba7e00	glFinalCombinerInputNV
0x712aba7e08	glGetCombinerInputParameterfvNV
0x712aba7e10	glGetCombinerInputParameterivNV
0x712aba7e18	glGetCombinerOutputParameterfvNV
0x712aba7e20	glGetCombinerOutputParameterivNV
0x712aba7e28	glGetFinalCombinerInputParameterfvNV
0x712aba7e30	glGetFinalCombinerInputParameterivNV
0x712aba7e38	glCombinerStageParameterfvNV
0x712aba7e40	glGetCombinerStageParameterfvNV
0x712aba7e48	glFramebufferSampleLocationsfvNV
0x712aba7e50	glNamedFramebufferSampleLocationsfvNV
0x712aba7e58	glGetBufferParameterui64vNV
0x712aba7e60	glGetIntegerui64vNV
0x712aba7e68	glGetNamedBufferParameterui64vNV
0x712aba7e70	glIsBufferResidentNV
0x712aba7e78	glIsNamedBufferResidentNV
0x712aba7e80	glMakeBufferNonResidentNV
0x712aba7e88	glMakeBufferResidentNV
0x712aba7e90	glMakeNamedBufferNonResidentNV
0x712aba7e98	glMakeNamedBufferResidentNV
0x712aba7ea0	glProgramUniformui64NV
0x712aba7ea8	glProgramUniformui64vNV
0x712aba7eb0	glUniformui64NV
0x712aba7eb8	glUniformui64vNV
0x712aba7ec0	glCompressedTexImage3DNV
0x712aba7ec8	glCompressedTexSubImage3DNV
0x712aba7ed0	glCopyTexSubImage3DNV
0x712aba7ed8	glFramebufferTextureLayerNV
0x712aba7ee0	glTexImage3DNV
0x712aba7ee8	glTexSubImage3DNV
0x712aba7ef0	glTextureBarrierNV
0x712aba7ef8	glTexImage2DMultisampleCoverageNV
0x712aba7f00	glTexImage3DMultisampleCoverageNV
0x712aba7f08	glTextureImage2DMultisampleCoverageNV
0x712aba7f10	glTextureImage2DMultisampleNV
0x712aba7f18	glTextureImage3DMultisampleCoverageNV
0x712aba7f20	glTextureImage3DMultisampleNV
0x712aba7f28	glActiveVaryingNV
0x712aba7f30	glBeginTransformFeedbackNV
0x712aba7f38	glBindBufferBaseNV
0x712aba7f40	glBindBufferOffsetNV
0x712aba7f48	glBindBufferRangeNV
0x712aba7f50	glEndTransformFeedbackNV
0x712aba7f58	glGetActiveVaryingNV
0x712aba7f60	glGetTransformFeedbackVaryingNV
0x712aba7f68	glGetVaryingLocationNV
0x712aba7f70	glTransformFeedbackAttribsNV
0x712aba7f78	glTransformFeedbackVaryingsNV
0x712aba7f80	glBindTransformFeedbackNV
0x712aba7f88	glDeleteTransformFeedbacksNV
0x712aba7f90	glDrawTransformFeedbackNV
0x712aba7f98	glGenTransformFeedbacksNV
0x712aba7fa0	glIsTransformFeedbackNV
0x712aba7fa8	glPauseTransformFeedbackNV
0x712aba7fb0	glResumeTransformFeedbackNV
0x712aba7fb8	glVDPAUFiniNV
0x712aba7fc0	glVDPAUGetSurfaceivNV
0x712aba7fc8	glVDPAUInitNV
0x712aba7fd0	glVDPAUIsSurfaceNV
0x712aba7fd8	glVDPAUMapSurfacesNV
0x712aba7fe0	glVDPAURegisterOutputSurfaceNV
0x712aba7fe8	glVDPAURegisterVideoSurfaceNV
0x712aba7ff0	glVDPAUSurfaceAccessNV
0x712aba7ff8	glVDPAUUnmapSurfacesNV
0x712aba8000	glVDPAUUnregisterSurfaceNV
0x712aba8008	glFlushVertexArrayRangeNV
0x712aba8010	glVertexArrayRangeNV
0x712aba8018	glGetVertexAttribLi64vNV
0x712aba8020	glGetVertexAttribLui64vNV
0x712aba8028	glVertexAttribL1i64NV
0x712aba8030	glVertexAttribL1i64vNV
0x712aba8038	glVertexAttribL1ui64NV
0x712aba8040	glVertexAttribL1ui64vNV
0x712aba8048	glVertexAttribL2i64NV
0x712aba8050	glVertexAttribL2i64vNV
0x712aba8058	glVertexAttribL2ui64NV
0x712aba8060	glVertexAttribL2ui64vNV
0x712aba8068	glVertexAttribL3i64NV
0x712aba8070	glVertexAttribL3i64vNV
0x712aba8078	glVertexAttribL3ui64NV
0x712aba8080	glVertexAttribL3ui64vNV
0x712aba8088	glVertexAttribL4i64NV
0x712aba8090	glVertexAttribL4i64vNV
0x712aba8098	glVertexAttribL4ui64NV
0x712aba80a0	glVertexAttribL4ui64vNV
0x712aba80a8	glVertexAttribLFormatNV
0x712aba80b0	glBufferAddressRangeNV
0x712aba80b8	glColorFormatNV
0x712aba80c0	glEdgeFlagFormatNV
0x712aba80c8	glFogCoordFormatNV
0x712aba80d0	glGetIntegerui64i_vNV
0x712aba80d8	glIndexFormatNV
0x712aba80e0	glNormalFormatNV
0x712aba80e8	glSecondaryColorFormatNV
0x712aba80f0	glTexCoordFormatNV
0x712aba80f8	glVertexAttribFormatNV
0x712aba8100	glVertexAttribIFormatNV
0x712aba8108	glVertexFormatNV
0x712aba8110	glAreProgramsResidentNV
0x712aba8118	glBindProgramNV
0x712aba8120	glDeleteProgramsNV
0x712aba8128	glExecuteProgramNV
0x712aba8130	glGenProgramsNV
0x712aba8138	glGetProgramParameterdvNV
0x712aba8140	glGetProgramParameterfvNV
0x712aba8148	glGetProgramStringNV
0x712aba8150	glGetProgramivNV
0x712aba8158	glGetTrackMatrixivNV
0x712aba8160	glGetVertexAttribPointervNV
0x712aba8168	glGetVertexAttribdvNV
0x712aba8170	glGetVertexAttribfvNV
0x712aba8178	glGetVertexAttribivNV
0x712aba8180	glIsProgramNV
0x712aba8188	glLoadProgramNV
0x712aba8190	glProgramParameter4dNV
0x712aba8198	glProgramParameter4dvNV
0x712aba81a0	glProgramParameter4fNV
0x712aba81a8	glProgramParameter4fvNV
0x712aba81b0	glProgramParameters4dvNV
0x712aba81b8	glProgramParameters4fvNV
0x712aba81c0	glRequestResidentProgramsNV
0x712aba81c8	glTrackMatrixNV
0x712aba81d0	glVertexAttrib1dNV
0x712aba81d8	glVertexAttrib1dvNV
0x712aba81e0	glVertexAttrib1fNV
0x712aba81e8	glVertexAttrib1fvNV
0x712aba81f0	glVertexAttrib1sNV
0x712aba81f8	glVertexAttrib1svNV
0x712aba8200	glVertexAttrib2dNV
0x712aba8208	glVertexAttrib2dvNV
0x712aba8210	glVertexAttrib2fNV
0x712aba8218	glVertexAttrib2fvNV
0x712aba8220	glVertexAttrib2sNV
0x712aba8228	glVertexAttrib2svNV
0x712aba8230	glVertexAttrib3dNV
0x712aba8238	glVertexAttrib3dvNV
0x712aba8240	glVertexAttrib3fNV
0x712aba8248	glVertexAttrib3fvNV
0x712aba8250	glVertexAttrib3sNV
0x712aba8258	glVertexAttrib3svNV
0x712aba8260	glVertexAttrib4dNV
0x712aba8268	glVertexAttrib4dvNV
0x712aba8270	glVertexAttrib4fNV
0x712aba8278	glVertexAttrib4fvNV
0x712aba8280	glVertexAttrib4sNV
0x712aba8288	glVertexAttrib4svNV
0x712aba8290	glVertexAttrib4ubNV
0x712aba8298	glVertexAttrib4ubvNV
0x712aba82a0	glVertexAttribPointerNV
0x712aba82a8	glVertexAttribs1dvNV
0x712aba82b0	glVertexAttribs1fvNV
0x712aba82b8	glVertexAttribs1svNV
0x712aba82c0	glVertexAttribs2dvNV
0x712aba82c8	glVertexAttribs2fvNV
0x712aba82d0	glVertexAttribs2svNV
0x712aba82d8	glVertexAttribs3dvNV
0x712aba82e0	glVertexAttribs3fvNV
0x712aba82e8	glVertexAttribs3svNV
0x712aba82f0	glVertexAttribs4dvNV
0x712aba82f8	glVertexAttribs4fvNV
0x712aba8300	glVertexAttribs4svNV
0x712aba8308	glVertexAttribs4ubvNV
0x712aba8310	glBeginVideoCaptureNV
0x712aba8318	glBindVideoCaptureStreamBufferNV
0x712aba8320	glBindVideoCaptureStreamTextureNV
0x712aba8328	glEndVideoCaptureNV
0x712aba8330	glGetVideoCaptureStreamdvNV
0x712aba8338	glGetVideoCaptureStreamfvNV
0x712aba8340	glGetVideoCaptureStreamivNV
0x712aba8348	glGetVideoCaptureivNV
0x712aba8350	glVideoCaptureNV
0x712aba8358	glVideoCaptureStreamParameterdvNV
0x712aba8360	glVideoCaptureStreamParameterfvNV
0x712aba8368	glVideoCaptureStreamParameterivNV
0x712aba8370	glDepthRangeArrayfvNV
0x712aba8378	glDepthRangeIndexedfNV
0x712aba8380	glDisableiNV
0x712aba8388	glEnableiNV
0x712aba8390	glGetFloati_vNV
0x712aba8398	glIsEnablediNV
0x712aba83a0	glScissorArrayvNV
0x712aba83a8	glScissorIndexedNV
0x712aba83b0	glScissorIndexedvNV
0x712aba83b8	glViewportArrayvNV
0x712aba83c0	glViewportIndexedfNV
0x712aba83c8	glViewportIndexedfvNV
0x712aba83d0	glViewportSwizzleNV
0x712aba83d8	glFramebufferTextureMultiviewOVR
0x712aba83e0	glFramebufferTextureMultisampleMultiviewOVR
0x712aba83e8	glAlphaFuncQCOM
0x712aba83f0	glDisableDriverControlQCOM
0x712aba83f8	glEnableDriverControlQCOM
0x712aba8400	glGetDriverControlStringQCOM
0x712aba8408	glGetDriverControlsQCOM
0x712aba8410	glExtGetBufferPointervQCOM
0x712aba8418	glExtGetBuffersQCOM
0x712aba8420	glExtGetFramebuffersQCOM
0x712aba8428	glExtGetRenderbuffersQCOM
0x712aba8430	glExtGetTexLevelParameterivQCOM
0x712aba8438	glExtGetTexSubImageQCOM
0x712aba8440	glExtGetTexturesQCOM
0x712aba8448	glExtTexObjectStateOverrideiQCOM
0x712aba8450	glExtGetProgramBinarySourceQCOM
0x712aba8458	glExtGetProgramsQCOM
0x712aba8460	glExtGetShadersQCOM
0x712aba8468	glExtIsProgramBinaryQCOM
0x712aba8470	glFramebufferFoveationConfigQCOM
0x712aba8478	glFramebufferFoveationParametersQCOM
0x712aba8480	glFramebufferFetchBarrierQCOM
0x712aba8488	glEndTilingQCOM
0x712aba8490	glStartTilingQCOM
0x712aba8498	glAlphaFuncx
0x712aba84a0	glClearColorx
0x712aba84a8	glClearDepthx
0x712aba84b0	glColor4x
0x712aba84b8	glDepthRangex
0x712aba84c0	glFogx
0x712aba84c8	glFogxv
0x712aba84d0	glFrustumf
0x712aba84d8	glFrustumx
0x712aba84e0	glLightModelx
0x712aba84e8	glLightModelxv
0x712aba84f0	glLightx
0x712aba84f8	glLightxv
0x712aba8500	glLineWidthx
0x712aba8508	glLoadMatrixx
0x712aba8510	glMaterialx
0x712aba8518	glMaterialxv
0x712aba8520	glMultMatrixx
0x712aba8528	glMultiTexCoord4x
0x712aba8530	glNormal3x
0x712aba8538	glOrthof
0x712aba8540	glOrthox
0x712aba8548	glPointSizex
0x712aba8550	glPolygonOffsetx
0x712aba8558	glRotatex
0x712aba8560	glSampleCoveragex
0x712aba8568	glScalex
0x712aba8570	glTexEnvx
0x712aba8578	glTexEnvxv
0x712aba8580	glTexParameterx
0x712aba8588	glTranslatex
0x712aba8590	glClipPlanef
0x712aba8598	glClipPlanex
0x712aba85a0	glGetClipPlanef
0x712aba85a8	glGetClipPlanex
0x712aba85b0	glGetFixedv
0x712aba85b8	glGetLightxv
0x712aba85c0	glGetMaterialxv
0x712aba85c8	glGetTexEnvxv
0x712aba85d0	glGetTexParameterxv
0x712aba85d8	glPointParameterx
0x712aba85e0	glPointParameterxv
0x712aba85e8	glPointSizePointerOES
0x712aba85f0	glTexParameterxv
0x712aba85f8	glErrorStringREGAL
0x712aba8600	glGetExtensionREGAL
0x712aba8608	glIsSupportedREGAL
0x712aba8610	glLogMessageCallbackREGAL
0x712aba8618	glGetProcAddressREGAL
0x712aba8620	glDetailTexFuncSGIS
0x712aba8628	glGetDetailTexFuncSGIS
0x712aba8630	glFogFuncSGIS
0x712aba8638	glGetFogFuncSGIS
0x712aba8640	glSampleMaskSGIS
0x712aba8648	glSamplePatternSGIS
0x712aba8650	glInterleavedTextureCoordSetsSGIS
0x712aba8658	glSelectTextureCoordSetSGIS
0x712aba8660	glSelectTextureSGIS
0x712aba8668	glSelectTextureTransformSGIS
0x712aba8670	glMultisampleSubRectPosSGIS
0x712aba8678	glGetSharpenTexFuncSGIS
0x712aba8680	glSharpenTexFuncSGIS
0x712aba8688	glTexImage4DSGIS
0x712aba8690	glTexSubImage4DSGIS
0x712aba8698	glGetTexFilterFuncSGIS
0x712aba86a0	glTexFilterFuncSGIS
0x712aba86a8	glAsyncMarkerSGIX
0x712aba86b0	glDeleteAsyncMarkersSGIX
0x712aba86b8	glFinishAsyncSGIX
0x712aba86c0	glGenAsyncMarkersSGIX
0x712aba86c8	glIsAsyncMarkerSGIX
0x712aba86d0	glPollAsyncSGIX
0x712aba86d8	glAddressSpace
0x712aba86e0	glDataPipe
0x712aba86e8	glFlushRasterSGIX
0x712aba86f0	glFogLayersSGIX
0x712aba86f8	glGetFogLayersSGIX
0x712aba8700	glTextureFogSGIX
0x712aba8708	glFragmentColorMaterialSGIX
0x712aba8710	glFragmentLightModelfSGIX
0x712aba8718	glFragmentLightModelfvSGIX
0x712aba8720	glFragmentLightModeliSGIX
0x712aba8728	glFragmentLightModelivSGIX
0x712aba8730	glFragmentLightfSGIX
0x712aba8738	glFragmentLightfvSGIX
0x712aba8740	glFragmentLightiSGIX
0x712aba8748	glFragmentLightivSGIX
0x712aba8750	glFragmentMaterialfSGIX
0x712aba8758	glFragmentMaterialfvSGIX
0x712aba8760	glFragmentMaterialiSGIX
0x712aba8768	glFragmentMaterialivSGIX
0x712aba8770	glGetFragmentLightfvSGIX
0x712aba8778	glGetFragmentLightivSGIX
0x712aba8780	glGetFragmentMaterialfvSGIX
0x712aba8788	glGetFragmentMaterialivSGIX
0x712aba8790	glFrameZoomSGIX
0x712aba8798	glIglooInterfaceSGIX
0x712aba87a0	glAllocMPEGPredictorsSGIX
0x712aba87a8	glDeleteMPEGPredictorsSGIX
0x712aba87b0	glGenMPEGPredictorsSGIX
0x712aba87b8	glGetMPEGParameterfvSGIX
0x712aba87c0	glGetMPEGParameterivSGIX
0x712aba87c8	glGetMPEGPredictorSGIX
0x712aba87d0	glGetMPEGQuantTableubv
0x712aba87d8	glIsMPEGPredictorSGIX
0x712aba87e0	glMPEGPredictorSGIX
0x712aba87e8	glMPEGQuantTableubv
0x712aba87f0	glSwapMPEGPredictorsSGIX
0x712aba87f8	glGetNonlinLightfvSGIX
0x712aba8800	glGetNonlinMaterialfvSGIX
0x712aba8808	glNonlinLightfvSGIX
0x712aba8810	glNonlinMaterialfvSGIX
0x712aba8818	glPixelTexGenSGIX
0x712aba8828	glLoadIdentityDeformationMapSGIX
0x712aba8830	glMeshBreadthSGIX
0x712aba8838	glMeshStrideSGIX
0x712aba8840	glReferencePlaneSGIX
0x712aba8848	glSpriteParameterfSGIX
0x712aba8850	glSpriteParameterfvSGIX
0x712aba8858	glSpriteParameteriSGIX
0x712aba8860	glSpriteParameterivSGIX
0x712aba8868	glTagSampleBufferSGIX
0x712aba8870	glGetVectorOperationSGIX
0x712aba8878	glVectorOperationSGIX
0x712aba8880	glAreVertexArraysResidentSGIX
0x712aba8888	glBindVertexArraySGIX
0x712aba8890	glDeleteVertexArraysSGIX
0x712aba8898	glGenVertexArraysSGIX
0x712aba88a0	glIsVertexArraySGIX
0x712aba88a8	glPrioritizeVertexArraysSGIX
0x712aba88b0	glColorTableParameterfvSGI
0x712aba88b8	glColorTableParameterivSGI
0x712aba88c0	glColorTableSGI
0x712aba88c8	glCopyColorTableSGI
0x712aba88d0	glGetColorTableParameterfvSGI
0x712aba88d8	glGetColorTableParameterivSGI
0x712aba88e0	glGetColorTableSGI
0x712aba88e8	glGetPixelTransformParameterfvSGI
0x712aba88f0	glGetPixelTransformParameterivSGI
0x712aba88f8	glPixelTransformParameterfSGI
0x712aba8900	glPixelTransformParameterfvSGI
0x712aba8908	glPixelTransformParameteriSGI
0x712aba8910	glPixelTransformParameterivSGI
0x712aba8918	glPixelTransformSGI
0x712aba8920	glFinishTextureSUNX
0x712aba8928	glGlobalAlphaFactorbSUN
0x712aba8930	glGlobalAlphaFactordSUN
0x712aba8938	glGlobalAlphaFactorfSUN
0x712aba8940	glGlobalAlphaFactoriSUN
0x712aba8948	glGlobalAlphaFactorsSUN
0x712aba8950	glGlobalAlphaFactorubSUN
0x712aba8958	glGlobalAlphaFactoruiSUN
0x712aba8960	glGlobalAlphaFactorusSUN
0x712aba8968	glReadVideoPixelsSUN
0x712aba8970	glReplacementCodePointerSUN
0x712aba8978	glReplacementCodeubSUN
0x712aba8980	glReplacementCodeubvSUN
0x712aba8988	glReplacementCodeuiSUN
0x712aba8990	glReplacementCodeuivSUN
0x712aba8998	glReplacementCodeusSUN
0x712aba89a0	glReplacementCodeusvSUN
0x712aba89a8	glColor3fVertex3fSUN
0x712aba89b0	glColor3fVertex3fvSUN
0x712aba89b8	glColor4fNormal3fVertex3fSUN
0x712aba89c0	glColor4fNormal3fVertex3fvSUN
0x712aba89c8	glColor4ubVertex2fSUN
0x712aba89d0	glColor4ubVertex2fvSUN
0x712aba89d8	glColor4ubVertex3fSUN
0x712aba89e0	glColor4ubVertex3fvSUN
0x712aba89e8	glNormal3fVertex3fSUN
0x712aba89f0	glNormal3fVertex3fvSUN
0x712aba89f8	glReplacementCodeuiColor3fVertex3fSUN
0x712aba8a00	glReplacementCodeuiColor3fVertex3fvSUN
0x712aba8a08	glReplacementCodeuiColor4fNormal3fVertex3fSUN
0x712aba8a10	glReplacementCodeuiColor4fNormal3fVertex3fvSUN
0x712aba8a18	glReplacementCodeuiColor4ubVertex3fSUN
0x712aba8a20	glReplacementCodeuiColor4ubVertex3fvSUN
0x712aba8a28	glReplacementCodeuiNormal3fVertex3fSUN
0x712aba8a30	glReplacementCodeuiNormal3fVertex3fvSUN
0x712aba8a38	glReplacementCodeuiTexCoord2fColor4fNormal3fVertex3fSUN
0x712aba8a40	glReplacementCodeuiTexCoord2fColor4fNormal3fVertex3fvSUN
0x712aba8a48	glReplacementCodeuiTexCoord2fNormal3fVertex3fSUN
0x712aba8a50	glReplacementCodeuiTexCoord2fNormal3fVertex3fvSUN
0x712aba8a58	glReplacementCodeuiTexCoord2fVertex3fSUN
0x712aba8a60	glReplacementCodeuiTexCoord2fVertex3fvSUN
0x712aba8a68	glReplacementCodeuiVertex3fSUN
0x712aba8a70	glReplacementCodeuiVertex3fvSUN
0x712aba8a78	glTexCoord2fColor3fVertex3fSUN
0x712aba8a80	glTexCoord2fColor3fVertex3fvSUN
0x712aba8a88	glTexCoord2fColor4fNormal3fVertex3fSUN
0x712aba8a90	glTexCoord2fColor4fNormal3fVertex3fvSUN
0x712aba8a98	glTexCoord2fColor4ubVertex3fSUN
0x712aba8aa0	glTexCoord2fColor4ubVertex3fvSUN
0x712aba8aa8	glTexCoord2fNormal3fVertex3fSUN
0x712aba8ab0	glTexCoord2fNormal3fVertex3fvSUN
0x712aba8ab8	glTexCoord2fVertex3fSUN
0x712aba8ac0	glTexCoord2fVertex3fvSUN
0x712aba8ac8	glTexCoord4fColor4fNormal3fVertex4fSUN
0x712aba8ad0	glTexCoord4fColor4fNormal3fVertex4fvSUN
0x712aba8ad8	glTexCoord4fVertex4fSUN
0x712aba8ae0	glTexCoord4fVertex4fvSUN
0x712aba8ae8	glAddSwapHintRectWIN
0x712aba8e18	eglChooseConfig
0x712aba8e20	eglCopyBuffers
0x712aba8e28	eglCreateContext
0x712aba8e30	eglCreatePbufferSurface
0x712aba8e38	eglCreatePixmapSurface
0x712aba8e40	eglCreateWindowSurface
0x712aba8e48	eglDestroyContext
0x712aba8e50	eglDestroySurface
0x712aba8e58	eglGetConfigAttrib
0x712aba8e60	eglGetConfigs
0x712aba8e68	eglGetCurrentSurface
0x712aba8e70	eglGetDisplay
0x712aba8e78	eglGetError
0x712aba8e80	eglInitialize
0x712aba8e88	eglMakeCurrent
0x712aba8e90	eglQueryContext
0x712aba8e98	eglQuerySurface
0x712aba8ea0	eglSwapBuffers
0x712aba8ea8	eglTerminate
0x712aba8eb0	eglWaitGL
0x712aba8eb8	eglWaitNative
0x712aba8ec0	eglBindTexImage
0x712aba8ec8	eglReleaseTexImage
0x712aba8ed0	eglSurfaceAttrib
0x712aba8ed8	eglSwapInterval
0x712aba8ee0	eglBindAPI
0x712aba8ee8	eglCreatePbufferFromClientBuffer
0x712aba8ef0	eglQueryAPI
0x712aba8ef8	eglReleaseThread
0x712aba8f00	eglWaitClient
0x712aba8f08	eglGetCurrentContext
0x712aba8f10	eglClientWaitSync
0x712aba8f18	eglCreateImage
0x712aba8f20	eglCreatePlatformPixmapSurface
0x712aba8f28	eglCreatePlatformWindowSurface
0x712aba8f30	eglCreateSync
0x712aba8f38	eglDestroyImage
0x712aba8f40	eglDestroySync
0x712aba8f48	eglGetPlatformDisplay
0x712aba8f50	eglGetSyncAttrib
0x712aba8f58	eglWaitSync
0x712aba8f60	eglSetBlobCacheFuncsANDROID
0x712aba8f68	eglCreateNativeClientBufferANDROID
0x712aba8f70	eglDupNativeFenceFDANDROID
0x712aba8f78	eglPresentationTimeANDROID
0x712aba8f80	eglQuerySurfacePointerANGLE
0x712aba8f88	eglQueryDevicesEXT
0x712aba8f90	eglQueryDeviceAttribEXT
0x712aba8f98	eglQueryDeviceStringEXT
0x712aba8fa0	eglQueryDisplayAttribEXT
0x712aba8fa8	eglQueryDmaBufFormatsEXT
0x712aba8fb0	eglQueryDmaBufModifiersEXT
0x712aba8fb8	eglGetOutputLayersEXT
0x712aba8fc0	eglGetOutputPortsEXT
0x712aba8fc8	eglOutputLayerAttribEXT
0x712aba8fd0	eglOutputPortAttribEXT
0x712aba8fd8	eglQueryOutputLayerAttribEXT
0x712aba8fe0	eglQueryOutputLayerStringEXT
0x712aba8fe8	eglQueryOutputPortAttribEXT
0x712aba8ff0	eglQueryOutputPortStringEXT
0x712aba8ff8	eglCreatePlatformPixmapSurfaceEXT
0x712aba9000	eglCreatePlatformWindowSurfaceEXT
0x712aba9008	eglGetPlatformDisplayEXT
0x712aba9010	eglStreamConsumerOutputEXT
0x712aba9018	eglSwapBuffersWithDamageEXT
0x712aba9020	eglCreatePixmapSurfaceHI
0x712aba9028	eglCreateSync64KHR
0x712aba9030	eglDebugMessageControlKHR
0x712aba9038	eglLabelObjectKHR
0x712aba9040	eglQueryDebugKHR
0x712aba9048	eglCreateImageKHR
0x712aba9050	eglDestroyImageKHR
0x712aba9058	eglLockSurfaceKHR
0x712aba9060	eglUnlockSurfaceKHR
0x712aba9068	eglQuerySurface64KHR
0x712aba9070	eglSetDamageRegionKHR
0x712aba9078	eglClientWaitSyncKHR
0x712aba9080	eglCreateSyncKHR
0x712aba9088	eglDestroySyncKHR
0x712aba9090	eglGetSyncAttribKHR
0x712aba9098	eglSignalSyncKHR
0x712aba90a0	eglCreateStreamKHR
0x712aba90a8	eglDestroyStreamKHR
0x712aba90b0	eglQueryStreamKHR
0x712aba90b8	eglQueryStreamu64KHR
0x712aba90c0	eglStreamAttribKHR
0x712aba90c8	eglCreateStreamAttribKHR
0x712aba90d0	eglQueryStreamAttribKHR
0x712aba90d8	eglSetStreamAttribKHR
0x712aba90e0	eglStreamConsumerAcquireAttribKHR
0x712aba90e8	eglStreamConsumerReleaseAttribKHR
0x712aba90f0	eglStreamConsumerAcquireKHR
0x712aba90f8	eglStreamConsumerGLTextureExternalKHR
0x712aba9100	eglStreamConsumerReleaseKHR
0x712aba9108	eglCreateStreamFromFileDescriptorKHR
0x712aba9110	eglGetStreamFileDescriptorKHR
0x712aba9118	eglQueryStreamTimeKHR
0x712aba9120	eglCreateStreamProducerSurfaceKHR
0x712aba9128	eglSwapBuffersWithDamageKHR
0x712aba9130	eglWaitSyncKHR
0x712aba9138	eglCreateDRMImageMESA
0x712aba9140	eglExportDRMImageMESA
0x712aba9148	eglExportDMABUFImageMESA
0x712aba9150	eglExportDMABUFImageQueryMESA
0x712aba9158	eglSwapBuffersRegionNOK
0x712aba9160	eglSwapBuffersRegion2NOK
0x712aba9168	eglQueryNativeDisplayNV
0x712aba9170	eglQueryNativePixmapNV
0x712aba9178	eglQueryNativeWindowNV
0x712aba9180	eglPostSubBufferNV
0x712aba9188	eglStreamConsumerGLTextureExternalAttribsNV
0x712aba9190	eglQueryDisplayAttribNV
0x712aba9198	eglQueryStreamMetadataNV
0x712aba91a0	eglSetStreamMetadataNV
0x712aba91a8	eglResetStreamNV
0x712aba91b0	eglCreateStreamSyncNV
0x712aba91b8	eglClientWaitSyncNV
0x712aba91c0	eglCreateFenceSyncNV
0x712aba91c8	eglDestroySyncNV
0x712aba91d0	eglFenceNV
0x712aba91d8	eglGetSyncAttribNV
0x712aba91e0	eglSignalSyncNV
0x712aba91e8	eglGetSystemTimeFrequencyNV
0x712aba91f0	eglGetSystemTimeNV
0x712abac040	glCullFace
0x712abac048	glFrontFace
0x712abac050	glHint
0x712abac058	glLineWidth
0x712abac060	glPointSize
0x712abac068	glPolygonMode
0x712abac070	glScissor
0x712abac078	glTexParameterf
0x712abac080	glTexParameterfv
0x712abac088	glTexParameteri
0x712abac090	glTexParameteriv
0x712abac098	glTexImage1D
0x712abac0a0	glTexImage2D
0x712abac0a8	glDrawBuffer
0x712abac0b0	glClear
0x712abac0b8	glClearColor
0x712abac0c0	glClearStencil
0x712abac0c8	glClearDepth
0x712abac0d0	glStencilMask
0x712abac0d8	glColorMask
0x712abac0e0	glDepthMask
0x712abac0e8	glDisable
0x712abac0f0	glEnable
0x712abac0f8	glFinish
0x712abac100	glFlush
0x712abac108	glBlendFunc
0x712abac110	glLogicOp
0x712abac118	glStencilFunc
0x712abac120	glStencilOp
0x712abac128	glDepthFunc
0x712abac130	glPixelStoref
0x712abac138	glPixelStorei
0x712abac140	glReadBuffer
0x712abac148	glReadPixels
0x712abac150	glGetBooleanv
0x712abac158	glGetDoublev
0x712abac160	glGetError
0x712abac168	glGetFloatv
0x712abac170	glGetIntegerv
0x712abac178	glGetString
0x712abac180	glGetTexImage
0x712abac188	glGetTexParameterfv
0x712abac190	glGetTexParameteriv
0x712abac198	glGetTexLevelParameterfv
0x712abac1a0	glGetTexLevelParameteriv
0x712abac1a8	glIsEnabled
0x712abac1b0	glDepthRange
0x712abac1b8	glViewport
0x712abac1c0	glNewList
0x712abac1c8	glEndList
0x712abac1d0	glCallList
0x712abac1d8	glCallLists
0x712abac1e0	glDeleteLists
0x712abac1e8	glGenLists
0x712abac1f0	glListBase
0x712abac1f8	glBegin
0x712abac200	glBitmap
0x712abac208	glColor3b
0x712abac210	glColor3bv
0x712abac218	glColor3d
0x712abac220	glColor3dv
0x712abac228	glColor3f
0x712abac230	glColor3fv
0x712abac238	glColor3i
0x712abac240	glColor3iv
0x712abac248	glColor3s
0x712abac250	glColor3sv
0x712abac258	glColor3ub
0x712abac260	glColor3ubv
0x712abac268	glColor3ui
0x712abac270	glColor3uiv
0x712abac278	glColor3us
0x712abac280	glColor3usv
0x712abac288	glColor4b
0x712abac290	glColor4bv
0x712abac298	glColor4d
0x712abac2a0	glColor4dv
0x712abac2a8	glColor4f
0x712abac2b0	glColor4fv
0x712abac2b8	glColor4i
0x712abac2c0	glColor4iv
0x712abac2c8	glColor4s
0x712abac2d0	glColor4sv
0x712abac2d8	glColor4ub
0x712abac2e0	glColor4ubv
0x712abac2e8	glColor4ui
0x712abac2f0	glColor4uiv
0x712abac2f8	glColor4us
0x712abac300	glColor4usv
0x712abac308	glEdgeFlag
0x712abac310	glEdgeFlagv
0x712abac318	glEnd
0x712abac320	glIndexd
0x712abac328	glIndexdv
0x712abac330	glIndexf
0x712abac338	glIndexfv
0x712abac340	glIndexi
0x712abac348	glIndexiv
0x712abac350	glIndexs
0x712abac358	glIndexsv
0x712abac360	glNormal3b
0x712abac368	glNormal3bv
0x712abac370	glNormal3d
0x712abac378	glNormal3dv
0x712abac380	glNormal3f
0x712abac388	glNormal3fv
0x712abac390	glNormal3i
0x712abac398	glNormal3iv
0x712abac3a0	glNormal3s
0x712abac3a8	glNormal3sv
0x712abac3b0	glRasterPos2d
0x712abac3b8	glRasterPos2dv
0x712abac3c0	glRasterPos2f
0x712abac3c8	glRasterPos2fv
0x712abac3d0	glRasterPos2i
0x712abac3d8	glRasterPos2iv
0x712abac3e0	glRasterPos2s
0x712abac3e8	glRasterPos2sv
0x712abac3f0	glRasterPos3d
0x712abac3f8	glRasterPos3dv
0x712abac400	glRasterPos3f
0x712abac408	glRasterPos3fv
0x712abac410	glRasterPos3i
0x712abac418	glRasterPos3iv
0x712abac420	glRasterPos3s
0x712abac428	glRasterPos3sv
0x712abac430	glRasterPos4d
0x712abac438	glRasterPos4dv
0x712abac440	glRasterPos4f
0x712abac448	glRasterPos4fv
0x712abac450	glRasterPos4i
0x712abac458	glRasterPos4iv
0x712abac460	glRasterPos4s
0x712abac468	glRasterPos4sv
0x712abac470	glRectd
0x712abac478	glRectdv
0x712abac480	glRectf
0x712abac488	glRectfv
0x712abac490	glRecti
0x712abac498	glRectiv
0x712abac4a0	glRects
0x712abac4a8	glRectsv
0x712abac4b0	glTexCoord1d
0x712abac4b8	glTexCoord1dv
0x712abac4c0	glTexCoord1f
0x712abac4c8	glTexCoord1fv
0x712abac4d0	glTexCoord1i
0x712abac4d8	glTexCoord1iv
0x712abac4e0	glTexCoord1s
0x712abac4e8	glTexCoord1sv
0x712abac4f0	glTexCoord2d
0x712abac4f8	glTexCoord2dv
0x712abac500	glTexCoord2f
0x712abac508	glTexCoord2fv
0x712abac510	glTexCoord2i
0x712abac518	glTexCoord2iv
0x712abac520	glTexCoord2s
0x712abac528	glTexCoord2sv
0x712abac530	glTexCoord3d
0x712abac538	glTexCoord3dv
0x712abac540	glTexCoord3f
0x712abac548	glTexCoord3fv
0x712abac550	glTexCoord3i
0x712abac558	glTexCoord3iv
0x712abac560	glTexCoord3s
0x712abac568	glTexCoord3sv
0x712abac570	glTexCoord4d
0x712abac578	glTexCoord4dv
0x712abac580	glTexCoord4f
0x712abac588	glTexCoord4fv
0x712abac590	glTexCoord4i
0x712abac598	glTexCoord4iv
0x712abac5a0	glTexCoord4s
0x712abac5a8	glTexCoord4sv
0x712abac5b0	glVertex2d
0x712abac5b8	glVertex2dv
0x712abac5c0	glVertex2f
0x712abac5c8	glVertex2fv
0x712abac5d0	glVertex2i
0x712abac5d8	glVertex2iv
0x712abac5e0	glVertex2s
0x712abac5e8	glVertex2sv
0x712abac5f0	glVertex3d
0x712abac5f8	glVertex3dv
0x712abac600	glVertex3f
0x712abac608	glVertex3fv
0x712abac610	glVertex3i
0x712abac618	glVertex3iv
0x712abac620	glVertex3s
0x712abac628	glVertex3sv
0x712abac630	glVertex4d
0x712abac638	glVertex4dv
0x712abac640	glVertex4f
0x712abac648	glVertex4fv
0x712abac650	glVertex4i
0x712abac658	glVertex4iv
0x712abac660	glVertex4s
0x712abac668	glVertex4sv
0x712abac670	glClipPlane
0x712abac678	glColorMaterial
0x712abac680	glFogf
0x712abac688	glFogfv
0x712abac690	glFogi
0x712abac698	glFogiv
0x712abac6a0	glLightf
0x712abac6a8	glLightfv
0x712abac6b0	glLighti
0x712abac6b8	glLightiv
0x712abac6c0	glLightModelf
0x712abac6c8	glLightModelfv
0x712abac6d0	glLightModeli
0x712abac6d8	glLightModeliv
0x712abac6e0	glLineStipple
0x712abac6e8	glMaterialf
0x712abac6f0	glMaterialfv
0x712abac6f8	glMateriali
0x712abac700	glMaterialiv
0x712abac708	glPolygonStipple
0x712abac710	glShadeModel
0x712abac718	glTexEnvf
0x712abac720	glTexEnvfv
0x712abac728	glTexEnvi
0x712abac730	glTexEnviv
0x712abac738	glTexGend
0x712abac740	glTexGendv
0x712abac748	glTexGenf
0x712abac750	glTexGenfv
0x712abac758	glTexGeni
0x712abac760	glTexGeniv
0x712abac768	glFeedbackBuffer
0x712abac770	glSelectBuffer
0x712abac778	glRenderMode
0x712abac780	glInitNames
0x712abac788	glLoadName
0x712abac790	glPassThrough
0x712abac798	glPopName
0x712abac7a0	glPushName
0x712abac7a8	glClearAccum
0x712abac7b0	glClearIndex
0x712abac7b8	glIndexMask
0x712abac7c0	glAccum
0x712abac7c8	glPopAttrib
0x712abac7d0	glPushAttrib
0x712abac7d8	glMap1d
0x712abac7e0	glMap1f
0x712abac7e8	glMap2d
0x712abac7f0	glMap2f
0x712abac800	glMapGrid1f
0x712abac808	glMapGrid2d
0x712abac810	glMapGrid2f
0x712abac818	glEvalCoord1d
0x712abac820	glEvalCoord1dv
0x712abac828	glEvalCoord1f
0x712abac830	glEvalCoord1fv
0x712abac838	glEvalCoord2d
0x712abac840	glEvalCoord2dv
0x712abac848	glEvalCoord2f
0x712abac850	glEvalCoord2fv
0x712abac858	glEvalMesh1
0x712abac860	glEvalPoint1
0x712abac868	glEvalMesh2
0x712abac870	glEvalPoint2
0x712abac878	glAlphaFunc
0x712abac880	glPixelZoom
0x712abac888	glPixelTransferf
0x712abac890	glPixelTransferi
0x712abac898	glPixelMapfv
0x712abac8a0	glPixelMapuiv
0x712abac8a8	glPixelMapusv
0x712abac8b0	glCopyPixels
0x712abac8b8	glDrawPixels
0x712abac8c0	glGetClipPlane
0x712abac8c8	glGetLightfv
0x712abac8d0	glGetLightiv
0x712abac8d8	glGetMapdv
0x712abac8e0	glGetMapfv
0x712abac8e8	glGetMapiv
0x712abac8f0	glGetMaterialfv
0x712abac8f8	glGetMaterialiv
0x712abac900	glGetPixelMapfv
0x712abac908	glGetPixelMapuiv
0x712abac910	glGetPixelMapusv
0x712abac918	glGetPolygonStipple
0x712abac920	glGetTexEnvfv
0x712abac928	glGetTexEnviv
0x712abac930	glGetTexGendv
0x712abac938	glGetTexGenfv
0x712abac940	glGetTexGeniv
0x712abac948	glIsList
0x712abac950	glFrustum
0x712abac958	glLoadIdentity
0x712abac960	glLoadMatrixf
0x712abac968	glLoadMatrixd
0x712abac970	glMatrixMode
0x712abac978	glMultMatrixf
0x712abac980	glMultMatrixd
0x712abac988	glOrtho
0x712abac990	glPopMatrix
0x712abac998	glPushMatrix
0x712abac9a0	glRotated
0x712abac9a8	glRotatef
0x712abac9b0	glScaled
0x712abac9b8	glScalef
0x712abac9c0	glTranslated
0x712abac9c8	glTranslatef
0x712abac9d0	glDrawArrays
0x712abac9d8	glDrawElements
0x712abac9e0	glGetPointerv
0x712abac9e8	glPolygonOffset
0x712abac9f0	glCopyTexImage1D
0x712abac9f8	glCopyTexImage2D
0x712abaca00	glCopyTexSubImage1D
0x712abaca08	glCopyTexSubImage2D
0x712abaca10	glTexSubImage1D
0x712abaca18	glTexSubImage2D
0x712abaca20	glBindTexture
0x712abaca28	glDeleteTextures
0x712abaca30	glGenTextures
0x712abaca38	glIsTexture
0x712abaca40	glArrayElement
0x712abaca48	glColorPointer
0x712abaca50	glDisableClientState
0x712abaca58	glEdgeFlagPointer
0x712abaca60	glEnableClientState
0x712abaca68	glIndexPointer
0x712abaca70	glInterleavedArrays
0x712abaca78	glNormalPointer
0x712abaca80	glTexCoordPointer
0x712abaca88	glVertexPointer
0x712abaca90	glAreTexturesResident
0x712abaca98	glPrioritizeTextures
0x712abacaa0	glIndexub
0x712abacaa8	glIndexubv
0x712abacab0	glPopClientAttrib
0x712abacab8	glPushClientAttrib
0x712abacac0	glDrawRangeElements
0x712abacac8	glTexImage3D
0x712abacad0	glTexSubImage3D
0x712abacad8	glCopyTexSubImage3D
0x712abacae0	glActiveTexture
0x712abacae8	glSampleCoverage
0x712abacaf0	glCompressedTexImage3D
0x712abacaf8	glCompressedTexImage2D
0x712abacb00	glCompressedTexImage1D
0x712abacb08	glCompressedTexSubImage3D
0x712abacb10	glCompressedTexSubImage2D
0x712abacb18	glCompressedTexSubImage1D
0x712abacb20	glGetCompressedTexImage
0x712abacb28	glClientActiveTexture
0x712abacb30	glMultiTexCoord1d
0x712abacb38	glMultiTexCoord1dv
0x712abacb40	glMultiTexCoord1f
0x712abacb48	glMultiTexCoord1fv
0x712abacb50	glMultiTexCoord1i
0x712abacb58	glMultiTexCoord1iv
0x712abacb60	glMultiTexCoord1s
0x712abacb68	glMultiTexCoord1sv
0x712abacb70	glMultiTexCoord2d
0x712abacb78	glMultiTexCoord2dv
0x712abacb80	glMultiTexCoord2f
0x712abacb88	glMultiTexCoord2fv
0x712abacb90	glMultiTexCoord2i
0x712abacb98	glMultiTexCoord2iv
0x712abacba0	glMultiTexCoord2s
0x712abacba8	glMultiTexCoord2sv
0x712abacbb0	glMultiTexCoord3d
0x712abacbb8	glMultiTexCoord3dv
0x712abacbc0	glMultiTexCoord3f
0x712abacbc8	glMultiTexCoord3fv
0x712abacbd0	glMultiTexCoord3i
0x712abacbd8	glMultiTexCoord3iv
0x712abacbe0	glMultiTexCoord3s
0x712abacbe8	glMultiTexCoord3sv
0x712abacbf0	glMultiTexCoord4d
0x712abacbf8	glMultiTexCoord4dv
0x712abacc00	glMultiTexCoord4f
0x712abacc08	glMultiTexCoord4fv
0x712abacc10	glMultiTexCoord4i
0x712abacc18	glMultiTexCoord4iv
0x712abacc20	glMultiTexCoord4s
0x712abacc28	glMultiTexCoord4sv
0x712abacc30	glLoadTransposeMatrixf
0x712abacc38	glLoadTransposeMatrixd
0x712abacc40	glMultTransposeMatrixf
0x712abacc48	glMultTransposeMatrixd
0x712abacc50	glBlendFuncSeparate
0x712abacc58	glMultiDrawArrays
0x712abacc60	glMultiDrawElements
0x712abacc68	glPointParameterf
0x712abacc70	glPointParameterfv
0x712abacc78	glPointParameteri
0x712abacc80	glPointParameteriv
0x712abacc88	glFogCoordf
0x712abacc90	glFogCoordfv
0x712abacc98	glFogCoordd
0x712abacca0	glFogCoorddv
0x712abacca8	glFogCoordPointer
0x712abaccb0	glSecondaryColor3b
0x712abaccb8	glSecondaryColor3bv
0x712abaccc0	glSecondaryColor3d
0x712abaccc8	glSecondaryColor3dv
0x712abaccd0	glSecondaryColor3f
0x712abaccd8	glSecondaryColor3fv
0x712abacce0	glSecondaryColor3i
0x712abacce8	glSecondaryColor3iv
0x712abaccf0	glSecondaryColor3s
0x712abaccf8	glSecondaryColor3sv
0x712abacd00	glSecondaryColor3ub
0x712abacd08	glSecondaryColor3ubv
0x712abacd10	glSecondaryColor3ui
0x712abacd18	glSecondaryColor3uiv
0x712abacd20	glSecondaryColor3us
0x712abacd28	glSecondaryColor3usv
0x712abacd30	glSecondaryColorPointer
0x712abacd38	glWindowPos2d
0x712abacd40	glWindowPos2dv
0x712abacd48	glWindowPos2f
0x712abacd50	glWindowPos2fv
0x712abacd58	glWindowPos2i
0x712abacd60	glWindowPos2iv
0x712abacd68	glWindowPos2s
0x712abacd70	glWindowPos2sv
0x712abacd78	glWindowPos3d
0x712abacd80	glWindowPos3dv
0x712abacd88	glWindowPos3f
0x712abacd90	glWindowPos3fv
0x712abacd98	glWindowPos3i
0x712abacda0	glWindowPos3iv
0x712abacda8	glWindowPos3s
0x712abacdb0	glWindowPos3sv
0x712abacdb8	glBlendColor
0x712abacdc0	glBlendEquation
0x712abacdc8	glGenQueries
0x712abacdd0	glDeleteQueries
0x712abacdd8	glIsQuery
0x712abacde0	glBeginQuery
0x712abacde8	glEndQuery
0x712abacdf0	glGetQueryiv
0x712abacdf8	glGetQueryObjectiv
0x712abace00	glGetQueryObjectuiv
0x712abace08	glBindBuffer
0x712abace10	glDeleteBuffers
0x712abace18	glGenBuffers
0x712abace20	glIsBuffer
0x712abace28	glBufferData
0x712abace30	glBufferSubData
0x712abace38	glGetBufferSubData
0x712abace40	glMapBuffer
0x712abace48	glUnmapBuffer
0x712abace50	glGetBufferParameteriv
0x712abace58	glGetBufferPointerv
0x712abace60	glBlendEquationSeparate
0x712abace68	glDrawBuffers
0x712abace70	glStencilOpSeparate
0x712abace78	glStencilFuncSeparate
0x712abace80	glStencilMaskSeparate
0x712abace88	glAttachShader
0x712abace90	glBindAttribLocation
0x712abace98	glCompileShader
0x712abacea0	glCreateProgram
0x712abacea8	glCreateShader
0x712abaceb0	glDeleteProgram
0x712abaceb8	glDeleteShader
0x712abacec0	glDetachShader
0x712abacec8	glDisableVertexAttribArray
0x712abaced0	glEnableVertexAttribArray
0x712abaced8	glGetActiveAttrib
0x712abacee0	glGetActiveUniform
0x712abacee8	glGetAttachedShaders
0x712abacef0	glGetAttribLocation
0x712abacef8	glGetProgramiv
0x712abacf00	glGetProgramInfoLog
0x712abacf08	glGetShaderiv
0x712abacf10	glGetShaderInfoLog
0x712abacf18	glGetShaderSource
0x712abacf20	glGetUniformLocation
0x712abacf28	glGetUniformfv
0x712abacf30	glGetUniformiv
0x712abacf38	glGetVertexAttribdv
0x712abacf40	glGetVertexAttribfv
0x712abacf48	glGetVertexAttribiv
0x712abacf50	glGetVertexAttribPointerv
0x712abacf58	glIsProgram
0x712abacf60	glIsShader
0x712abacf68	glLinkProgram
0x712abacf70	glShaderSource
0x712abacf78	glUseProgram
0x712abacf80	glUniform1f
0x712abacf88	glUniform2f
0x712abacf90	glUniform3f
0x712abacf98	glUniform4f
0x712abacfa0	glUniform1i
0x712abacfa8	glUniform2i
0x712abacfb0	glUniform3i
0x712abacfb8	glUniform4i
0x712abacfc0	glUniform1fv
0x712abacfc8	glUniform2fv
0x712abacfd0	glUniform3fv
0x712abacfd8	glUniform4fv
0x712abacfe0	glUniform1iv
0x712abacfe8	glUniform2iv
0x712abacff0	glUniform3iv
0x712abacff8	glUniform4iv
0x712abad000	glUniformMatrix2fv
0x712abad008	glUniformMatrix3fv
0x712abad010	glUniformMatrix4fv
0x712abad018	glValidateProgram
0x712abad020	glVertexAttrib1d
0x712abad028	glVertexAttrib1dv
0x712abad030	glVertexAttrib1f
0x712abad038	glVertexAttrib1fv
0x712abad040	glVertexAttrib1s
0x712abad048	glVertexAttrib1sv
0x712abad050	glVertexAttrib2d
0x712abad058	glVertexAttrib2dv
0x712abad060	glVertexAttrib2f
0x712abad068	glVertexAttrib2fv
0x712abad070	glVertexAttrib2s
0x712abad078	glVertexAttrib2sv
0x712abad080	glVertexAttrib3d
0x712abad088	glVertexAttrib3dv
0x712abad090	glVertexAttrib3f
0x712abad098	glVertexAttrib3fv
0x712abad0a0	glVertexAttrib3s
0x712abad0a8	glVertexAttrib3sv
0x712abad0b0	glVertexAttrib4Nbv
0x712abad0b8	glVertexAttrib4Niv
0x712abad0c0	glVertexAttrib4Nsv
0x712abad0c8	glVertexAttrib4Nub
0x712abad0d0	glVertexAttrib4Nubv
0x712abad0d8	glVertexAttrib4Nuiv
0x712abad0e0	glVertexAttrib4Nusv
0x712abad0e8	glVertexAttrib4bv
0x712abad0f0	glVertexAttrib4d
0x712abad0f8	glVertexAttrib4dv
0x712abad100	glVertexAttrib4f
0x712abad108	glVertexAttrib4fv
0x712abad110	glVertexAttrib4iv
0x712abad118	glVertexAttrib4s
0x712abad120	glVertexAttrib4sv
0x712abad128	glVertexAttrib4ubv
0x712abad130	glVertexAttrib4uiv
0x712abad138	glVertexAttrib4usv
0x712abad140	glVertexAttribPointer
0x712abad148	glUniformMatrix2x3fv
0x712abad150	glUniformMatrix3x2fv
0x712abad158	glUniformMatrix2x4fv
0x712abad160	glUniformMatrix4x2fv
0x712abad168	glUniformMatrix3x4fv
0x712abad170	glUniformMatrix4x3fv
0x712abad178	glColorMaski
0x712abad180	glGetBooleani_v
0x712abad188	glGetIntegeri_v
0x712abad190	glEnablei
0x712abad198	glDisablei
0x712abad1a0	glIsEnabledi
0x712abad1a8	glBeginTransformFeedback
0x712abad1b0	glEndTransformFeedback
0x712abad1b8	glBindBufferRange
0x712abad1c0	glBindBufferBase
0x712abad1c8	glTransformFeedbackVaryings
0x712abad1d0	glGetTransformFeedbackVarying
0x712abad1d8	glClampColor
0x712abad1e0	glBeginConditionalRender
0x712abad1e8	glEndConditionalRender
0x712abad1f0	glVertexAttribIPointer
0x712abad1f8	glGetVertexAttribIiv
0x712abad200	glGetVertexAttribIuiv
0x712abad208	glVertexAttribI1i
0x712abad210	glVertexAttribI2i
0x712abad218	glVertexAttribI3i
0x712abad220	glVertexAttribI4i
0x712abad228	glVertexAttribI1ui
0x712abad230	glVertexAttribI2ui
0x712abad238	glVertexAttribI3ui
0x712abad240	glVertexAttribI4ui
0x712abad248	glVertexAttribI1iv
0x712abad250	glVertexAttribI2iv
0x712abad258	glVertexAttribI3iv
0x712abad260	glVertexAttribI4iv
0x712abad268	glVertexAttribI1uiv
0x712abad270	glVertexAttribI2uiv
0x712abad278	glVertexAttribI3uiv
0x712abad280	glVertexAttribI4uiv
0x712abad288	glVertexAttribI4bv
0x712abad290	glVertexAttribI4sv
0x712abad298	glVertexAttribI4ubv
0x712abad2a0	glVertexAttribI4usv
0x712abad2a8	glGetUniformuiv
0x712abad2b0	glBindFragDataLocation
0x712abad2b8	glGetFragDataLocation
0x712abad2c0	glUniform1ui
0x712abad2c8	glUniform2ui
0x712abad2d0	glUniform3ui
0x712abad2d8	glUniform4ui
0x712abad2e0	glUniform1uiv
0x712abad2e8	glUniform2uiv
0x712abad2f0	glUniform3uiv
0x712abad2f8	glUniform4uiv
0x712abad300	glTexParameterIiv
0x712abad308	glTexParameterIuiv
0x712abad310	glGetTexParameterIiv
0x712abad318	glGetTexParameterIuiv
0x712abad320	glClearBufferiv
0x712abad328	glClearBufferuiv
0x712abad330	glClearBufferfv
0x712abad338	glClearBufferfi
0x712abad340	glGetStringi
0x712abad348	glIsRenderbuffer
0x712abad350	glBindRenderbuffer
0x712abad358	glDeleteRenderbuffers
0x712abad360	glGenRenderbuffers
0x712abad368	glRenderbufferStorage
0x712abad370	glGetRenderbufferParameteriv
0x712abad378	glIsFramebuffer
0x712abad380	glBindFramebuffer
0x712abad388	glDeleteFramebuffers
0x712abad390	glGenFramebuffers
0x712abad398	glCheckFramebufferStatus
0x712abad3a0	glFramebufferTexture1D
0x712abad3a8	glFramebufferTexture2D
0x712abad3b0	glFramebufferTexture3D
0x712abad3b8	glFramebufferRenderbuffer
0x712abad3c0	glGetFramebufferAttachmentParameteriv
0x712abad3c8	glGenerateMipmap
0x712abad3d0	glBlitFramebuffer
0x712abad3d8	glRenderbufferStorageMultisample
0x712abad3e0	glFramebufferTextureLayer
0x712abad3e8	glMapBufferRange
0x712abad3f0	glFlushMappedBufferRange
0x712abad3f8	glBindVertexArray
0x712abad400	glDeleteVertexArrays
0x712abad408	glGenVertexArrays
0x712abad410	glIsVertexArray
0x712abad418	glDrawArraysInstanced
0x712abad420	glDrawElementsInstanced
0x712abad428	glTexBuffer
0x712abad430	glPrimitiveRestartIndex
0x712abad438	glCopyBufferSubData
0x712abad440	glGetUniformIndices
0x712abad448	glGetActiveUniformsiv
0x712abad450	glGetActiveUniformName
0x712abad458	glGetUniformBlockIndex
0x712abad460	glGetActiveUniformBlockiv
0x712abad468	glGetActiveUniformBlockName
0x712abad470	glUniformBlockBinding
0x712abad478	glDrawElementsBaseVertex
0x712abad480	glDrawRangeElementsBaseVertex
0x712abad488	glDrawElementsInstancedBaseVertex
0x712abad490	glMultiDrawElementsBaseVertex
0x712abad498	glProvokingVertex
0x712abad4a0	glFenceSync
0x712abad4a8	glIsSync
0x712abad4b0	glDeleteSync
0x712abad4b8	glClientWaitSync
0x712abad4c0	glWaitSync
0x712abad4c8	glGetInteger64v
0x712abad4d0	glGetSynciv
0x712abad4d8	glGetInteger64i_v
0x712abad4e0	glGetBufferParameteri64v
0x712abad4e8	glFramebufferTexture
0x712abad4f0	glTexImage2DMultisample
0x712abad4f8	glTexImage3DMultisample
0x712abad500	glGetMultisamplefv
0x712abad508	glSampleMaski
0x712abad510	glBindFragDataLocationIndexed
0x712abad518	glGetFragDataIndex
0x712abad520	glGenSamplers
0x712abad528	glDeleteSamplers
0x712abad530	glIsSampler
0x712abad538	glBindSampler
0x712abad540	glSamplerParameteri
0x712abad548	glSamplerParameteriv
0x712abad550	glSamplerParameterf
0x712abad558	glSamplerParameterfv
0x712abad560	glSamplerParameterIiv
0x712abad568	glSamplerParameterIuiv
0x712abad570	glGetSamplerParameteriv
0x712abad578	glGetSamplerParameterIiv
0x712abad580	glGetSamplerParameterfv
0x712abad588	glGetSamplerParameterIuiv
0x712abad590	glQueryCounter
0x712abad598	glGetQueryObjecti64v
0x712abad5a0	glGetQueryObjectui64v
0x712abad5a8	glVertexAttribDivisor
0x712abad5b0	glVertexAttribP1ui
0x712abad5b8	glVertexAttribP1uiv
0x712abad5c0	glVertexAttribP2ui
0x712abad5c8	glVertexAttribP2uiv
0x712abad5d0	glVertexAttribP3ui
0x712abad5d8	glVertexAttribP3uiv
0x712abad5e0	glVertexAttribP4ui
0x712abad5e8	glVertexAttribP4uiv
0x712abad5f0	glVertexP2ui
0x712abad5f8	glVertexP2uiv
0x712abad600	glVertexP3ui
0x712abad608	glVertexP3uiv
0x712abad610	glVertexP4ui
0x712abad618	glVertexP4uiv
0x712abad620	glTexCoordP1ui
0x712abad628	glTexCoordP1uiv
0x712abad630	glTexCoordP2ui
0x712abad638	glTexCoordP2uiv
0x712abad640	glTexCoordP3ui
0x712abad648	glTexCoordP3uiv
0x712abad650	glTexCoordP4ui
0x712abad658	glTexCoordP4uiv
0x712abad660	glMultiTexCoordP1ui
0x712abad668	glMultiTexCoordP1uiv
0x712abad670	glMultiTexCoordP2ui
0x712abad678	glMultiTexCoordP2uiv
0x712abad680	glMultiTexCoordP3ui
0x712abad688	glMultiTexCoordP3uiv
0x712abad690	glMultiTexCoordP4ui
0x712abad698	glMultiTexCoordP4uiv
0x712abad6a0	glNormalP3ui
0x712abad6a8	glNormalP3uiv
0x712abad6b0	glColorP3ui
0x712abad6b8	glColorP3uiv
0x712abad6c0	glColorP4ui
0x712abad6c8	glColorP4uiv
0x712abad6d0	glSecondaryColorP3ui
0x712abad6d8	glSecondaryColorP3uiv
0x712abad6e0	glMinSampleShading
0x712abad6e8	glBlendEquationi
0x712abad6f0	glBlendEquationSeparatei
0x712abad6f8	glBlendFunci
0x712abad700	glBlendFuncSeparatei
0x712abad708	glDrawArraysIndirect
0x712abad710	glDrawElementsIndirect
0x712abad718	glUniform1d
0x712abad720	glUniform2d
0x712abad728	glUniform3d
0x712abad730	glUniform4d
0x712abad738	glUniform1dv
0x712abad740	glUniform2dv
0x712abad748	glUniform3dv
0x712abad750	glUniform4dv
0x712abad758	glUniformMatrix2dv
0x712abad760	glUniformMatrix3dv
0x712abad768	glUniformMatrix4dv
0x712abad770	glUniformMatrix2x3dv
0x712abad778	glUniformMatrix2x4dv
0x712abad780	glUniformMatrix3x2dv
0x712abad788	glUniformMatrix3x4dv
0x712abad790	glUniformMatrix4x2dv
0x712abad798	glUniformMatrix4x3dv
0x712abad7a0	glGetUniformdv
0x712abad7a8	glGetSubroutineUniformLocation
0x712abad7b0	glGetSubroutineIndex
0x712abad7b8	glGetActiveSubroutineUniformiv
0x712abad7c0	glGetActiveSubroutineUniformName
0x712abad7c8	glGetActiveSubroutineName
0x712abad7d0	glUniformSubroutinesuiv
0x712abad7d8	glGetUniformSubroutineuiv
0x712abad7e0	glGetProgramStageiv
0x712abad7e8	glPatchParameteri
0x712abad7f0	glPatchParameterfv
0x712abad7f8	glBindTransformFeedback
0x712abad800	glDeleteTransformFeedbacks
0x712abad808	glGenTransformFeedbacks
0x712abad810	glIsTransformFeedback
0x712abad818	glPauseTransformFeedback
0x712abad820	glResumeTransformFeedback
0x712abad828	glDrawTransformFeedback
0x712abad830	glDrawTransformFeedbackStream
0x712abad838	glBeginQueryIndexed
0x712abad840	glEndQueryIndexed
0x712abad848	glGetQueryIndexediv
0x712abad850	glReleaseShaderCompiler
0x712abad858	glShaderBinary
0x712abad860	glGetShaderPrecisionFormat
0x712abad868	glDepthRangef
0x712abad870	glClearDepthf
0x712abad878	glGetProgramBinary
0x712abad880	glProgramBinary
0x712abad888	glProgramParameteri
0x712abad890	glUseProgramStages
0x712abad898	glActiveShaderProgram
0x712abad8a0	glCreateShaderProgramv
0x712abad8a8	glBindProgramPipeline
0x712abad8b0	glDeleteProgramPipelines
0x712abad8b8	glGenProgramPipelines
0x712abad8c0	glIsProgramPipeline
0x712abad8d0	glProgramUniform1i
0x712abad8d8	glProgramUniform1iv
0x712abad8e0	glProgramUniform1f
0x712abad8e8	glProgramUniform1fv
0x712abad8f0	glProgramUniform1d
0x712abad8f8	glProgramUniform1dv
0x712abad900	glProgramUniform1ui
0x712abad908	glProgramUniform1uiv
0x712abad910	glProgramUniform2i
0x712abad918	glProgramUniform2iv
0x712abad920	glProgramUniform2f
0x712abad928	glProgramUniform2fv
0x712abad930	glProgramUniform2d
0x712abad938	glProgramUniform2dv
0x712abad940	glProgramUniform2ui
0x712abad948	glProgramUniform2uiv
0x712abad950	glProgramUniform3i
0x712abad958	glProgramUniform3iv
0x712abad960	glProgramUniform3f
0x712abad968	glProgramUniform3fv
0x712abad970	glProgramUniform3d
0x712abad978	glProgramUniform3dv
0x712abad980	glProgramUniform3ui
0x712abad988	glProgramUniform3uiv
0x712abad990	glProgramUniform4i
0x712abad998	glProgramUniform4iv
0x712abad9a0	glProgramUniform4f
0x712abad9a8	glProgramUniform4fv
0x712abad9b0	glProgramUniform4d
0x712abad9b8	glProgramUniform4dv
0x712abad9c0	glProgramUniform4ui
0x712abad9c8	glProgramUniform4uiv
0x712abad9d0	glProgramUniformMatrix2fv
0x712abad9d8	glProgramUniformMatrix3fv
0x712abad9e0	glProgramUniformMatrix4fv
0x712abad9e8	glProgramUniformMatrix2dv
0x712abad9f0	glProgramUniformMatrix3dv
0x712abad9f8	glProgramUniformMatrix4dv
0x712abada00	glProgramUniformMatrix2x3fv
0x712abada08	glProgramUniformMatrix3x2fv
0x712abada10	glProgramUniformMatrix2x4fv
0x712abada18	glProgramUniformMatrix4x2fv
0x712abada20	glProgramUniformMatrix3x4fv
0x712abada28	glProgramUniformMatrix4x3fv
0x712abada30	glProgramUniformMatrix2x3dv
0x712abada38	glProgramUniformMatrix3x2dv
0x712abada40	glProgramUniformMatrix2x4dv
0x712abada48	glProgramUniformMatrix4x2dv
0x712abada50	glProgramUniformMatrix3x4dv
0x712abada58	glProgramUniformMatrix4x3dv
0x712abada60	glValidateProgramPipeline
0x712abada68	glGetProgramPipelineInfoLog
0x712abada70	glVertexAttribL1d
0x712abada78	glVertexAttribL2d
0x712abada80	glVertexAttribL3d
0x712abada88	glVertexAttribL4d
0x712abada90	glVertexAttribL1dv
0x712abada98	glVertexAttribL2dv
0x712abadaa0	glVertexAttribL3dv
0x712abadaa8	glVertexAttribL4dv
0x712abadab0	glVertexAttribLPointer
0x712abadab8	glGetVertexAttribLdv
0x712abadac0	glViewportArrayv
0x712abadac8	glViewportIndexedf
0x712abadad0	glViewportIndexedfv
0x712abadad8	glScissorArrayv
0x712abadae0	glScissorIndexed
0x712abadae8	glScissorIndexedv
0x712abadaf0	glDepthRangeArrayv
0x712abadaf8	glDepthRangeIndexed
0x712abadb00	glGetFloati_v
0x712abadb08	glGetDoublei_v
0x712abadb10	glDrawArraysInstancedBaseInstance
0x712abadb18	glDrawElementsInstancedBaseInstance
0x712abadb20	glDrawElementsInstancedBaseVertexBaseInstance
0x712abadb28	glGetInternalformativ
0x712abadb30	glGetActiveAtomicCounterBufferiv
0x712abadb38	glBindImageTexture
0x712abadb40	glMemoryBarrier
0x712abadb48	glTexStorage1D
0x712abadb50	glTexStorage2D
0x712abadb58	glTexStorage3D
0x712abadb60	glDrawTransformFeedbackInstanced
0x712abadb68	glDrawTransformFeedbackStreamInstanced
0x712abadb70	glClearBufferData
0x712abadb78	glClearBufferSubData
0x712abadb80	glDispatchCompute
0x712abadb88	glDispatchComputeIndirect
0x712abadb90	glCopyImageSubData
0x712abadb98	glFramebufferParameteri
0x712abadba0	glGetFramebufferParameteriv
0x712abadba8	glGetInternalformati64v
0x712abadbb0	glInvalidateTexSubImage
0x712abadbb8	glInvalidateTexImage
0x712abadbc0	glInvalidateBufferSubData
0x712abadbc8	glInvalidateBufferData
0x712abadbd0	glInvalidateFramebuffer
0x712abadbd8	glInvalidateSubFramebuffer
0x712abadbe0	glMultiDrawArraysIndirect
0x712abadbe8	glMultiDrawElementsIndirect
0x712abadbf0	glGetProgramInterfaceiv
0x712abadbf8	glGetProgramResourceIndex
0x712abadc00	glGetProgramResourceName
0x712abadc08	glGetProgramResourceiv
0x712abadc10	glGetProgramResourceLocation
0x712abadc18	glGetProgramResourceLocationIndex
0x712abadc20	glShaderStorageBlockBinding
0x712abadc28	glTexBufferRange
0x712abadc30	glTexStorage2DMultisample
0x712abadc38	glTexStorage3DMultisample
0x712abadc40	glTextureView
0x712abadc48	glBindVertexBuffer
0x712abadc50	glVertexAttribFormat
0x712abadc58	glVertexAttribIFormat
0x712abadc60	glVertexAttribLFormat
0x712abadc68	glVertexAttribBinding
0x712abadc70	glVertexBindingDivisor
0x712abadc78	glDebugMessageControl
0x712abadc80	glDebugMessageInsert
0x712abadc88	glDebugMessageCallback
0x712abadc90	glGetDebugMessageLog
0x712abadc98	glPushDebugGroup
0x712abadca0	glPopDebugGroup
0x712abadca8	glObjectLabel
0x712abadcb0	glGetObjectLabel
0x712abadcb8	glObjectPtrLabel
0x712abadcc0	glGetObjectPtrLabel
0x712abadcc8	glBufferStorage
0x712abadcd0	glClearTexImage
0x712abadcd8	glClearTexSubImage
0x712abadce0	glBindBuffersBase
0x712abadce8	glBindBuffersRange
0x712abadcf0	glBindTextures
0x712abadcf8	glBindSamplers
0x712abadd00	glBindImageTextures
0x712abadd08	glBindVertexBuffers
0x712abadd10	glClipControl
0x712abadd18	glCreateTransformFeedbacks
0x712abadd20	glTransformFeedbackBufferBase
0x712abadd28	glTransformFeedbackBufferRange
0x712abadd30	glGetTransformFeedbackiv
0x712abadd38	glGetTransformFeedbacki_v
0x712abadd40	glGetTransformFeedbacki64_v
0x712abadd48	glCreateBuffers
0x712abadd50	glNamedBufferStorage
0x712abadd58	glNamedBufferData
0x712abadd60	glNamedBufferSubData
0x712abadd68	glCopyNamedBufferSubData
0x712abadd70	glClearNamedBufferData
0x712abadd78	glClearNamedBufferSubData
0x712abadd80	glMapNamedBuffer
0x712abadd88	glMapNamedBufferRange
0x712abadd90	glUnmapNamedBuffer
0x712abadd98	glFlushMappedNamedBufferRange
0x712abadda0	glGetNamedBufferParameteriv
0x712abadda8	glGetNamedBufferParameteri64v
0x712abaddb0	glGetNamedBufferPointerv
0x712abaddb8	glGetNamedBufferSubData
0x712abaddc0	glCreateFramebuffers
0x712abaddc8	glNamedFramebufferRenderbuffer
0x712abaddd0	glNamedFramebufferParameteri
0x712abaddd8	glNamedFramebufferTexture
0x712abadde0	glNamedFramebufferTextureLayer
0x712abadde8	glNamedFramebufferDrawBuffer
0x712abaddf0	glNamedFramebufferDrawBuffers
0x712abaddf8	glNamedFramebufferReadBuffer
0x712abade00	glInvalidateNamedFramebufferData
0x712abade08	glInvalidateNamedFramebufferSubData
0x712abade10	glClearNamedFramebufferiv
0x712abade18	glClearNamedFramebufferuiv
0x712abade20	glClearNamedFramebufferfv
0x712abade28	glClearNamedFramebufferfi
0x712abade30	glBlitNamedFramebuffer
0x712abade38	glCheckNamedFramebufferStatus
0x712abade40	glGetNamedFramebufferParameteriv
0x712abade48	glGetNamedFramebufferAttachmentParameteriv
0x712abade50	glCreateRenderbuffers
0x712abade58	glNamedRenderbufferStorage
0x712abade60	glNamedRenderbufferStorageMultisample
0x712abade68	glGetNamedRenderbufferParameteriv
0x712abade70	glCreateTextures
0x712abade78	glTextureBuffer
0x712abade80	glTextureBufferRange
0x712abade88	glTextureStorage1D
0x712abade90	glTextureStorage2D
0x712abade98	glTextureStorage3D
0x712abadea0	glTextureStorage2DMultisample
0x712abadea8	glTextureStorage3DMultisample
0x712abadeb0	glTextureSubImage1D
0x712abadeb8	glTextureSubImage2D
0x712abadec0	glTextureSubImage3D
0x712abadec8	glCompressedTextureSubImage1D
0x712abaded0	glCompressedTextureSubImage2D
0x712abaded8	glCompressedTextureSubImage3D
0x712abadee0	glCopyTextureSubImage1D
0x712abadee8	glCopyTextureSubImage2D
0x712abadef0	glCopyTextureSubImage3D
0x712abadef8	glTextureParameterf
0x712abadf00	glTextureParameterfv
0x712abadf08	glTextureParameteri
0x712abadf10	glTextureParameterIiv
0x712abadf18	glTextureParameterIuiv
0x712abadf20	glTextureParameteriv
0x712abadf28	glGenerateTextureMipmap
0x712abadf30	glBindTextureUnit
0x712abadf38	glGetTextureImage
0x712abadf40	glGetCompressedTextureImage
0x712abadf48	glGetTextureLevelParameterfv
0x712abadf50	glGetTextureLevelParameteriv
0x712abadf58	glGetTextureParameterfv
0x712abadf60	glGetTextureParameterIiv
0x712abadf68	glGetTextureParameterIuiv
0x712abadf70	glGetTextureParameteriv
0x712abadf78	glCreateVertexArrays
0x712abadf80	glDisableVertexArrayAttrib
0x712abadf88	glEnableVertexArrayAttrib
0x712abadf90	glVertexArrayElementBuffer
0x712abadf98	glVertexArrayVertexBuffer
0x712abadfa0	glVertexArrayVertexBuffers
0x712abadfa8	glVertexArrayAttribBinding
0x712abadfb0	glVertexArrayAttribFormat
0x712abadfb8	glVertexArrayAttribIFormat
0x712abadfc0	glVertexArrayAttribLFormat
0x712abadfc8	glVertexArrayBindingDivisor
0x712abadfd0	glGetVertexArrayiv
0x712abadfd8	glGetVertexArrayIndexediv
0x712abadfe0	glGetVertexArrayIndexed64iv
0x712abadfe8	glCreateSamplers
0x712abadff0	glCreateProgramPipelines
0x712abadff8	glCreateQueries
0x712abae000	glGetQueryBufferObjecti64v
0x712abae008	glGetQueryBufferObjectiv
0x712abae010	glGetQueryBufferObjectui64v
0x712abae018	glGetQueryBufferObjectuiv
0x712abae020	glMemoryBarrierByRegion
0x712abae028	glGetTextureSubImage
0x712abae030	glGetCompressedTextureSubImage
0x712abae038	glGetGraphicsResetStatus
0x712abae040	glGetnCompressedTexImage
0x712abae048	glGetnTexImage
0x712abae050	glGetnUniformdv
0x712abae058	glGetnUniformfv
0x712abae060	glGetnUniformiv
0x712abae068	glGetnUniformuiv
0x712abae070	glReadnPixels
0x712abae078	glGetnMapdv
0x712abae080	glGetnMapfv
0x712abae088	glGetnMapiv
0x712abae090	glGetnPixelMapfv
0x712abae098	glGetnPixelMapuiv
0x712abae0a0	glGetnPixelMapusv
0x712abae0a8	glGetnPolygonStipple
0x712abae0b0	glGetnColorTable
0x712abae0b8	glGetnConvolutionFilter
0x712abae0c0	glGetnSeparableFilter
0x712abae0c8	glGetnHistogram
0x712abae0d0	glGetnMinmax
0x712abae0d8	glTextureBarrier
0x712abae0e0	glSpecializeShader
0x712abae0e8	glMultiDrawArraysIndirectCount
0x712abae0f0	glMultiDrawElementsIndirectCount
0x712abae0f8	glPolygonOffsetClamp
0x712abae100	glTbufferMask3DFX
0x712abae108	glDebugMessageEnableAMD
0x712abae110	glDebugMessageInsertAMD
0x712abae118	glDebugMessageCallbackAMD
0x712abae120	glGetDebugMessageLogAMD
0x712abae128	glBlendFuncIndexedAMD
0x712abae130	glBlendFuncSeparateIndexedAMD
0x712abae138	glBlendEquationIndexedAMD
0x712abae140	glBlendEquationSeparateIndexedAMD
0x712abae148	glFramebufferSamplePositionsfvAMD
0x712abae150	glNamedFramebufferSamplePositionsfvAMD
0x712abae158	glGetFramebufferParameterfvAMD
0x712abae160	glGetNamedFramebufferParameterfvAMD
0x712abae168	glUniform1i64NV
0x712abae170	glUniform2i64NV
0x712abae178	glUniform3i64NV
0x712abae180	glUniform4i64NV
0x712abae188	glUniform1i64vNV
0x712abae190	glUniform2i64vNV
0x712abae198	glUniform3i64vNV
0x712abae1a0	glUniform4i64vNV
0x712abae1a8	glUniform1ui64NV
0x712abae1b0	glUniform2ui64NV
0x712abae1b8	glUniform3ui64NV
0x712abae1c0	glUniform4ui64NV
0x712abae1c8	glUniform1ui64vNV
0x712abae1d0	glUniform2ui64vNV
0x712abae1d8	glUniform3ui64vNV
0x712abae1e0	glUniform4ui64vNV
0x712abae1e8	glGetUniformi64vNV
0x712abae1f0	glGetUniformui64vNV
0x712abae1f8	glProgramUniform1i64NV
0x712abae200	glProgramUniform2i64NV
0x712abae208	glProgramUniform3i64NV
0x712abae210	glProgramUniform4i64NV
0x712abae218	glProgramUniform1i64vNV
0x712abae220	glProgramUniform2i64vNV
0x712abae228	glProgramUniform3i64vNV
0x712abae230	glProgramUniform4i64vNV
0x712abae238	glProgramUniform1ui64NV
0x712abae240	glProgramUniform2ui64NV
0x712abae248	glProgramUniform3ui64NV
0x712abae250	glProgramUniform4ui64NV
0x712abae258	glProgramUniform1ui64vNV
0x712abae260	glProgramUniform2ui64vNV
0x712abae268	glProgramUniform3ui64vNV
0x712abae270	glProgramUniform4ui64vNV
0x712abae278	glVertexAttribParameteriAMD
0x712abae280	glMultiDrawArraysIndirectAMD
0x712abae288	glMultiDrawElementsIndirectAMD
0x712abae290	glGenNamesAMD
0x712abae298	glDeleteNamesAMD
0x712abae2a0	glIsNameAMD
0x712abae2a8	glQueryObjectParameteruiAMD
0x712abae2b0	glGetPerfMonitorGroupsAMD
0x712abae2b8	glGetPerfMonitorCountersAMD
0x712abae2c0	glGetPerfMonitorGroupStringAMD
0x712abae2c8	glGetPerfMonitorCounterStringAMD
0x712abae2d0	glGetPerfMonitorCounterInfoAMD
0x712abae2d8	glGenPerfMonitorsAMD
0x712abae2e0	glDeletePerfMonitorsAMD
0x712abae2e8	glSelectPerfMonitorCountersAMD
0x712abae2f0	glBeginPerfMonitorAMD
0x712abae2f8	glEndPerfMonitorAMD
0x712abae300	glGetPerfMonitorCounterDataAMD
0x712abae308	glSetMultisamplefvAMD
0x712abae310	glTexStorageSparseAMD
0x712abae318	glTextureStorageSparseAMD
0x712abae320	glStencilOpValueAMD
0x712abae328	glTessellationFactorAMD
0x712abae330	glTessellationModeAMD
0x712abae338	glElementPointerAPPLE
0x712abae340	glDrawElementArrayAPPLE
0x712abae348	glDrawRangeElementArrayAPPLE
0x712abae350	glMultiDrawElementArrayAPPLE
0x712abae358	glMultiDrawRangeElementArrayAPPLE
0x712abae360	glGenFencesAPPLE
0x712abae368	glDeleteFencesAPPLE
0x712abae370	glSetFenceAPPLE
0x712abae378	glIsFenceAPPLE
0x712abae380	glTestFenceAPPLE
0x712abae388	glFinishFenceAPPLE
0x712abae390	glTestObjectAPPLE
0x712abae398	glFinishObjectAPPLE
0x712abae3a0	glBufferParameteriAPPLE
0x712abae3a8	glFlushMappedBufferRangeAPPLE
0x712abae3b0	glObjectPurgeableAPPLE
0x712abae3b8	glObjectUnpurgeableAPPLE
0x712abae3c0	glGetObjectParameterivAPPLE
0x712abae3c8	glTextureRangeAPPLE
0x712abae3d0	glGetTexParameterPointervAPPLE
0x712abae3d8	glBindVertexArrayAPPLE
0x712abae3e0	glDeleteVertexArraysAPPLE
0x712abae3e8	glGenVertexArraysAPPLE
0x712abae3f0	glIsVertexArrayAPPLE
0x712abae3f8	glVertexArrayRangeAPPLE
0x712abae400	glFlushVertexArrayRangeAPPLE
0x712abae408	glVertexArrayParameteriAPPLE
0x712abae410	glEnableVertexAttribAPPLE
0x712abae418	glDisableVertexAttribAPPLE
0x712abae420	glIsVertexAttribEnabledAPPLE
0x712abae428	glMapVertexAttrib1dAPPLE
0x712abae430	glMapVertexAttrib1fAPPLE
0x712abae438	glMapVertexAttrib2dAPPLE
0x712abae440	glMapVertexAttrib2fAPPLE
0x712abae448	glPrimitiveBoundingBoxARB
0x712abae450	glGetTextureHandleARB
0x712abae458	glGetTextureSamplerHandleARB
0x712abae460	glMakeTextureHandleResidentARB
0x712abae468	glMakeTextureHandleNonResidentARB
0x712abae470	glGetImageHandleARB
0x712abae478	glMakeImageHandleResidentARB
0x712abae480	glMakeImageHandleNonResidentARB
0x712abae488	glUniformHandleui64ARB
0x712abae490	glUniformHandleui64vARB
0x712abae498	glProgramUniformHandleui64ARB
0x712abae4a0	glProgramUniformHandleui64vARB
0x712abae4a8	glIsTextureHandleResidentARB
0x712abae4b0	glIsImageHandleResidentARB
0x712abae4b8	glVertexAttribL1ui64ARB
0x712abae4c0	glVertexAttribL1ui64vARB
0x712abae4c8	glGetVertexAttribLui64vARB
0x712abae4d0	glCreateSyncFromCLeventARB
0x712abae4d8	glClampColorARB
0x712abae4e0	glDispatchComputeGroupSizeARB
0x712abae4e8	glDebugMessageControlARB
0x712abae4f0	glDebugMessageInsertARB
0x712abae4f8	glDebugMessageCallbackARB
0x712abae500	glGetDebugMessageLogARB
0x712abae508	glDrawBuffersARB
0x712abae510	glBlendEquationiARB
0x712abae518	glBlendEquationSeparateiARB
0x712abae520	glBlendFunciARB
0x712abae528	glBlendFuncSeparateiARB
0x712abae530	glDrawArraysInstancedARB
0x712abae538	glDrawElementsInstancedARB
0x712abae540	glProgramStringARB
0x712abae548	glBindProgramARB
0x712abae550	glDeleteProgramsARB
0x712abae558	glGenProgramsARB
0x712abae560	glProgramEnvParameter4dARB
0x712abae568	glProgramEnvParameter4dvARB
0x712abae570	glProgramEnvParameter4fARB
0x712abae578	glProgramEnvParameter4fvARB
0x712abae580	glProgramLocalParameter4dARB
0x712abae588	glProgramLocalParameter4dvARB
0x712abae590	glProgramLocalParameter4fARB
0x712abae598	glProgramLocalParameter4fvARB
0x712abae5a0	glGetProgramEnvParameterdvARB
0x712abae5a8	glGetProgramEnvParameterfvARB
0x712abae5b0	glGetProgramLocalParameterdvARB
0x712abae5b8	glGetProgramLocalParameterfvARB
0x712abae5c0	glGetProgramivARB
0x712abae5c8	glGetProgramStringARB
0x712abae5d0	glIsProgramARB
0x712abae5d8	glProgramParameteriARB
0x712abae5e0	glFramebufferTextureARB
0x712abae5e8	glFramebufferTextureLayerARB
0x712abae5f0	glFramebufferTextureFaceARB
0x712abae5f8	glSpecializeShaderARB
0x712abae600	glUniform1i64ARB
0x712abae608	glUniform2i64ARB
0x712abae610	glUniform3i64ARB
0x712abae618	glUniform4i64ARB
0x712abae620	glUniform1i64vARB
0x712abae628	glUniform2i64vARB
0x712abae630	glUniform3i64vARB
0x712abae638	glUniform4i64vARB
0x712abae640	glUniform1ui64ARB
0x712abae648	glUniform2ui64ARB
0x712abae650	glUniform3ui64ARB
0x712abae658	glUniform4ui64ARB
0x712abae660	glUniform1ui64vARB
0x712abae668	glUniform2ui64vARB
0x712abae670	glUniform3ui64vARB
0x712abae678	glUniform4ui64vARB
0x712abae680	glGetUniformi64vARB
0x712abae688	glGetUniformui64vARB
0x712abae690	glGetnUniformi64vARB
0x712abae698	glGetnUniformui64vARB
0x712abae6a0	glProgramUniform1i64ARB
0x712abae6a8	glProgramUniform2i64ARB
0x712abae6b0	glProgramUniform3i64ARB
0x712abae6b8	glProgramUniform4i64ARB
0x712abae6c0	glProgramUniform1i64vARB
0x712abae6c8	glProgramUniform2i64vARB
0x712abae6d0	glProgramUniform3i64vARB
0x712abae6d8	glProgramUniform4i64vARB
0x712abae6e0	glProgramUniform1ui64ARB
0x712abae6e8	glProgramUniform2ui64ARB
0x712abae6f0	glProgramUniform3ui64ARB
0x712abae6f8	glProgramUniform4ui64ARB
0x712abae700	glProgramUniform1ui64vARB
0x712abae708	glProgramUniform2ui64vARB
0x712abae710	glProgramUniform3ui64vARB
0x712abae718	glProgramUniform4ui64vARB
0x712abae720	glColorTable
0x712abae728	glColorTableParameterfv
0x712abae730	glColorTableParameteriv
0x712abae738	glCopyColorTable
0x712abae740	glGetColorTable
0x712abae748	glGetColorTableParameterfv
0x712abae750	glGetColorTableParameteriv
0x712abae758	glColorSubTable
0x712abae760	glCopyColorSubTable
0x712abae768	glConvolutionFilter1D
0x712abae770	glConvolutionFilter2D
0x712abae778	glConvolutionParameterf
0x712abae780	glConvolutionParameterfv
0x712abae788	glConvolutionParameteri
0x712abae790	glConvolutionParameteriv
0x712abae798	glCopyConvolutionFilter1D
0x712abae7a0	glCopyConvolutionFilter2D
0x712abae7a8	glGetConvolutionFilter
0x712abae7b0	glGetConvolutionParameterfv
0x712abae7b8	glGetConvolutionParameteriv
0x712abae7c0	glGetSeparableFilter
0x712abae7c8	glSeparableFilter2D
0x712abae7d0	glGetHistogram
0x712abae7d8	glGetHistogramParameterfv
0x712abae7e0	glGetHistogramParameteriv
0x712abae7e8	glGetMinmax
0x712abae7f0	glGetMinmaxParameterfv
0x712abae7f8	glGetMinmaxParameteriv
0x712abae800	glHistogram
0x712abae808	glMinmax
0x712abae810	glResetHistogram
0x712abae818	glResetMinmax
0x712abae820	glMultiDrawArraysIndirectCountARB
0x712abae828	glMultiDrawElementsIndirectCountARB
0x712abae830	glVertexAttribDivisorARB
0x712abae838	glCurrentPaletteMatrixARB
0x712abae840	glMatrixIndexubvARB
0x712abae848	glMatrixIndexusvARB
0x712abae850	glMatrixIndexuivARB
0x712abae858	glMatrixIndexPointerARB
0x712abae860	glSampleCoverageARB
0x712abae868	glActiveTextureARB
0x712abae870	glClientActiveTextureARB
0x712abae878	glMultiTexCoord1dARB
0x712abae880	glMultiTexCoord1dvARB
0x712abae888	glMultiTexCoord1fARB
0x712abae890	glMultiTexCoord1fvARB
0x712abae898	glMultiTexCoord1iARB
0x712abae8a0	glMultiTexCoord1ivARB
0x712abae8a8	glMultiTexCoord1sARB
0x712abae8b0	glMultiTexCoord1svARB
0x712abae8b8	glMultiTexCoord2dARB
0x712abae8c0	glMultiTexCoord2dvARB
0x712abae8c8	glMultiTexCoord2fARB
0x712abae8d0	glMultiTexCoord2fvARB
0x712abae8d8	glMultiTexCoord2iARB
0x712abae8e0	glMultiTexCoord2ivARB
0x712abae8e8	glMultiTexCoord2sARB
0x712abae8f8	glMultiTexCoord3dARB
0x712abae900	glMultiTexCoord3dvARB
0x712abae908	glMultiTexCoord3fARB
0x712abae910	glMultiTexCoord3fvARB
0x712abae918	glMultiTexCoord3iARB
0x712abae920	glMultiTexCoord3ivARB
0x712abae928	glMultiTexCoord3sARB
0x712abae930	glMultiTexCoord3svARB
0x712abae938	glMultiTexCoord4dARB
0x712abae940	glMultiTexCoord4dvARB
0x712abae948	glMultiTexCoord4fARB
0x712abae950	glMultiTexCoord4fvARB
0x712abae958	glMultiTexCoord4iARB
0x712abae960	glMultiTexCoord4ivARB
0x712abae968	glMultiTexCoord4sARB
0x712abae970	glMultiTexCoord4svARB
0x712abae978	glGenQueriesARB
0x712abae980	glDeleteQueriesARB
0x712abae988	glIsQueryARB
0x712abae990	glBeginQueryARB
0x712abae998	glEndQueryARB
0x712abae9a0	glGetQueryivARB
0x712abae9a8	glGetQueryObjectivARB
0x712abae9b0	glGetQueryObjectuivARB
0x712abae9b8	glMaxShaderCompilerThreadsARB
0x712abae9c0	glPointParameterfARB
0x712abae9c8	glPointParameterfvARB
0x712abae9d0	glGetGraphicsResetStatusARB
0x712abae9d8	glGetnTexImageARB
0x712abae9e0	glReadnPixelsARB
0x712abae9e8	glGetnCompressedTexImageARB
0x712abae9f0	glGetnUniformfvARB
0x712abae9f8	glGetnUniformivARB
0x712abaea00	glGetnUniformuivARB
0x712abaea08	glGetnUniformdvARB
0x712abaea10	glGetnMapdvARB
0x712abaea18	glGetnMapfvARB
0x712abaea20	glGetnMapivARB
0x712abaea28	glGetnPixelMapfvARB
0x712abaea30	glGetnPixelMapuivARB
0x712abaea38	glGetnPixelMapusvARB
0x712abaea40	glGetnPolygonStippleARB
0x712abaea48	glGetnColorTableARB
0x712abaea50	glGetnConvolutionFilterARB
0x712abaea58	glGetnSeparableFilterARB
0x712abaea60	glGetnHistogramARB
0x712abaea68	glGetnMinmaxARB
0x712abaea70	glFramebufferSampleLocationsfvARB
0x712abaea78	glNamedFramebufferSampleLocationsfvARB
0x712abaea80	glEvaluateDepthValuesARB
0x712abaea88	glMinSampleShadingARB
0x712abaea90	glDeleteObjectARB
0x712abaea98	glGetHandleARB
0x712abaeaa0	glDetachObjectARB
0x712abaeaa8	glCreateShaderObjectARB
0x712abaeab0	glShaderSourceARB
0x712abaeab8	glCompileShaderARB
0x712abaeac0	glCreateProgramObjectARB
0x712abaeac8	glAttachObjectARB
0x712abaead0	glLinkProgramARB
0x712abaead8	glUseProgramObjectARB
0x712abaeae0	glValidateProgramARB
0x712abaeae8	glUniform1fARB
0x712abaeaf0	glUniform2fARB
0x712abaeaf8	glUniform3fARB
0x712abaeb00	glUniform4fARB
0x712abaeb08	glUniform1iARB
0x712abaeb10	glUniform2iARB
0x712abaeb18	glUniform3iARB
0x712abaeb20	glUniform4iARB
0x712abaeb28	glUniform1fvARB
0x712abaeb30	glUniform2fvARB
0x712abaeb38	glUniform3fvARB
0x712abaeb40	glUniform4fvARB
0x712abaeb48	glUniform1ivARB
0x712abaeb50	glUniform2ivARB
0x712abaeb58	glUniform3ivARB
0x712abaeb60	glUniform4ivARB
0x712abaeb68	glUniformMatrix2fvARB
0x712abaeb70	glUniformMatrix3fvARB
0x712abaeb78	glUniformMatrix4fvARB
0x712abaeb80	glGetObjectParameterfvARB
0x712abaeb88	glGetObjectParameterivARB
0x712abaeb90	glGetInfoLogARB
0x712abaeb98	glGetAttachedObjectsARB
0x712abaeba0	glGetUniformLocationARB
0x712abaeba8	glGetActiveUniformARB
0x712abaebb0	glGetUniformfvARB
0x712abaebb8	glGetUniformivARB
0x712abaebc0	glGetShaderSourceARB
0x712abaebc8	glNamedStringARB
0x712abaebd0	glDeleteNamedStringARB
0x712abaebd8	glCompileShaderIncludeARB
0x712abaebe0	glIsNamedStringARB
0x712abaebe8	glGetNamedStringARB
0x712abaebf0	glGetNamedStringivARB
0x712abaebf8	glBufferPageCommitmentARB
0x712abaec00	glNamedBufferPageCommitmentEXT
0x712abaec08	glNamedBufferPageCommitmentARB
0x712abaec10	glTexPageCommitmentARB
0x712abaec18	glTexBufferARB
0x712abaec20	glCompressedTexImage3DARB
0x712abaec28	glCompressedTexImage2DARB
0x712abaec30	glCompressedTexImage1DARB
0x712abaec38	glCompressedTexSubImage3DARB
0x712abaec40	glCompressedTexSubImage2DARB
0x712abaec48	glCompressedTexSubImage1DARB
0x712abaec50	glGetCompressedTexImageARB
0x712abaec58	glLoadTransposeMatrixfARB
0x712abaec60	glLoadTransposeMatrixdARB
0x712abaec68	glMultTransposeMatrixfARB
0x712abaec70	glMultTransposeMatrixdARB
0x712abaec78	glWeightbvARB
0x712abaec80	glWeightsvARB
0x712abaec88	glWeightivARB
0x712abaec90	glWeightfvARB
0x712abaec98	glWeightdvARB
0x712abaeca0	glWeightubvARB
0x712abaeca8	glWeightusvARB
0x712abaecb0	glWeightuivARB
0x712abaecb8	glWeightPointerARB
0x712abaecc0	glVertexBlendARB
0x712abaecc8	glBindBufferARB
0x712abaecd0	glDeleteBuffersARB
0x712abaecd8	glGenBuffersARB
0x712abaece0	glIsBufferARB
0x712abaece8	glBufferDataARB
0x712abaecf0	glBufferSubDataARB
0x712abaecf8	glGetBufferSubDataARB
0x712abaed00	glMapBufferARB
0x712abaed08	glUnmapBufferARB
0x712abaed10	glGetBufferParameterivARB
0x712abaed18	glGetBufferPointervARB
0x712abaed20	glVertexAttrib1dARB
0x712abaed28	glVertexAttrib1dvARB
0x712abaed30	glVertexAttrib1fARB
0x712abaed38	glVertexAttrib1fvARB
0x712abaed40	glVertexAttrib1sARB
0x712abaed48	glVertexAttrib1svARB
0x712abaed50	glVertexAttrib2dARB
0x712abaed58	glVertexAttrib2dvARB
0x712abaed60	glVertexAttrib2fARB
0x712abaed68	glVertexAttrib2fvARB
0x712abaed70	glVertexAttrib2sARB
0x712abaed78	glVertexAttrib2svARB
0x712abaed80	glVertexAttrib3dARB
0x712abaed88	glVertexAttrib3dvARB
0x712abaed90	glVertexAttrib3fARB
0x712abaed98	glVertexAttrib3fvARB
0x712abaeda0	glVertexAttrib3sARB
0x712abaeda8	glVertexAttrib3svARB
0x712abaedb0	glVertexAttrib4NbvARB
0x712abaedb8	glVertexAttrib4NivARB
0x712abaedc0	glVertexAttrib4NsvARB
0x712abaedc8	glVertexAttrib4NubARB
0x712abaedd0	glVertexAttrib4NubvARB
0x712abaedd8	glVertexAttrib4NuivARB
0x712abaede0	glVertexAttrib4NusvARB
0x712abaede8	glVertexAttrib4bvARB
0x712abaedf0	glVertexAttrib4dARB
0x712abaedf8	glVertexAttrib4dvARB
0x712abaee00	glVertexAttrib4fARB
0x712abaee08	glVertexAttrib4fvARB
0x712abaee10	glVertexAttrib4ivARB
0x712abaee18	glVertexAttrib4sARB
0x712abaee20	glVertexAttrib4svARB
0x712abaee28	glVertexAttrib4ubvARB
0x712abaee30	glVertexAttrib4uivARB
0x712abaee38	glVertexAttrib4usvARB
0x712abaee40	glVertexAttribPointerARB
0x712abaee48	glEnableVertexAttribArrayARB
0x712abaee50	glDisableVertexAttribArrayARB
0x712abaee58	glGetVertexAttribdvARB
0x712abaee60	glGetVertexAttribfvARB
0x712abaee68	glGetVertexAttribivARB
0x712abaee70	glGetVertexAttribPointervARB
0x712abaee78	glBindAttribLocationARB
0x712abaee80	glGetActiveAttribARB
0x712abaee88	glGetAttribLocationARB
0x712abaee90	glWindowPos2dARB
0x712abaee98	glWindowPos2dvARB
0x712abaeea0	glWindowPos2fARB
0x712abaeea8	glWindowPos2fvARB
0x712abaeeb0	glWindowPos2iARB
0x712abaeeb8	glWindowPos2ivARB
0x712abaeec0	glWindowPos2sARB
0x712abaeec8	glWindowPos2svARB
0x712abaeed0	glWindowPos3dARB
0x712abaeed8	glWindowPos3dvARB
0x712abaeee0	glWindowPos3fARB
0x712abaeee8	glWindowPos3fvARB
0x712abaeef0	glWindowPos3iARB
0x712abaeef8	glWindowPos3ivARB
0x712abaef00	glWindowPos3sARB
0x712abaef08	glWindowPos3svARB
0x712abaef10	glDrawBuffersATI
0x712abaef18	glElementPointerATI
0x712abaef20	glDrawElementArrayATI
0x712abaef28	glDrawRangeElementArrayATI
0x712abaef30	glTexBumpParameterivATI
0x712abaef38	glTexBumpParameterfvATI
0x712abaef40	glGetTexBumpParameterivATI
0x712abaef48	glGetTexBumpParameterfvATI
0x712abaef50	glGenFragmentShadersATI
0x712abaef58	glBindFragmentShaderATI
0x712abaef60	glDeleteFragmentShaderATI
0x712abaef68	glBeginFragmentShaderATI
0x712abaef70	glEndFragmentShaderATI
0x712abaef78	glPassTexCoordATI
0x712abaef80	glSampleMapATI
0x712abaef88	glColorFragmentOp1ATI
0x712abaef90	glColorFragmentOp2ATI
0x712abaef98	glColorFragmentOp3ATI
0x712abaefa0	glAlphaFragmentOp1ATI
0x712abaefa8	glAlphaFragmentOp2ATI
0x712abaefb0	glAlphaFragmentOp3ATI
0x712abaefb8	glSetFragmentShaderConstantATI
0x712abaefc0	glMapObjectBufferATI
0x712abaefc8	glUnmapObjectBufferATI
0x712abaefd0	glPNTrianglesiATI
0x712abaefd8	glPNTrianglesfATI
0x712abaefe0	glStencilOpSeparateATI
0x712abaefe8	glStencilFuncSeparateATI
0x712abaeff0	glNewObjectBufferATI
0x712abaeff8	glIsObjectBufferATI
0x712abaf000	glUpdateObjectBufferATI
0x712abaf008	glGetObjectBufferfvATI
0x712abaf010	glGetObjectBufferivATI
0x712abaf018	glFreeObjectBufferATI
0x712abaf020	glArrayObjectATI
0x712abaf028	glGetArrayObjectfvATI
0x712abaf030	glGetArrayObjectivATI
0x712abaf038	glVariantArrayObjectATI
0x712abaf040	glGetVariantArrayObjectfvATI
0x712abaf048	glGetVariantArrayObjectivATI
0x712abaf050	glVertexAttribArrayObjectATI
0x712abaf058	glGetVertexAttribArrayObjectfvATI
0x712abaf060	glGetVertexAttribArrayObjectivATI
0x712abaf068	glVertexStream1sATI
0x712abaf070	glVertexStream1svATI
0x712abaf078	glVertexStream1iATI
0x712abaf080	glVertexStream1ivATI
0x712abaf088	glVertexStream1fATI
0x712abaf090	glVertexStream1fvATI
0x712abaf098	glVertexStream1dATI
0x712abaf0a0	glVertexStream1dvATI
0x712abaf0a8	glVertexStream2sATI
0x712abaf0b0	glVertexStream2svATI
0x712abaf0b8	glVertexStream2iATI
0x712abaf0c0	glVertexStream2ivATI
0x712abaf0c8	glVertexStream2fATI
0x712abaf0d0	glVertexStream2fvATI
0x712abaf0d8	glVertexStream2dATI
0x712abaf0e0	glVertexStream2dvATI
0x712abaf0e8	glVertexStream3sATI
0x712abaf0f0	glVertexStream3svATI
0x712abaf0f8	glVertexStream3iATI
0x712abaf100	glVertexStream3ivATI
0x712abaf108	glVertexStream3fATI
0x712abaf110	glVertexStream3fvATI
0x712abaf118	glVertexStream3dATI
0x712abaf120	glVertexStream3dvATI
0x712abaf128	glVertexStream4sATI
0x712abaf130	glVertexStream4svATI
0x712abaf138	glVertexStream4iATI
0x712abaf140	glVertexStream4ivATI
0x712abaf148	glVertexStream4fATI
0x712abaf150	glVertexStream4fvATI
0x712abaf158	glVertexStream4dATI
0x712abaf160	glVertexStream4dvATI
0x712abaf168	glNormalStream3bATI
0x712abaf170	glNormalStream3bvATI
0x712abaf178	glNormalStream3sATI
0x712abaf180	glNormalStream3svATI
0x712abaf188	glNormalStream3iATI
0x712abaf190	glNormalStream3ivATI
0x712abaf198	glNormalStream3fATI
0x712abaf1a0	glNormalStream3fvATI
0x712abaf1a8	glNormalStream3dATI
0x712abaf1b0	glNormalStream3dvATI
0x712abaf1b8	glClientActiveVertexStreamATI
0x712abaf1c0	glVertexBlendEnviATI
0x712abaf1c8	glVertexBlendEnvfATI
0x712abaf1d0	glEGLImageTargetTexStorageEXT
0x712abaf1d8	glEGLImageTargetTextureStorageEXT
0x712abaf1e0	glUniformBufferEXT
0x712abaf1e8	glGetUniformBufferSizeEXT
0x712abaf1f0	glGetUniformOffsetEXT
0x712abaf1f8	glBlendColorEXT
0x712abaf200	glBlendEquationSeparateEXT
0x712abaf208	glBlendFuncSeparateEXT
0x712abaf210	glBlendEquationEXT
0x712abaf218	glColorSubTableEXT
0x712abaf220	glCopyColorSubTableEXT
0x712abaf228	glLockArraysEXT
0x712abaf230	glUnlockArraysEXT
0x712abaf238	glConvolutionFilter1DEXT
0x712abaf240	glConvolutionFilter2DEXT
0x712abaf248	glConvolutionParameterfEXT
0x712abaf250	glConvolutionParameterfvEXT
0x712abaf258	glConvolutionParameteriEXT
0x712abaf260	glConvolutionParameterivEXT
0x712abaf268	glCopyConvolutionFilter1DEXT
0x712abaf270	glCopyConvolutionFilter2DEXT
0x712abaf278	glGetConvolutionFilterEXT
0x712abaf280	glGetConvolutionParameterfvEXT
0x712abaf288	glGetConvolutionParameterivEXT
0x712abaf290	glGetSeparableFilterEXT
0x712abaf298	glSeparableFilter2DEXT
0x712abaf2a0	glTangent3bEXT
0x712abaf2a8	glTangent3bvEXT
0x712abaf2b0	glTangent3dEXT
0x712abaf2b8	glTangent3dvEXT
0x712abaf2c0	glTangent3fEXT
0x712abaf2c8	glTangent3fvEXT
0x712abaf2d0	glTangent3iEXT
0x712abaf2d8	glTangent3ivEXT
0x712abaf2e0	glTangent3sEXT
0x712abaf2e8	glTangent3svEXT
0x712abaf2f0	glBinormal3bEXT
0x712abaf2f8	glBinormal3bvEXT
0x712abaf300	glBinormal3dEXT
0x712abaf308	glBinormal3dvEXT
0x712abaf310	glBinormal3fEXT
0x712abaf318	glBinormal3fvEXT
0x712abaf320	glBinormal3iEXT
0x712abaf328	glBinormal3ivEXT
0x712abaf330	glBinormal3sEXT
0x712abaf338	glBinormal3svEXT
0x712abaf340	glTangentPointerEXT
0x712abaf348	glBinormalPointerEXT
0x712abaf350	glCopyTexImage1DEXT
0x712abaf358	glCopyTexImage2DEXT
0x712abaf360	glCopyTexSubImage1DEXT
0x712abaf368	glCopyTexSubImage2DEXT
0x712abaf370	glCopyTexSubImage3DEXT
0x712abaf378	glCullParameterdvEXT
0x712abaf380	glCullParameterfvEXT
0x712abaf388	glLabelObjectEXT
0x712abaf390	glGetObjectLabelEXT
0x712abaf398	glInsertEventMarkerEXT
0x712abaf3a0	glPushGroupMarkerEXT
0x712abaf3a8	glPopGroupMarkerEXT
0x712abaf3b0	glDepthBoundsEXT
0x712abaf3b8	glMatrixLoadfEXT
0x712abaf3c0	glMatrixLoaddEXT
0x712abaf3c8	glMatrixMultfEXT
0x712abaf3d0	glMatrixMultdEXT
0x712abaf3d8	glMatrixLoadIdentityEXT
0x712abaf3e0	glMatrixRotatefEXT
0x712abaf3e8	glMatrixRotatedEXT
0x712abaf3f0	glMatrixScalefEXT
0x712abaf3f8	glMatrixScaledEXT
0x712abaf400	glMatrixTranslatefEXT
0x712abaf408	glMatrixTranslatedEXT
0x712abaf410	glMatrixFrustumEXT
0x712abaf418	glMatrixOrthoEXT
0x712abaf420	glMatrixPopEXT
0x712abaf428	glMatrixPushEXT
0x712abaf430	glClientAttribDefaultEXT
0x712abaf438	glPushClientAttribDefaultEXT
0x712abaf440	glTextureParameterfEXT
0x712abaf448	glTextureParameterfvEXT
0x712abaf450	glTextureParameteriEXT
0x712abaf458	glTextureParameterivEXT
0x712abaf460	glTextureImage1DEXT
0x712abaf468	glTextureImage2DEXT
0x712abaf470	glTextureSubImage1DEXT
0x712abaf478	glTextureSubImage2DEXT
0x712abaf480	glCopyTextureImage1DEXT
0x712abaf488	glCopyTextureImage2DEXT
0x712abaf490	glCopyTextureSubImage1DEXT
0x712abaf498	glCopyTextureSubImage2DEXT
0x712abaf4a0	glGetTextureImageEXT
0x712abaf4a8	glGetTextureParameterfvEXT
0x712abaf4b0	glGetTextureParameterivEXT
0x712abaf4b8	glGetTextureLevelParameterfvEXT
0x712abaf4c0	glGetTextureLevelParameterivEXT
0x712abaf4c8	glTextureImage3DEXT
0x712abaf4d0	glTextureSubImage3DEXT
0x712abaf4d8	glCopyTextureSubImage3DEXT
0x712abaf4e0	glBindMultiTextureEXT
0x712abaf4e8	glMultiTexCoordPointerEXT
0x712abaf4f0	glMultiTexEnvfEXT
0x712abaf4f8	glMultiTexEnvfvEXT
0x712abaf500	glMultiTexEnviEXT
0x712abaf508	glMultiTexEnvivEXT
0x712abaf510	glMultiTexGendEXT
0x712abaf518	glMultiTexGendvEXT
0x712abaf520	glMultiTexGenfEXT
0x712abaf528	glMultiTexGenfvEXT
0x712abaf530	glMultiTexGeniEXT
0x712abaf538	glMultiTexGenivEXT
0x712abaf540	glGetMultiTexEnvfvEXT
0x712abaf548	glGetMultiTexEnvivEXT
0x712abaf550	glGetMultiTexGendvEXT
0x712abaf558	glGetMultiTexGenfvEXT
0x712abaf560	glGetMultiTexGenivEXT
0x712abaf568	glMultiTexParameteriEXT
0x712abaf570	glMultiTexParameterivEXT
0x712abaf578	glMultiTexParameterfEXT
0x712abaf580	glMultiTexParameterfvEXT
0x712abaf588	glMultiTexImage1DEXT
0x712abaf590	glMultiTexImage2DEXT
0x712abaf598	glMultiTexSubImage1DEXT
0x712abaf5a0	glMultiTexSubImage2DEXT
0x712abaf5a8	glCopyMultiTexImage1DEXT
0x712abaf5b0	glCopyMultiTexImage2DEXT
0x712abaf5b8	glCopyMultiTexSubImage1DEXT
0x712abaf5c0	glCopyMultiTexSubImage2DEXT
0x712abaf5c8	glGetMultiTexImageEXT
0x712abaf5d0	glGetMultiTexParameterfvEXT
0x712abaf5d8	glGetMultiTexParameterivEXT
0x712abaf5e0	glGetMultiTexLevelParameterfvEXT
0x712abaf5e8	glGetMultiTexLevelParameterivEXT
0x712abaf5f0	glMultiTexImage3DEXT
0x712abaf5f8	glMultiTexSubImage3DEXT
0x712abaf600	glCopyMultiTexSubImage3DEXT
0x712abaf608	glEnableClientStateIndexedEXT
0x712abaf610	glDisableClientStateIndexedEXT
0x712abaf618	glGetFloatIndexedvEXT
0x712abaf620	glGetDoubleIndexedvEXT
0x712abaf628	glGetPointerIndexedvEXT
0x712abaf630	glEnableIndexedEXT
0x712abaf638	glDisableIndexedEXT
0x712abaf640	glIsEnabledIndexedEXT
0x712abaf648	glGetIntegerIndexedvEXT
0x712abaf650	glGetBooleanIndexedvEXT
0x712abaf658	glCompressedTextureImage3DEXT
0x712abaf660	glCompressedTextureImage2DEXT
0x712abaf668	glCompressedTextureImage1DEXT
0x712abaf670	glCompressedTextureSubImage3DEXT
0x712abaf678	glCompressedTextureSubImage2DEXT
0x712abaf680	glCompressedTextureSubImage1DEXT
0x712abaf688	glGetCompressedTextureImageEXT
0x712abaf690	glCompressedMultiTexImage3DEXT
0x712abaf698	glCompressedMultiTexImage2DEXT
0x712abaf6a0	glCompressedMultiTexImage1DEXT
0x712abaf6a8	glCompressedMultiTexSubImage3DEXT
0x712abaf6b0	glCompressedMultiTexSubImage2DEXT
0x712abaf6b8	glCompressedMultiTexSubImage1DEXT
0x712abaf6c0	glGetCompressedMultiTexImageEXT
0x712abaf6c8	glMatrixLoadTransposefEXT
0x712abaf6d0	glMatrixLoadTransposedEXT
0x712abaf6d8	glMatrixMultTransposefEXT
0x712abaf6e0	glMatrixMultTransposedEXT
0x712abaf6e8	glNamedBufferDataEXT
0x712abaf6f0	glNamedBufferSubDataEXT
0x712abaf6f8	glMapNamedBufferEXT
0x712abaf700	glUnmapNamedBufferEXT
0x712abaf708	glGetNamedBufferParameterivEXT
0x712abaf710	glGetNamedBufferPointervEXT
0x712abaf718	glGetNamedBufferSubDataEXT
0x712abaf720	glProgramUniform1fEXT
0x712abaf728	glProgramUniform2fEXT
0x712abaf730	glProgramUniform3fEXT
0x712abaf738	glProgramUniform4fEXT
0x712abaf740	glProgramUniform1iEXT
0x712abaf748	glProgramUniform2iEXT
0x712abaf750	glProgramUniform3iEXT
0x712abaf758	glProgramUniform4iEXT
0x712abaf760	glProgramUniform1fvEXT
0x712abaf768	glProgramUniform2fvEXT
0x712abaf770	glProgramUniform3fvEXT
0x712abaf778	glProgramUniform4fvEXT
0x712abaf780	glProgramUniform1ivEXT
0x712abaf788	glProgramUniform2ivEXT
0x712abaf790	glProgramUniform3ivEXT
0x712abaf798	glProgramUniform4ivEXT
0x712abaf7a0	glProgramUniformMatrix2fvEXT
0x712abaf7a8	glProgramUniformMatrix3fvEXT
0x712abaf7b0	glProgramUniformMatrix4fvEXT
0x712abaf7b8	glProgramUniformMatrix2x3fvEXT
0x712abaf7c0	glProgramUniformMatrix3x2fvEXT
0x712abaf7c8	glProgramUniformMatrix2x4fvEXT
0x712abaf7d0	glProgramUniformMatrix4x2fvEXT
0x712abaf7d8	glProgramUniformMatrix3x4fvEXT
0x712abaf7e0	glProgramUniformMatrix4x3fvEXT
0x712abaf7e8	glTextureBufferEXT
0x712abaf7f0	glMultiTexBufferEXT
0x712abaf7f8	glTextureParameterIivEXT
0x712abaf800	glTextureParameterIuivEXT
0x712abaf808	glGetTextureParameterIivEXT
0x712abaf810	glGetTextureParameterIuivEXT
0x712abaf818	glMultiTexParameterIivEXT
0x712abaf820	glMultiTexParameterIuivEXT
0x712abaf828	glGetMultiTexParameterIivEXT
0x712abaf830	glGetMultiTexParameterIuivEXT
0x712abaf838	glProgramUniform1uiEXT
0x712abaf840	glProgramUniform2uiEXT
0x712abaf848	glProgramUniform3uiEXT
0x712abaf850	glProgramUniform4uiEXT
0x712abaf858	glProgramUniform1uivEXT
0x712abaf860	glProgramUniform2uivEXT
0x712abaf868	glProgramUniform3uivEXT
0x712abaf870	glProgramUniform4uivEXT
0x712abaf878	glNamedProgramLocalParameters4fvEXT
0x712abaf880	glNamedProgramLocalParameterI4iEXT
0x712abaf888	glNamedProgramLocalParameterI4ivEXT
0x712abaf890	glNamedProgramLocalParametersI4ivEXT
0x712abaf898	glNamedProgramLocalParameterI4uiEXT
0x712abaf8a0	glNamedProgramLocalParameterI4uivEXT
0x712abaf8a8	glNamedProgramLocalParametersI4uivEXT
0x712abaf8b0	glGetNamedProgramLocalParameterIivEXT
0x712abaf8b8	glGetNamedProgramLocalParameterIuivEXT
0x712abaf8c0	glEnableClientStateiEXT
0x712abaf8c8	glDisableClientStateiEXT
0x712abaf8d0	glGetFloati_vEXT
0x712abaf8d8	glGetDoublei_vEXT
0x712abaf8e0	glGetPointeri_vEXT
0x712abaf8e8	glNamedProgramStringEXT
0x712abaf8f0	glNamedProgramLocalParameter4dEXT
0x712abaf900	glNamedProgramLocalParameter4fEXT
0x712abaf908	glNamedProgramLocalParameter4fvEXT
0x712abaf910	glGetNamedProgramLocalParameterdvEXT
0x712abaf918	glGetNamedProgramLocalParameterfvEXT
0x712abaf920	glGetNamedProgramivEXT
0x712abaf928	glGetNamedProgramStringEXT
0x712abaf930	glNamedRenderbufferStorageEXT
0x712abaf938	glGetNamedRenderbufferParameterivEXT
0x712abaf940	glNamedRenderbufferStorageMultisampleEXT
0x712abaf948	glNamedRenderbufferStorageMultisampleCoverageEXT
0x712abaf950	glCheckNamedFramebufferStatusEXT
0x712abaf958	glNamedFramebufferTexture1DEXT
0x712abaf960	glNamedFramebufferTexture2DEXT
0x712abaf968	glNamedFramebufferTexture3DEXT
0x712abaf970	glNamedFramebufferRenderbufferEXT
0x712abaf978	glGetNamedFramebufferAttachmentParameterivEXT
0x712abaf980	glGenerateTextureMipmapEXT
0x712abaf988	glGenerateMultiTexMipmapEXT
0x712abaf990	glFramebufferDrawBufferEXT
0x712abaf998	glFramebufferDrawBuffersEXT
0x712abaf9a0	glFramebufferReadBufferEXT
0x712abaf9a8	glGetFramebufferParameterivEXT
0x712abaf9b0	glNamedCopyBufferSubDataEXT
0x712abaf9b8	glNamedFramebufferTextureEXT
0x712abaf9c0	glNamedFramebufferTextureLayerEXT
0x712abaf9c8	glNamedFramebufferTextureFaceEXT
0x712abaf9d0	glTextureRenderbufferEXT
0x712abaf9d8	glMultiTexRenderbufferEXT
0x712abaf9e0	glVertexArrayVertexOffsetEXT
0x712abaf9e8	glVertexArrayColorOffsetEXT
0x712abaf9f0	glVertexArrayEdgeFlagOffsetEXT
0x712abaf9f8	glVertexArrayIndexOffsetEXT
0x712abafa00	glVertexArrayNormalOffsetEXT
0x712abafa08	glVertexArrayTexCoordOffsetEXT
0x712abafa10	glVertexArrayMultiTexCoordOffsetEXT
0x712abafa18	glVertexArrayFogCoordOffsetEXT
0x712abafa20	glVertexArraySecondaryColorOffsetEXT
0x712abafa28	glVertexArrayVertexAttribOffsetEXT
0x712abafa30	glVertexArrayVertexAttribIOffsetEXT
0x712abafa38	glEnableVertexArrayEXT
0x712abafa40	glDisableVertexArrayEXT
0x712abafa48	glEnableVertexArrayAttribEXT
0x712abafa50	glDisableVertexArrayAttribEXT
0x712abafa58	glGetVertexArrayIntegervEXT
0x712abafa60	glGetVertexArrayPointervEXT
0x712abafa68	glGetVertexArrayIntegeri_vEXT
0x712abafa70	glGetVertexArrayPointeri_vEXT
0x712abafa78	glMapNamedBufferRangeEXT
0x712abafa80	glFlushMappedNamedBufferRangeEXT
0x712abafa88	glNamedBufferStorageEXT
0x712abafa90	glClearNamedBufferDataEXT
0x712abafa98	glClearNamedBufferSubDataEXT
0x712abafaa0	glNamedFramebufferParameteriEXT
0x712abafaa8	glGetNamedFramebufferParameterivEXT
0x712abafab0	glProgramUniform1dEXT
0x712abafab8	glProgramUniform2dEXT
0x712abafac0	glProgramUniform3dEXT
0x712abafac8	glProgramUniform4dEXT
0x712abafad0	glProgramUniform1dvEXT
0x712abafad8	glProgramUniform2dvEXT
0x712abafae0	glProgramUniform3dvEXT
0x712abafae8	glProgramUniform4dvEXT
0x712abafaf0	glProgramUniformMatrix2dvEXT
0x712abafaf8	glProgramUniformMatrix3dvEXT
0x712abafb00	glProgramUniformMatrix4dvEXT
0x712abafb08	glProgramUniformMatrix2x3dvEXT
0x712abafb10	glProgramUniformMatrix2x4dvEXT
0x712abafb18	glProgramUniformMatrix3x2dvEXT
0x712abafb20	glProgramUniformMatrix3x4dvEXT
0x712abafb28	glProgramUniformMatrix4x2dvEXT
0x712abafb30	glProgramUniformMatrix4x3dvEXT
0x712abafb38	glTextureBufferRangeEXT
0x712abafb40	glTextureStorage1DEXT
0x712abafb48	glTextureStorage2DEXT
0x712abafb50	glTextureStorage3DEXT
0x712abafb58	glTextureStorage2DMultisampleEXT
0x712abafb60	glTextureStorage3DMultisampleEXT
0x712abafb68	glVertexArrayBindVertexBufferEXT
0x712abafb70	glVertexArrayVertexAttribFormatEXT
0x712abafb78	glVertexArrayVertexAttribIFormatEXT
0x712abafb80	glVertexArrayVertexAttribLFormatEXT
0x712abafb88	glVertexArrayVertexAttribBindingEXT
0x712abafb90	glVertexArrayVertexBindingDivisorEXT
0x712abafb98	glVertexArrayVertexAttribLOffsetEXT
0x712abafba0	glTexturePageCommitmentEXT
0x712abafba8	glVertexArrayVertexAttribDivisorEXT
0x712abafbb0	glColorMaskIndexedEXT
0x712abafbb8	glDrawArraysInstancedEXT
0x712abafbc0	glDrawElementsInstancedEXT
0x712abafbc8	glDrawRangeElementsEXT
0x712abafbd0	glBufferStorageExternalEXT
0x712abafbd8	glNamedBufferStorageExternalEXT
0x712abafbe0	glFogCoordfEXT
0x712abafbe8	glFogCoordfvEXT
0x712abafbf0	glFogCoorddEXT
0x712abafbf8	glFogCoorddvEXT
0x712abafc00	glFogCoordPointerEXT
0x712abafc08	glBlitFramebufferEXT
0x712abafc10	glRenderbufferStorageMultisampleEXT
0x712abafc18	glIsRenderbufferEXT
0x712abafc20	glBindRenderbufferEXT
0x712abafc28	glDeleteRenderbuffersEXT
0x712abafc30	glGenRenderbuffersEXT
0x712abafc38	glRenderbufferStorageEXT
0x712abafc40	glGetRenderbufferParameterivEXT
0x712abafc48	glIsFramebufferEXT
0x712abafc50	glBindFramebufferEXT
0x712abafc58	glDeleteFramebuffersEXT
0x712abafc60	glGenFramebuffersEXT
0x712abafc68	glCheckFramebufferStatusEXT
0x712abafc70	glFramebufferTexture1DEXT
0x712abafc78	glFramebufferTexture2DEXT
0x712abafc80	glFramebufferTexture3DEXT
0x712abafc88	glFramebufferRenderbufferEXT
0x712abafc90	glGetFramebufferAttachmentParameterivEXT
0x712abafc98	glGenerateMipmapEXT
0x712abafca0	glProgramParameteriEXT
0x712abafca8	glProgramEnvParameters4fvEXT
0x712abafcb0	glProgramLocalParameters4fvEXT
0x712abafcb8	glGetUniformuivEXT
0x712abafcc0	glBindFragDataLocationEXT
0x712abafcc8	glGetFragDataLocationEXT
0x712abafcd0	glUniform1uiEXT
0x712abafcd8	glUniform2uiEXT
0x712abafce0	glUniform3uiEXT
0x712abafce8	glUniform4uiEXT
0x712abafcf0	glUniform1uivEXT
0x712abafcf8	glUniform2uivEXT
0x712abafd00	glUniform3uivEXT
0x712abafd08	glUniform4uivEXT
0x712abafd10	glGetHistogramEXT
0x712abafd18	glGetHistogramParameterfvEXT
0x712abafd20	glGetHistogramParameterivEXT
0x712abafd28	glGetMinmaxEXT
0x712abafd30	glGetMinmaxParameterfvEXT
0x712abafd38	glGetMinmaxParameterivEXT
0x712abafd40	glHistogramEXT
0x712abafd48	glMinmaxEXT
0x712abafd50	glResetHistogramEXT
0x712abafd58	glResetMinmaxEXT
0x712abafd60	glIndexFuncEXT
0x712abafd68	glIndexMaterialEXT
0x712abafd70	glApplyTextureEXT
0x712abafd78	glTextureLightEXT
0x712abafd80	glTextureMaterialEXT
0x712abafd88	glGetUnsignedBytevEXT
0x712abafd90	glGetUnsignedBytei_vEXT
0x712abafd98	glDeleteMemoryObjectsEXT
0x712abafda0	glIsMemoryObjectEXT
0x712abafda8	glCreateMemoryObjectsEXT
0x712abafdb0	glMemoryObjectParameterivEXT
0x712abafdb8	glGetMemoryObjectParameterivEXT
0x712abafdc0	glTexStorageMem2DEXT
0x712abafdc8	glTexStorageMem2DMultisampleEXT
0x712abafdd0	glTexStorageMem3DEXT
0x712abafdd8	glTexStorageMem3DMultisampleEXT
0x712abafde0	glBufferStorageMemEXT
0x712abafde8	glTextureStorageMem2DEXT
0x712abafdf0	glTextureStorageMem2DMultisampleEXT
0x712abafdf8	glTextureStorageMem3DEXT
0x712abafe00	glTextureStorageMem3DMultisampleEXT
0x712abafe08	glNamedBufferStorageMemEXT
0x712abafe10	glTexStorageMem1DEXT
0x712abafe18	glTextureStorageMem1DEXT
0x712abafe20	glImportMemoryFdEXT
0x712abafe28	glImportMemoryWin32HandleEXT
0x712abafe30	glImportMemoryWin32NameEXT
0x712abafe38	glMultiDrawArraysEXT
0x712abafe40	glMultiDrawElementsEXT
0x712abafe48	glSampleMaskEXT
0x712abafe50	glSamplePatternEXT
0x712abafe58	glColorTableEXT
0x712abafe60	glGetColorTableEXT
0x712abafe68	glGetColorTableParameterivEXT
0x712abafe70	glGetColorTableParameterfvEXT
0x712abafe78	glPixelTransformParameteriEXT
0x712abafe80	glPixelTransformParameterfEXT
0x712abafe88	glPixelTransformParameterivEXT
0x712abafe90	glPixelTransformParameterfvEXT
0x712abafe98	glGetPixelTransformParameterivEXT
0x712abafea0	glGetPixelTransformParameterfvEXT
0x712abafea8	glPointParameterfEXT
0x712abafeb0	glPointParameterfvEXT
0x712abafeb8	glPolygonOffsetEXT
0x712abafec0	glPolygonOffsetClampEXT
0x712abafec8	glProvokingVertexEXT
0x712abafed0	glRasterSamplesEXT
0x712abafed8	glGenSemaphoresEXT
0x712abafee0	glDeleteSemaphoresEXT
0x712abafee8	glIsSemaphoreEXT
0x712abafef0	glSemaphoreParameterui64vEXT
0x712abafef8	glGetSemaphoreParameterui64vEXT
0x712abaff00	glWaitSemaphoreEXT
0x712abaff08	glSignalSemaphoreEXT
0x712abaff10	glImportSemaphoreFdEXT
0x712abaff18	glImportSemaphoreWin32HandleEXT
0x712abaff20	glImportSemaphoreWin32NameEXT
0x712abaff28	glSecondaryColor3bEXT
0x712abaff30	glSecondaryColor3bvEXT
0x712abaff38	glSecondaryColor3dEXT
0x712abaff40	glSecondaryColor3dvEXT
0x712abaff48	glSecondaryColor3fEXT
0x712abaff50	glSecondaryColor3fvEXT
0x712abaff58	glSecondaryColor3iEXT
0x712abaff60	glSecondaryColor3ivEXT
0x712abaff68	glSecondaryColor3sEXT
0x712abaff70	glSecondaryColor3svEXT
0x712abaff78	glSecondaryColor3ubEXT
0x712abaff80	glSecondaryColor3ubvEXT
0x712abaff88	glSecondaryColor3uiEXT
0x712abaff90	glSecondaryColor3uivEXT
0x712abaff98	glSecondaryColor3usEXT
0x712abaffa0	glSecondaryColor3usvEXT
0x712abaffa8	glSecondaryColorPointerEXT
0x712abaffb0	glUseShaderProgramEXT
0x712abaffb8	glActiveProgramEXT
0x712abaffc0	glCreateShaderProgramEXT
0x712abaffc8	glActiveShaderProgramEXT
0x712abaffd0	glBindProgramPipelineEXT
0x712abaffd8	glCreateShaderProgramvEXT
0x712abaffe0	glDeleteProgramPipelinesEXT
0x712abaffe8	glGenProgramPipelinesEXT
0x712abafff0	glGetProgramPipelineInfoLogEXT
0x712abafff8	glGetProgramPipelineivEXT
0x712abb0000	glIsProgramPipelineEXT
0x712abb0008	glUseProgramStagesEXT
0x712abb0010	glValidateProgramPipelineEXT
0x712abb0018	glFramebufferFetchBarrierEXT
0x712abb0020	glBindImageTextureEXT
0x712abb0028	glMemoryBarrierEXT
0x712abb0030	glStencilClearTagEXT
0x712abb0038	glActiveStencilFaceEXT
0x712abb0040	glTexSubImage1DEXT
0x712abb0048	glTexSubImage2DEXT
0x712abb0050	glTexImage3DEXT
0x712abb0058	glTexSubImage3DEXT
0x712abb0060	glFramebufferTextureLayerEXT
0x712abb0068	glTexBufferEXT
0x712abb0070	glTexParameterIivEXT
0x712abb0078	glTexParameterIuivEXT
0x712abb0080	glGetTexParameterIivEXT
0x712abb0088	glGetTexParameterIuivEXT
0x712abb0090	glClearColorIiEXT
0x712abb0098	glClearColorIuiEXT
0x712abb00a0	glAreTexturesResidentEXT
0x712abb00a8	glBindTextureEXT
0x712abb00b0	glDeleteTexturesEXT
0x712abb00b8	glGenTexturesEXT
0x712abb00c0	glIsTextureEXT
0x712abb00c8	glPrioritizeTexturesEXT
0x712abb00d0	glTextureNormalEXT
0x712abb00d8	glGetQueryObjecti64vEXT
0x712abb00e0	glGetQueryObjectui64vEXT
0x712abb00e8	glBeginTransformFeedbackEXT
0x712abb00f0	glEndTransformFeedbackEXT
0x712abb00f8	glBindBufferRangeEXT
0x712abb0100	glBindBufferOffsetEXT
0x712abb0108	glBindBufferBaseEXT
0x712abb0110	glTransformFeedbackVaryingsEXT
0x712abb0118	glGetTransformFeedbackVaryingEXT
0x712abb0120	glArrayElementEXT
0x712abb0128	glColorPointerEXT
0x712abb0130	glDrawArraysEXT
0x712abb0138	glEdgeFlagPointerEXT
0x712abb0140	glGetPointervEXT
0x712abb0148	glIndexPointerEXT
0x712abb0150	glNormalPointerEXT
0x712abb0158	glTexCoordPointerEXT
0x712abb0160	glVertexPointerEXT
0x712abb0168	glVertexAttribL1dEXT
0x712abb0170	glVertexAttribL2dEXT
0x712abb0178	glVertexAttribL3dEXT
0x712abb0180	glVertexAttribL4dEXT
0x712abb0188	glVertexAttribL1dvEXT
0x712abb0190	glVertexAttribL2dvEXT
0x712abb0198	glVertexAttribL3dvEXT
0x712abb01a0	glVertexAttribL4dvEXT
0x712abb01a8	glVertexAttribLPointerEXT
0x712abb01b0	glGetVertexAttribLdvEXT
0x712abb01b8	glBeginVertexShaderEXT
0x712abb01c0	glEndVertexShaderEXT
0x712abb01c8	glBindVertexShaderEXT
0x712abb01d0	glGenVertexShadersEXT
0x712abb01d8	glDeleteVertexShaderEXT
0x712abb01e0	glShaderOp1EXT
0x712abb01e8	glShaderOp2EXT
0x712abb01f0	glShaderOp3EXT
0x712abb01f8	glSwizzleEXT
0x712abb0200	glWriteMaskEXT
0x712abb0208	glInsertComponentEXT
0x712abb0210	glExtractComponentEXT
0x712abb0218	glGenSymbolsEXT
0x712abb0220	glSetInvariantEXT
0x712abb0228	glSetLocalConstantEXT
0x712abb0230	glVariantbvEXT
0x712abb0238	glVariantsvEXT
0x712abb0240	glVariantivEXT
0x712abb0248	glVariantfvEXT
0x712abb0250	glVariantdvEXT
0x712abb0258	glVariantubvEXT
0x712abb0260	glVariantusvEXT
0x712abb0268	glVariantuivEXT
0x712abb0270	glVariantPointerEXT
0x712abb0278	glEnableVariantClientStateEXT
0x712abb0280	glDisableVariantClientStateEXT
0x712abb0288	glBindLightParameterEXT
0x712abb0290	glBindMaterialParameterEXT
0x712abb0298	glBindTexGenParameterEXT
0x712abb02a0	glBindTextureUnitParameterEXT
0x712abb02a8	glBindParameterEXT
0x712abb02b0	glIsVariantEnabledEXT
0x712abb02b8	glGetVariantBooleanvEXT
0x712abb02c0	glGetVariantIntegervEXT
0x712abb02c8	glGetVariantFloatvEXT
0x712abb02d0	glGetVariantPointervEXT
0x712abb02d8	glGetInvariantBooleanvEXT
0x712abb02e0	glGetInvariantIntegervEXT
0x712abb02e8	glGetInvariantFloatvEXT
0x712abb02f0	glGetLocalConstantBooleanvEXT
0x712abb02f8	glGetLocalConstantIntegervEXT
0x712abb0300	glGetLocalConstantFloatvEXT
0x712abb0308	glVertexWeightfEXT
0x712abb0310	glVertexWeightfvEXT
0x712abb0318	glVertexWeightPointerEXT
0x712abb0320	glAcquireKeyedMutexWin32EXT
0x712abb0328	glReleaseKeyedMutexWin32EXT
0x712abb0330	glWindowRectanglesEXT
0x712abb0338	glImportSyncEXT
0x712abb0340	glFrameTerminatorGREMEDY
0x712abb0348	glStringMarkerGREMEDY
0x712abb0350	glImageTransformParameteriHP
0x712abb0358	glImageTransformParameterfHP
0x712abb0360	glImageTransformParameterivHP
0x712abb0368	glImageTransformParameterfvHP
0x712abb0370	glGetImageTransformParameterivHP
0x712abb0378	glGetImageTransformParameterfvHP
0x712abb0380	glMultiModeDrawArraysIBM
0x712abb0388	glMultiModeDrawElementsIBM
0x712abb0390	glFlushStaticDataIBM
0x712abb0398	glColorPointerListIBM
0x712abb03a0	glSecondaryColorPointerListIBM
0x712abb03a8	glEdgeFlagPointerListIBM
0x712abb03b0	glFogCoordPointerListIBM
0x712abb03b8	glIndexPointerListIBM
0x712abb03c0	glNormalPointerListIBM
0x712abb03c8	glTexCoordPointerListIBM
0x712abb03d0	glVertexPointerListIBM
0x712abb03d8	glBlendFuncSeparateINGR
0x712abb03e0	glApplyFramebufferAttachmentCMAAINTEL
0x712abb03e8	glSyncTextureINTEL
0x712abb03f0	glUnmapTexture2DINTEL
0x712abb03f8	glMapTexture2DINTEL
0x712abb0400	glVertexPointervINTEL
0x712abb0408	glNormalPointervINTEL
0x712abb0410	glColorPointervINTEL
0x712abb0418	glTexCoordPointervINTEL
0x712abb0420	glBeginPerfQueryINTEL
0x712abb0428	glCreatePerfQueryINTEL
0x712abb0430	glDeletePerfQueryINTEL
0x712abb0438	glEndPerfQueryINTEL
0x712abb0440	glGetFirstPerfQueryIdINTEL
0x712abb0448	glGetNextPerfQueryIdINTEL
0x712abb0450	glGetPerfCounterInfoINTEL
0x712abb0458	glGetPerfQueryDataINTEL
0x712abb0460	glGetPerfQueryIdByNameINTEL
0x712abb0468	glGetPerfQueryInfoINTEL
0x712abb0470	glBlendBarrierKHR
0x712abb0478	glDebugMessageControlKHR
0x712abb0480	glDebugMessageInsertKHR
0x712abb0488	glDebugMessageCallbackKHR
0x712abb0490	glGetDebugMessageLogKHR
0x712abb0498	glPushDebugGroupKHR
0x712abb04a0	glPopDebugGroupKHR
0x712abb04a8	glObjectLabelKHR
0x712abb04b0	glGetObjectLabelKHR
0x712abb04b8	glObjectPtrLabelKHR
0x712abb04c0	glGetObjectPtrLabelKHR
0x712abb04c8	glGetPointervKHR
0x712abb04d0	glGetGraphicsResetStatusKHR
0x712abb04d8	glReadnPixelsKHR
0x712abb04e0	glGetnUniformfvKHR
0x712abb04e8	glGetnUniformivKHR
0x712abb04f0	glGetnUniformuivKHR
0x712abb04f8	glMaxShaderCompilerThreadsKHR
0x712abb0500	glResizeBuffersMESA
0x712abb0508	glWindowPos2dMESA
0x712abb0510	glWindowPos2dvMESA
0x712abb0518	glWindowPos2fMESA
0x712abb0520	glWindowPos2fvMESA
0x712abb0528	glWindowPos2iMESA
0x712abb0530	glWindowPos2ivMESA
0x712abb0538	glWindowPos2sMESA
0x712abb0540	glWindowPos2svMESA
0x712abb0548	glWindowPos3dMESA
0x712abb0550	glWindowPos3dvMESA
0x712abb0558	glWindowPos3fMESA
0x712abb0560	glWindowPos3fvMESA
0x712abb0568	glWindowPos3iMESA
0x712abb0570	glWindowPos3ivMESA
0x712abb0578	glWindowPos3sMESA
0x712abb0580	glWindowPos3svMESA
0x712abb0588	glWindowPos4dMESA
0x712abb0590	glWindowPos4dvMESA
0x712abb0598	glWindowPos4fMESA
0x712abb05a0	glWindowPos4fvMESA
0x712abb05a8	glWindowPos4iMESA
0x712abb05b0	glWindowPos4ivMESA
0x712abb05b8	glWindowPos4sMESA
0x712abb05c0	glWindowPos4svMESA
0x712abb05c8	glBeginConditionalRenderNVX
0x712abb05d0	glEndConditionalRenderNVX
0x712abb05d8	glLGPUNamedBufferSubDataNVX
0x712abb05e0	glLGPUCopyImageSubDataNVX
0x712abb05e8	glLGPUInterlockNVX
0x712abb05f0	glAlphaToCoverageDitherControlNV
0x712abb05f8	glMultiDrawArraysIndirectBindlessNV
0x712abb0600	glMultiDrawElementsIndirectBindlessNV
0x712abb0608	glMultiDrawArraysIndirectBindlessCountNV
0x712abb0610	glMultiDrawElementsIndirectBindlessCountNV
0x712abb0618	glGetTextureHandleNV
0x712abb0620	glGetTextureSamplerHandleNV
0x712abb0628	glMakeTextureHandleResidentNV
0x712abb0630	glMakeTextureHandleNonResidentNV
0x712abb0638	glGetImageHandleNV
0x712abb0640	glMakeImageHandleResidentNV
0x712abb0648	glMakeImageHandleNonResidentNV
0x712abb0650	glUniformHandleui64NV
0x712abb0658	glUniformHandleui64vNV
0x712abb0660	glProgramUniformHandleui64NV
0x712abb0668	glProgramUniformHandleui64vNV
0x712abb0670	glIsTextureHandleResidentNV
0x712abb0678	glIsImageHandleResidentNV
0x712abb0680	glBlendParameteriNV
0x712abb0688	glBlendBarrierNV
0x712abb0690	glViewportPositionWScaleNV
0x712abb0698	glCreateStatesNV
0x712abb06a0	glDeleteStatesNV
0x712abb06a8	glIsStateNV
0x712abb06b0	glStateCaptureNV
0x712abb06b8	glGetCommandHeaderNV
0x712abb06c0	glGetStageIndexNV
0x712abb06c8	glDrawCommandsNV
0x712abb06d0	glDrawCommandsAddressNV
0x712abb06d8	glDrawCommandsStatesNV
0x712abb06e0	glDrawCommandsStatesAddressNV
0x712abb06e8	glCreateCommandListsNV
0x712abb06f0	glDeleteCommandListsNV
0x712abb06f8	glIsCommandListNV
0x712abb0700	glListDrawCommandsStatesClientNV
0x712abb0708	glCommandListSegmentsNV
0x712abb0710	glCompileCommandListNV
0x712abb0718	glCallCommandListNV
0x712abb0720	glBeginConditionalRenderNV
0x712abb0728	glEndConditionalRenderNV
0x712abb0730	glSubpixelPrecisionBiasNV
0x712abb0738	glConservativeRasterParameterfNV
0x712abb0740	glConservativeRasterParameteriNV
0x712abb0748	glCopyImageSubDataNV
0x712abb0750	glDepthRangedNV
0x712abb0758	glClearDepthdNV
0x712abb0760	glDepthBoundsdNV
0x712abb0768	glDrawTextureNV
0x712abb0770	glDrawVkImageNV
0x712abb0778	glGetVkProcAddrNV
0x712abb0780	glWaitVkSemaphoreNV
0x712abb0788	glSignalVkSemaphoreNV
0x712abb0790	glSignalVkFenceNV
0x712abb0798	glMapControlPointsNV
0x712abb07a0	glMapParameterivNV
0x712abb07a8	glMapParameterfvNV
0x712abb07b0	glGetMapControlPointsNV
0x712abb07b8	glGetMapParameterivNV
0x712abb07c0	glGetMapParameterfvNV
0x712abb07c8	glGetMapAttribParameterivNV
0x712abb07d0	glGetMapAttribParameterfvNV
0x712abb07d8	glEvalMapsNV
0x712abb07e0	glGetMultisamplefvNV
0x712abb07e8	glSampleMaskIndexedNV
0x712abb07f0	glTexRenderbufferNV
0x712abb07f8	glDeleteFencesNV
0x712abb0800	glGenFencesNV
0x712abb0808	glIsFenceNV
0x712abb0810	glTestFenceNV
0x712abb0818	glGetFenceivNV
0x712abb0820	glFinishFenceNV
0x712abb0828	glSetFenceNV
0x712abb0830	glFragmentCoverageColorNV
0x712abb0838	glProgramNamedParameter4fNV
0x712abb0840	glProgramNamedParameter4fvNV
0x712abb0848	glProgramNamedParameter4dNV
0x712abb0850	glProgramNamedParameter4dvNV
0x712abb0858	glGetProgramNamedParameterfvNV
0x712abb0860	glGetProgramNamedParameterdvNV
0x712abb0868	glCoverageModulationTableNV
0x712abb0870	glGetCoverageModulationTableNV
0x712abb0878	glCoverageModulationNV
0x712abb0880	glRenderbufferStorageMultisampleCoverageNV
0x712abb0888	glProgramVertexLimitNV
0x712abb0890	glFramebufferTextureEXT
0x712abb0898	glFramebufferTextureFaceEXT
0x712abb08a0	glProgramLocalParameterI4iNV
0x712abb08a8	glProgramLocalParameterI4ivNV
0x712abb08b0	glProgramLocalParametersI4ivNV
0x712abb08b8	glProgramLocalParameterI4uiNV
0x712abb08c0	glProgramLocalParameterI4uivNV
0x712abb08c8	glProgramLocalParametersI4uivNV
0x712abb08d0	glProgramEnvParameterI4iNV
0x712abb08d8	glProgramEnvParameterI4ivNV
0x712abb08e0	glProgramEnvParametersI4ivNV
0x712abb08e8	glProgramEnvParameterI4uiNV
0x712abb08f0	glProgramEnvParameterI4uivNV
0x712abb0900	glGetProgramLocalParameterIivNV
0x712abb0908	glGetProgramLocalParameterIuivNV
0x712abb0910	glGetProgramEnvParameterIivNV
0x712abb0918	glGetProgramEnvParameterIuivNV
0x712abb0920	glProgramSubroutineParametersuivNV
0x712abb0928	glGetProgramSubroutineParameteruivNV
0x712abb0930	glVertex2hNV
0x712abb0938	glVertex2hvNV
0x712abb0940	glVertex3hNV
0x712abb0948	glVertex3hvNV
0x712abb0950	glVertex4hNV
0x712abb0958	glVertex4hvNV
0x712abb0960	glNormal3hNV
0x712abb0968	glNormal3hvNV
0x712abb0970	glColor3hNV
0x712abb0978	glColor3hvNV
0x712abb0980	glColor4hNV
0x712abb0988	glColor4hvNV
0x712abb0990	glTexCoord1hNV
0x712abb0998	glTexCoord1hvNV
0x712abb09a0	glTexCoord2hNV
0x712abb09a8	glTexCoord2hvNV
0x712abb09b0	glTexCoord3hNV
0x712abb09b8	glTexCoord3hvNV
0x712abb09c0	glTexCoord4hNV
0x712abb09c8	glTexCoord4hvNV
0x712abb09d0	glMultiTexCoord1hNV
0x712abb09d8	glMultiTexCoord1hvNV
0x712abb09e0	glMultiTexCoord2hNV
0x712abb09e8	glMultiTexCoord2hvNV
0x712abb09f0	glMultiTexCoord3hNV
0x712abb09f8	glMultiTexCoord3hvNV
0x712abb0a00	glMultiTexCoord4hNV
0x712abb0a08	glMultiTexCoord4hvNV
0x712abb0a10	glFogCoordhNV
0x712abb0a18	glFogCoordhvNV
0x712abb0a20	glSecondaryColor3hNV
0x712abb0a28	glSecondaryColor3hvNV
0x712abb0a30	glVertexWeighthNV
0x712abb0a38	glVertexWeighthvNV
0x712abb0a40	glVertexAttrib1hNV
0x712abb0a48	glVertexAttrib1hvNV
0x712abb0a50	glVertexAttrib2hNV
0x712abb0a58	glVertexAttrib2hvNV
0x712abb0a60	glVertexAttrib3hNV
0x712abb0a68	glVertexAttrib3hvNV
0x712abb0a70	glVertexAttrib4hNV
0x712abb0a78	glVertexAttrib4hvNV
0x712abb0a80	glVertexAttribs1hvNV
0x712abb0a88	glVertexAttribs2hvNV
0x712abb0a90	glVertexAttribs3hvNV
0x712abb0a98	glVertexAttribs4hvNV
0x712abb0aa0	glGetInternalformatSampleivNV
0x712abb0aa8	glRenderGpuMaskNV
0x712abb0ab0	glMulticastBufferSubDataNV
0x712abb0ab8	glMulticastCopyBufferSubDataNV
0x712abb0ac0	glMulticastCopyImageSubDataNV
0x712abb0ac8	glMulticastBlitFramebufferNV
0x712abb0ad0	glMulticastFramebufferSampleLocationsfvNV
0x712abb0ad8	glMulticastBarrierNV
0x712abb0ae0	glMulticastWaitSyncNV
0x712abb0ae8	glMulticastGetQueryObjectivNV
0x712abb0af0	glMulticastGetQueryObjectuivNV
0x712abb0af8	glMulticastGetQueryObjecti64vNV
0x712abb0b00	glMulticastGetQueryObjectui64vNV
0x712abb0b08	glGenOcclusionQueriesNV
0x712abb0b10	glDeleteOcclusionQueriesNV
0x712abb0b18	glIsOcclusionQueryNV
0x712abb0b20	glBeginOcclusionQueryNV
0x712abb0b28	glEndOcclusionQueryNV
0x712abb0b30	glGetOcclusionQueryivNV
0x712abb0b38	glGetOcclusionQueryuivNV
0x712abb0b40	glProgramBufferParametersfvNV
0x712abb0b48	glProgramBufferParametersIivNV
0x712abb0b50	glProgramBufferParametersIuivNV
0x712abb0b58	glGenPathsNV
0x712abb0b60	glDeletePathsNV
0x712abb0b68	glIsPathNV
0x712abb0b70	glPathCommandsNV
0x712abb0b78	glPathCoordsNV
0x712abb0b80	glPathSubCommandsNV
0x712abb0b88	glPathSubCoordsNV
0x712abb0b90	glPathStringNV
0x712abb0b98	glPathGlyphsNV
0x712abb0ba0	glPathGlyphRangeNV
0x712abb0ba8	glWeightPathsNV
0x712abb0bb0	glCopyPathNV
0x712abb0bb8	glInterpolatePathsNV
0x712abb0bc0	glTransformPathNV
0x712abb0bc8	glPathParameterivNV
0x712abb0bd0	glPathParameteriNV
0x712abb0bd8	glPathParameterfvNV
0x712abb0be0	glPathParameterfNV
0x712abb0be8	glPathDashArrayNV
0x712abb0bf0	glPathStencilFuncNV
0x712abb0bf8	glPathStencilDepthOffsetNV
0x712abb0c00	glStencilFillPathNV
0x712abb0c08	glStencilStrokePathNV
0x712abb0c10	glStencilFillPathInstancedNV
0x712abb0c18	glStencilStrokePathInstancedNV
0x712abb0c20	glPathCoverDepthFuncNV
0x712abb0c28	glCoverFillPathNV
0x712abb0c30	glCoverStrokePathNV
0x712abb0c38	glCoverFillPathInstancedNV
0x712abb0c40	glCoverStrokePathInstancedNV
0x712abb0c48	glGetPathParameterivNV
0x712abb0c50	glGetPathParameterfvNV
0x712abb0c58	glGetPathCommandsNV
0x712abb0c60	glGetPathCoordsNV
0x712abb0c68	glGetPathDashArrayNV
0x712abb0c70	glGetPathMetricsNV
0x712abb0c78	glGetPathMetricRangeNV
0x712abb0c80	glGetPathSpacingNV
0x712abb0c88	glIsPointInFillPathNV
0x712abb0c90	glIsPointInStrokePathNV
0x712abb0c98	glGetPathLengthNV
0x712abb0ca0	glPointAlongPathNV
0x712abb0ca8	glMatrixLoad3x2fNV
0x712abb0cb0	glMatrixLoad3x3fNV
0x712abb0cb8	glMatrixLoadTranspose3x3fNV
0x712abb0cc0	glMatrixMult3x2fNV
0x712abb0cc8	glMatrixMult3x3fNV
0x712abb0cd0	glMatrixMultTranspose3x3fNV
0x712abb0cd8	glStencilThenCoverFillPathNV
0x712abb0ce0	glStencilThenCoverStrokePathNV
0x712abb0ce8	glStencilThenCoverFillPathInstancedNV
0x712abb0cf0	glStencilThenCoverStrokePathInstancedNV
0x712abb0cf8	glPathGlyphIndexRangeNV
0x712abb0d00	glPathGlyphIndexArrayNV
0x712abb0d08	glPathMemoryGlyphIndexArrayNV
0x712abb0d10	glProgramPathFragmentInputGenNV
0x712abb0d18	glGetProgramResourcefvNV
0x712abb0d20	glPathColorGenNV
0x712abb0d28	glPathTexGenNV
0x712abb0d30	glPathFogGenNV
0x712abb0d38	glGetPathColorGenivNV
0x712abb0d40	glGetPathColorGenfvNV
0x712abb0d48	glGetPathTexGenivNV
0x712abb0d50	glGetPathTexGenfvNV
0x712abb0d58	glPixelDataRangeNV
0x712abb0d60	glFlushPixelDataRangeNV
0x712abb0d68	glPointParameteriNV
0x712abb0d70	glPointParameterivNV
0x712abb0d78	glPresentFrameKeyedNV
0x712abb0d80	glPresentFrameDualFillNV
0x712abb0d88	glGetVideoivNV
0x712abb0d90	glGetVideouivNV
0x712abb0d98	glGetVideoi64vNV
0x712abb0da0	glGetVideoui64vNV
0x712abb0da8	glPrimitiveRestartNV
0x712abb0db0	glPrimitiveRestartIndexNV
0x712abb0db8	glQueryResourceNV
0x712abb0dc0	glGenQueryResourceTagNV
0x712abb0dc8	glDeleteQueryResourceTagNV
0x712abb0dd0	glQueryResourceTagNV
0x712abb0dd8	glCombinerParameterfvNV
0x712abb0de0	glCombinerParameterfNV
0x712abb0de8	glCombinerParameterivNV
0x712abb0df0	glCombinerParameteriNV
0x712abb0df8	glCombinerInputNV
0x712abb0e00	glCombinerOutputNV
0x712abb0e08	glFinalCombinerInputNV
0x712abb0e10	glGetCombinerInputParameterfvNV
0x712abb0e18	glGetCombinerInputParameterivNV
0x712abb0e20	glGetCombinerOutputParameterfvNV
0x712abb0e28	glGetCombinerOutputParameterivNV
0x712abb0e30	glGetFinalCombinerInputParameterfvNV
0x712abb0e38	glGetFinalCombinerInputParameterivNV
0x712abb0e40	glCombinerStageParameterfvNV
0x712abb0e48	glGetCombinerStageParameterfvNV
0x712abb0e50	glFramebufferSampleLocationsfvNV
0x712abb0e58	glNamedFramebufferSampleLocationsfvNV
0x712abb0e60	glResolveDepthValuesNV
0x712abb0e68	glMakeBufferResidentNV
0x712abb0e70	glMakeBufferNonResidentNV
0x712abb0e78	glIsBufferResidentNV
0x712abb0e80	glMakeNamedBufferResidentNV
0x712abb0e88	glMakeNamedBufferNonResidentNV
0x712abb0e90	glIsNamedBufferResidentNV
0x712abb0e98	glGetBufferParameterui64vNV
0x712abb0ea0	glGetNamedBufferParameterui64vNV
0x712abb0ea8	glGetIntegerui64vNV
0x712abb0eb0	glUniformui64NV
0x712abb0eb8	glUniformui64vNV
0x712abb0ec0	glProgramUniformui64NV
0x712abb0ec8	glProgramUniformui64vNV
0x712abb0ed0	glTextureBarrierNV
0x712abb0ed8	glTexImage2DMultisampleCoverageNV
0x712abb0ee0	glTexImage3DMultisampleCoverageNV
0x712abb0ee8	glTextureImage2DMultisampleNV
0x712abb0ef0	glTextureImage3DMultisampleNV
0x712abb0ef8	glTextureImage2DMultisampleCoverageNV
0x712abb0f00	glTextureImage3DMultisampleCoverageNV
0x712abb0f08	glBeginTransformFeedbackNV
0x712abb0f10	glEndTransformFeedbackNV
0x712abb0f18	glTransformFeedbackAttribsNV
0x712abb0f20	glBindBufferRangeNV
0x712abb0f28	glBindBufferOffsetNV
0x712abb0f30	glBindBufferBaseNV
0x712abb0f38	glTransformFeedbackVaryingsNV
0x712abb0f40	glActiveVaryingNV
0x712abb0f48	glGetVaryingLocationNV
0x712abb0f50	glGetActiveVaryingNV
0x712abb0f58	glGetTransformFeedbackVaryingNV
0x712abb0f60	glTransformFeedbackStreamAttribsNV
0x712abb0f68	glBindTransformFeedbackNV
0x712abb0f70	glDeleteTransformFeedbacksNV
0x712abb0f78	glGenTransformFeedbacksNV
0x712abb0f80	glIsTransformFeedbackNV
0x712abb0f88	glPauseTransformFeedbackNV
0x712abb0f90	glResumeTransformFeedbackNV
0x712abb0f98	glDrawTransformFeedbackNV
0x712abb0fa0	glVDPAUInitNV
0x712abb0fa8	glVDPAUFiniNV
0x712abb0fb0	glVDPAURegisterVideoSurfaceNV
0x712abb0fb8	glVDPAURegisterOutputSurfaceNV
0x712abb0fc0	glVDPAUIsSurfaceNV
0x712abb0fc8	glVDPAUUnregisterSurfaceNV
0x712abb0fd0	glVDPAUGetSurfaceivNV
0x712abb0fd8	glVDPAUSurfaceAccessNV
0x712abb0fe0	glVDPAUMapSurfacesNV
0x712abb0fe8	glVDPAUUnmapSurfacesNV
0x712abb0ff0	glFlushVertexArrayRangeNV
0x712abb0ff8	glVertexArrayRangeNV
0x712abb1000	glVertexAttribL1i64NV
0x712abb1008	glVertexAttribL2i64NV
0x712abb1010	glVertexAttribL3i64NV
0x712abb1018	glVertexAttribL4i64NV
0x712abb1020	glVertexAttribL1i64vNV
0x712abb1028	glVertexAttribL2i64vNV
0x712abb1030	glVertexAttribL3i64vNV
0x712abb1038	glVertexAttribL4i64vNV
0x712abb1040	glVertexAttribL1ui64NV
0x712abb1048	glVertexAttribL2ui64NV
0x712abb1050	glVertexAttribL3ui64NV
0x712abb1058	glVertexAttribL4ui64NV
0x712abb1060	glVertexAttribL1ui64vNV
0x712abb1068	glVertexAttribL2ui64vNV
0x712abb1070	glVertexAttribL3ui64vNV
0x712abb1078	glVertexAttribL4ui64vNV
0x712abb1080	glGetVertexAttribLi64vNV
0x712abb1088	glGetVertexAttribLui64vNV
0x712abb1090	glVertexAttribLFormatNV
0x712abb1098	glBufferAddressRangeNV
0x712abb10a0	glVertexFormatNV
0x712abb10a8	glNormalFormatNV
0x712abb10b0	glColorFormatNV
0x712abb10b8	glIndexFormatNV
0x712abb10c0	glTexCoordFormatNV
0x712abb10c8	glEdgeFlagFormatNV
0x712abb10d0	glSecondaryColorFormatNV
0x712abb10d8	glFogCoordFormatNV
0x712abb10e0	glVertexAttribFormatNV
0x712abb10e8	glVertexAttribIFormatNV
0x712abb10f0	glGetIntegerui64i_vNV
0x712abb10f8	glAreProgramsResidentNV
0x712abb1100	glBindProgramNV
0x712abb1108	glDeleteProgramsNV
0x712abb1110	glExecuteProgramNV
0x712abb1118	glGenProgramsNV
0x712abb1120	glGetProgramParameterdvNV
0x712abb1128	glGetProgramParameterfvNV
0x712abb1130	glGetProgramivNV
0x712abb1138	glGetProgramStringNV
0x712abb1140	glGetTrackMatrixivNV
0x712abb1148	glGetVertexAttribdvNV
0x712abb1150	glGetVertexAttribfvNV
0x712abb1158	glGetVertexAttribivNV
0x712abb1160	glGetVertexAttribPointervNV
0x712abb1168	glIsProgramNV
0x712abb1170	glLoadProgramNV
0x712abb1178	glProgramParameter4dNV
0x712abb1180	glProgramParameter4dvNV
0x712abb1188	glProgramParameter4fNV
0x712abb1190	glProgramParameter4fvNV
0x712abb1198	glProgramParameters4dvNV
0x712abb11a0	glProgramParameters4fvNV
0x712abb11a8	glRequestResidentProgramsNV
0x712abb11b0	glTrackMatrixNV
0x712abb11b8	glVertexAttribPointerNV
0x712abb11c0	glVertexAttrib1dNV
0x712abb11c8	glVertexAttrib1dvNV
0x712abb11d0	glVertexAttrib1fNV
0x712abb11d8	glVertexAttrib1fvNV
0x712abb11e0	glVertexAttrib1sNV
0x712abb11e8	glVertexAttrib1svNV
0x712abb11f0	glVertexAttrib2dNV
0x712abb11f8	glVertexAttrib2dvNV
0x712abb1200	glVertexAttrib2fNV
0x712abb1208	glVertexAttrib2fvNV
0x712abb1210	glVertexAttrib2sNV
0x712abb1218	glVertexAttrib2svNV
0x712abb1220	glVertexAttrib3dNV
0x712abb1228	glVertexAttrib3dvNV
0x712abb1230	glVertexAttrib3fNV
0x712abb1238	glVertexAttrib3fvNV
0x712abb1240	glVertexAttrib3sNV
0x712abb1248	glVertexAttrib3svNV
0x712abb1250	glVertexAttrib4dNV
0x712abb1258	glVertexAttrib4dvNV
0x712abb1260	glVertexAttrib4fNV
0x712abb1268	glVertexAttrib4fvNV
0x712abb1270	glVertexAttrib4sNV
0x712abb1278	glVertexAttrib4svNV
0x712abb1280	glVertexAttrib4ubNV
0x712abb1288	glVertexAttrib4ubvNV
0x712abb1290	glVertexAttribs1dvNV
0x712abb1298	glVertexAttribs1fvNV
0x712abb12a0	glVertexAttribs1svNV
0x712abb12a8	glVertexAttribs2dvNV
0x712abb12b0	glVertexAttribs2fvNV
0x712abb12b8	glVertexAttribs2svNV
0x712abb12c0	glVertexAttribs3dvNV
0x712abb12c8	glVertexAttribs3fvNV
0x712abb12d0	glVertexAttribs3svNV
0x712abb12d8	glVertexAttribs4dvNV
0x712abb12e0	glVertexAttribs4fvNV
0x712abb12e8	glVertexAttribs4svNV
0x712abb12f0	glVertexAttribs4ubvNV
0x712abb12f8	glVertexAttribI1iEXT
0x712abb1300	glVertexAttribI2iEXT
0x712abb1308	glVertexAttribI3iEXT
0x712abb1310	glVertexAttribI4iEXT
0x712abb1318	glVertexAttribI1uiEXT
0x712abb1320	glVertexAttribI2uiEXT
0x712abb1328	glVertexAttribI3uiEXT
0x712abb1330	glVertexAttribI4uiEXT
0x712abb1338	glVertexAttribI1ivEXT
0x712abb1340	glVertexAttribI2ivEXT
0x712abb1348	glVertexAttribI3ivEXT
0x712abb1350	glVertexAttribI4ivEXT
0x712abb1358	glVertexAttribI1uivEXT
0x712abb1360	glVertexAttribI2uivEXT
0x712abb1368	glVertexAttribI3uivEXT
0x712abb1370	glVertexAttribI4uivEXT
0x712abb1378	glVertexAttribI4bvEXT
0x712abb1380	glVertexAttribI4svEXT
0x712abb1388	glVertexAttribI4ubvEXT
0x712abb1390	glVertexAttribI4usvEXT
0x712abb1398	glVertexAttribIPointerEXT
0x712abb13a0	glGetVertexAttribIivEXT
0x712abb13a8	glGetVertexAttribIuivEXT
0x712abb13b0	glBeginVideoCaptureNV
0x712abb13b8	glBindVideoCaptureStreamBufferNV
0x712abb13c0	glBindVideoCaptureStreamTextureNV
0x712abb13c8	glEndVideoCaptureNV
0x712abb13d0	glGetVideoCaptureivNV
0x712abb13d8	glGetVideoCaptureStreamivNV
0x712abb13e0	glGetVideoCaptureStreamfvNV
0x712abb13e8	glGetVideoCaptureStreamdvNV
0x712abb13f0	glVideoCaptureNV
0x712abb13f8	glVideoCaptureStreamParameterivNV
0x712abb1400	glVideoCaptureStreamParameterfvNV
0x712abb1408	glVideoCaptureStreamParameterdvNV
0x712abb1410	glViewportSwizzleNV
0x712abb1418	glMultiTexCoord1bOES
0x712abb1420	glMultiTexCoord1bvOES
0x712abb1428	glMultiTexCoord2bOES
0x712abb1430	glMultiTexCoord2bvOES
0x712abb1438	glMultiTexCoord3bOES
0x712abb1440	glMultiTexCoord3bvOES
0x712abb1448	glMultiTexCoord4bOES
0x712abb1450	glMultiTexCoord4bvOES
0x712abb1458	glTexCoord1bOES
0x712abb1460	glTexCoord1bvOES
0x712abb1468	glTexCoord2bOES
0x712abb1470	glTexCoord2bvOES
0x712abb1478	glTexCoord3bOES
0x712abb1480	glTexCoord3bvOES
0x712abb1488	glTexCoord4bOES
0x712abb1490	glTexCoord4bvOES
0x712abb1498	glVertex2bOES
0x712abb14a0	glVertex2bvOES
0x712abb14a8	glVertex3bOES
0x712abb14b0	glVertex3bvOES
0x712abb14b8	glVertex4bOES
0x712abb14c0	glVertex4bvOES
0x712abb14c8	glAlphaFuncxOES
0x712abb14d0	glClearColorxOES
0x712abb14d8	glClearDepthxOES
0x712abb14e0	glClipPlanexOES
0x712abb14e8	glColor4xOES
0x712abb14f0	glDepthRangexOES
0x712abb14f8	glFogxOES
0x712abb1500	glFogxvOES
0x712abb1508	glFrustumxOES
0x712abb1510	glGetClipPlanexOES
0x712abb1518	glGetFixedvOES
0x712abb1520	glGetTexEnvxvOES
0x712abb1528	glGetTexParameterxvOES
0x712abb1530	glLightModelxOES
0x712abb1538	glLightModelxvOES
0x712abb1540	glLightxOES
0x712abb1548	glLightxvOES
0x712abb1550	glLineWidthxOES
0x712abb1558	glLoadMatrixxOES
0x712abb1560	glMaterialxOES
0x712abb1568	glMaterialxvOES
0x712abb1570	glMultMatrixxOES
0x712abb1578	glMultiTexCoord4xOES
0x712abb1580	glNormal3xOES
0x712abb1588	glOrthoxOES
0x712abb1590	glPointParameterxvOES
0x712abb1598	glPointSizexOES
0x712abb15a0	glPolygonOffsetxOES
0x712abb15a8	glRotatexOES
0x712abb15b0	glScalexOES
0x712abb15b8	glTexEnvxOES
0x712abb15c0	glTexEnvxvOES
0x712abb15c8	glTexParameterxOES
0x712abb15d0	glTexParameterxvOES
0x712abb15d8	glTranslatexOES
0x712abb15e0	glGetLightxvOES
0x712abb15e8	glGetMaterialxvOES
0x712abb15f0	glPointParameterxOES
0x712abb15f8	glSampleCoveragexOES
0x712abb1600	glAccumxOES
0x712abb1608	glBitmapxOES
0x712abb1610	glBlendColorxOES
0x712abb1618	glClearAccumxOES
0x712abb1620	glColor3xOES
0x712abb1628	glColor3xvOES
0x712abb1630	glColor4xvOES
0x712abb1638	glConvolutionParameterxOES
0x712abb1640	glConvolutionParameterxvOES
0x712abb1648	glEvalCoord1xOES
0x712abb1650	glEvalCoord1xvOES
0x712abb1658	glEvalCoord2xOES
0x712abb1660	glEvalCoord2xvOES
0x712abb1668	glFeedbackBufferxOES
0x712abb1670	glGetConvolutionParameterxvOES
0x712abb1678	glGetHistogramParameterxvOES
0x712abb1680	glGetLightxOES
0x712abb1688	glGetMapxvOES
0x712abb1690	glGetMaterialxOES
0x712abb1698	glGetPixelMapxv
0x712abb16a0	glGetTexGenxvOES
0x712abb16a8	glGetTexLevelParameterxvOES
0x712abb16b0	glIndexxOES
0x712abb16b8	glIndexxvOES
0x712abb16c0	glLoadTransposeMatrixxOES
0x712abb16c8	glMap1xOES
0x712abb16d0	glMap2xOES
0x712abb16d8	glMapGrid1xOES
0x712abb16e0	glMapGrid2xOES
0x712abb16e8	glMultTransposeMatrixxOES
0x712abb16f0	glMultiTexCoord1xOES
0x712abb16f8	glMultiTexCoord1xvOES
0x712abb1700	glMultiTexCoord2xOES
0x712abb1708	glMultiTexCoord2xvOES
0x712abb1710	glMultiTexCoord3xOES
0x712abb1718	glMultiTexCoord3xvOES
0x712abb1720	glMultiTexCoord4xvOES
0x712abb1728	glNormal3xvOES
0x712abb1730	glPassThroughxOES
0x712abb1738	glPixelMapx
0x712abb1740	glPixelStorex
0x712abb1748	glPixelTransferxOES
0x712abb1750	glPixelZoomxOES
0x712abb1758	glPrioritizeTexturesxOES
0x712abb1760	glRasterPos2xOES
0x712abb1768	glRasterPos2xvOES
0x712abb1770	glRasterPos3xOES
0x712abb1778	glRasterPos3xvOES
0x712abb1780	glRasterPos4xOES
0x712abb1788	glRasterPos4xvOES
0x712abb1790	glRectxOES
0x712abb1798	glRectxvOES
0x712abb17a0	glTexCoord1xOES
0x712abb17a8	glTexCoord1xvOES
0x712abb17b0	glTexCoord2xOES
0x712abb17b8	glTexCoord2xvOES
0x712abb17c0	glTexCoord3xOES
0x712abb17c8	glTexCoord3xvOES
0x712abb17d0	glTexCoord4xOES
0x712abb17d8	glTexCoord4xvOES
0x712abb17e0	glTexGenxOES
0x712abb17e8	glTexGenxvOES
0x712abb17f0	glVertex2xOES
0x712abb17f8	glVertex2xvOES
0x712abb1800	glVertex3xOES
0x712abb1808	glVertex3xvOES
0x712abb1810	glVertex4xOES
0x712abb1818	glVertex4xvOES
0x712abb1820	glQueryMatrixxOES
0x712abb1828	glClearDepthfOES
0x712abb1830	glClipPlanefOES
0x712abb1838	glDepthRangefOES
0x712abb1840	glFrustumfOES
0x712abb1848	glGetClipPlanefOES
0x712abb1850	glOrthofOES
0x712abb1858	glFramebufferTextureMultiviewOVR
0x712abb1860	glHintPGI
0x712abb1868	glDetailTexFuncSGIS
0x712abb1870	glGetDetailTexFuncSGIS
0x712abb1878	glFogFuncSGIS
0x712abb1880	glGetFogFuncSGIS
0x712abb1888	glSampleMaskSGIS
0x712abb1890	glSamplePatternSGIS
0x712abb1898	glPixelTexGenParameteriSGIS
0x712abb18a0	glPixelTexGenParameterivSGIS
0x712abb18a8	glPixelTexGenParameterfSGIS
0x712abb18b0	glPixelTexGenParameterfvSGIS
0x712abb18b8	glGetPixelTexGenParameterivSGIS
0x712abb18c0	glGetPixelTexGenParameterfvSGIS
0x712abb18c8	glPointParameterfSGIS
0x712abb18d0	glPointParameterfvSGIS
0x712abb18d8	glSharpenTexFuncSGIS
0x712abb18e0	glGetSharpenTexFuncSGIS
0x712abb18e8	glTexImage4DSGIS
0x712abb18f0	glTexSubImage4DSGIS
0x712abb1900	glGetTexFilterFuncSGIS
0x712abb1908	glTexFilterFuncSGIS
0x712abb1910	glAsyncMarkerSGIX
0x712abb1918	glFinishAsyncSGIX
0x712abb1920	glPollAsyncSGIX
0x712abb1928	glGenAsyncMarkersSGIX
0x712abb1930	glDeleteAsyncMarkersSGIX
0x712abb1938	glIsAsyncMarkerSGIX
0x712abb1940	glFlushRasterSGIX
0x712abb1948	glFragmentColorMaterialSGIX
0x712abb1950	glFragmentLightfSGIX
0x712abb1958	glFragmentLightfvSGIX
0x712abb1960	glFragmentLightiSGIX
0x712abb1968	glFragmentLightivSGIX
0x712abb1970	glFragmentLightModelfSGIX
0x712abb1978	glFragmentLightModelfvSGIX
0x712abb1980	glFragmentLightModeliSGIX
0x712abb1988	glFragmentLightModelivSGIX
0x712abb1990	glFragmentMaterialfSGIX
0x712abb1998	glFragmentMaterialfvSGIX
0x712abb19a0	glFragmentMaterialiSGIX
0x712abb19a8	glFragmentMaterialivSGIX
0x712abb19b0	glGetFragmentLightfvSGIX
0x712abb19b8	glGetFragmentLightivSGIX
0x712abb19c0	glGetFragmentMaterialfvSGIX
0x712abb19c8	glGetFragmentMaterialivSGIX
0x712abb19d0	glLightEnviSGIX
0x712abb19d8	glFrameZoomSGIX
0x712abb19e0	glIglooInterfaceSGIX
0x712abb19e8	glGetInstrumentsSGIX
0x712abb19f0	glInstrumentsBufferSGIX
0x712abb19f8	glPollInstrumentsSGIX
0x712abb1a00	glReadInstrumentsSGIX
0x712abb1a08	glStartInstrumentsSGIX
0x712abb1a10	glStopInstrumentsSGIX
0x712abb1a18	glGetListParameterfvSGIX
0x712abb1a20	glGetListParameterivSGIX
0x712abb1a28	glListParameterfSGIX
0x712abb1a30	glListParameterfvSGIX
0x712abb1a38	glListParameteriSGIX
0x712abb1a40	glListParameterivSGIX
0x712abb1a48	glPixelTexGenSGIX
0x712abb1a50	glDeformationMap3dSGIX
0x712abb1a58	glDeformationMap3fSGIX
0x712abb1a60	glDeformSGIX
0x712abb1a68	glLoadIdentityDeformationMapSGIX
0x712abb1a70	glReferencePlaneSGIX
0x712abb1a78	glSpriteParameterfSGIX
0x712abb1a80	glSpriteParameterfvSGIX
0x712abb1a88	glSpriteParameteriSGIX
0x712abb1a90	glSpriteParameterivSGIX
0x712abb1a98	glTagSampleBufferSGIX
0x712abb1aa0	glColorTableSGI
0x712abb1aa8	glColorTableParameterfvSGI
0x712abb1ab0	glColorTableParameterivSGI
0x712abb1ab8	glCopyColorTableSGI
0x712abb1ac0	glGetColorTableSGI
0x712abb1ac8	glGetColorTableParameterfvSGI
0x712abb1ad0	glGetColorTableParameterivSGI
0x712abb1ad8	glFinishTextureSUNX
0x712abb1ae0	glGlobalAlphaFactorbSUN
0x712abb1ae8	glGlobalAlphaFactorsSUN
0x712abb1af0	glGlobalAlphaFactoriSUN
0x712abb1af8	glGlobalAlphaFactorfSUN
0x712abb1b00	glGlobalAlphaFactordSUN
0x712abb1b08	glGlobalAlphaFactorubSUN
0x712abb1b10	glGlobalAlphaFactorusSUN
0x712abb1b18	glGlobalAlphaFactoruiSUN
0x712abb1b20	glDrawMeshArraysSUN
0x712abb1b28	glReplacementCodeuiSUN
0x712abb1b30	glReplacementCodeusSUN
0x712abb1b38	glReplacementCodeubSUN
0x712abb1b40	glReplacementCodeuivSUN
0x712abb1b48	glReplacementCodeusvSUN
0x712abb1b50	glReplacementCodeubvSUN
0x712abb1b58	glReplacementCodePointerSUN
0x712abb1b60	glColor4ubVertex2fSUN
0x712abb1b68	glColor4ubVertex2fvSUN
0x712abb1b70	glColor4ubVertex3fSUN
0x712abb1b78	glColor4ubVertex3fvSUN
0x712abb1b80	glColor3fVertex3fSUN
0x712abb1b88	glColor3fVertex3fvSUN
0x712abb1b90	glNormal3fVertex3fSUN
0x712abb1b98	glNormal3fVertex3fvSUN
0x712abb1ba0	glColor4fNormal3fVertex3fSUN
0x712abb1ba8	glColor4fNormal3fVertex3fvSUN
0x712abb1bb0	glTexCoord2fVertex3fSUN
0x712abb1bb8	glTexCoord2fVertex3fvSUN
0x712abb1bc0	glTexCoord4fVertex4fSUN
0x712abb1bc8	glTexCoord4fVertex4fvSUN
0x712abb1bd0	glTexCoord2fColor4ubVertex3fSUN
0x712abb1bd8	glTexCoord2fColor4ubVertex3fvSUN
0x712abb1be0	glTexCoord2fColor3fVertex3fSUN
0x712abb1be8	glTexCoord2fColor3fVertex3fvSUN
0x712abb1bf0	glTexCoord2fNormal3fVertex3fSUN
0x712abb1bf8	glTexCoord2fNormal3fVertex3fvSUN
0x712abb1c00	glTexCoord2fColor4fNormal3fVertex3fSUN
0x712abb1c08	glTexCoord2fColor4fNormal3fVertex3fvSUN
0x712abb1c10	glTexCoord4fColor4fNormal3fVertex4fSUN
0x712abb1c18	glTexCoord4fColor4fNormal3fVertex4fvSUN
0x712abb1c20	glReplacementCodeuiVertex3fSUN
0x712abb1c28	glReplacementCodeuiVertex3fvSUN
0x712abb1c30	glReplacementCodeuiColor4ubVertex3fSUN
0x712abb1c38	glReplacementCodeuiColor4ubVertex3fvSUN
0x712abb1c40	glReplacementCodeuiColor3fVertex3fSUN
0x712abb1c48	glReplacementCodeuiColor3fVertex3fvSUN
0x712abb1c50	glReplacementCodeuiNormal3fVertex3fSUN
0x712abb1c58	glReplacementCodeuiNormal3fVertex3fvSUN
0x712abb1c60	glReplacementCodeuiColor4fNormal3fVertex3fSUN
0x712abb1c68	glReplacementCodeuiColor4fNormal3fVertex3fvSUN
0x712abb1c70	glReplacementCodeuiTexCoord2fVertex3fSUN
0x712abb1c78	glReplacementCodeuiTexCoord2fVertex3fvSUN
0x712abb1c80	glReplacementCodeuiTexCoord2fNormal3fVertex3fSUN
0x712abb1c88	glReplacementCodeuiTexCoord2fNormal3fVertex3fvSUN
0x712abb1c90	glReplacementCodeuiTexCoord2fColor4fNormal3fVertex3fSUN
0x712abb1c98	glReplacementCodeuiTexCoord2fColor4fNormal3fVertex3fvSUN
