0x71001bb000	p_glVertexAttrib3sv	D
0x71001bc000	p_glCopyConvolutionFilter1D	D
0x71001bd000	p_glGetVertexAttribArrayObjectivATI	D
0x71001bf000	p_glTexCoord3hNV	D
0x71001c0000	p_glDeformSGIX	D
0x71001c1000	p_glMapGrid1d	D
0x71001c2000	p_glGetProgramPipelineiv	D
0x71001c3000	p_glMultiTexCoord2svARB	D
0x71001c4000	p_glNamedProgramLocalParameter4dvEXT	D
0x71001c5000	p_glProgramEnvParametersI4uivNV	D
0x71001c6000	p_glTextureColorMaskSGIS	D
0x712aba35c0	p_eglQueryString	D
0x712aba35c8	p_eglGetCurrentDisplay	D
0x712aba3978	p_glCopyTexSubImage3D	D
0x712aba3980	p_glDrawRangeElements	D
0x712aba3988	p_glTexImage3D	D
0x712aba3990	p_glTexSubImage3D	D
0x712aba3998	p_glActiveTexture	D
0x712aba39a0	p_glClientActiveTexture	D
0x712aba39a8	p_glCompressedTexImage1D	D
0x712aba39b0	p_glCompressedTexImage2D	D
0x712aba39b8	p_glCompressedTexImage3D	D
0x712aba39c0	p_glCompressedTexSubImage1D	D
0x712aba39c8	p_glCompressedTexSubImage2D	D
0x712aba39d0	p_glCompressedTexSubImage3D	D
0x712aba39d8	p_glGetCompressedTexImage	D
0x712aba39e0	p_glLoadTransposeMatrixd	D
0x712aba39e8	p_glLoadTransposeMatrixf	D
0x712aba39f0	p_glMultTransposeMatrixd	D
0x712aba39f8	p_glMultTransposeMatrixf	D
0x712aba3a00	p_glMultiTexCoord1d	D
0x712aba3a08	p_glMultiTexCoord1dv	D
0x712aba3a10	p_glMultiTexCoord1f	D
0x712aba3a18	p_glMultiTexCoord1fv	D
0x712aba3a20	p_glMultiTexCoord1i	D
0x712aba3a28	p_glMultiTexCoord1iv	D
0x712aba3a30	p_glMultiTexCoord1s	D
0x712aba3a38	p_glMultiTexCoord1sv	D
0x712aba3a40	p_glMultiTexCoord2d	D
0x712aba3a48	p_glMultiTexCoord2dv	D
0x712aba3a50	p_glMultiTexCoord2f	D
0x712aba3a58	p_glMultiTexCoord2fv	D
0x712aba3a60	p_glMultiTexCoord2i	D
0x712aba3a68	p_glMultiTexCoord2iv	D
0x712aba3a70	p_glMultiTexCoord2s	D
0x712aba3a78	p_glMultiTexCoord2sv	D
0x712aba3a80	p_glMultiTexCoord3d	D
0x712aba3a88	p_glMultiTexCoord3dv	D
0x712aba3a90	p_glMultiTexCoord3f	D
0x712aba3a98	p_glMultiTexCoord3fv	D
0x712aba3aa0	p_glMultiTexCoord3i	D
0x712aba3aa8	p_glMultiTexCoord3iv	D
0x712aba3ab0	p_glMultiTexCoord3s	D
0x712aba3ab8	p_glMultiTexCoord3sv	D
0x712aba3ac0	p_glMultiTexCoord4d	D
0x712aba3ac8	p_glMultiTexCoord4dv	D
0x712aba3ad0	p_glMultiTexCoord4f	D
0x712aba3ad8	p_glMultiTexCoord4fv	D
0x712aba3ae0	p_glMultiTexCoord4i	D
0x712aba3ae8	p_glMultiTexCoord4iv	D
0x712aba3af0	p_glMultiTexCoord4s	D
0x712aba3af8	p_glMultiTexCoord4sv	D
0x712aba3b00	p_glSampleCoverage	D
0x712aba3b08	p_glBlendColor	D
0x712aba3b10	p_glBlendEquation	D
0x712aba3b18	p_glBlendFuncSeparate	D
0x712aba3b20	p_glFogCoordPointer	D
0x712aba3b28	p_glFogCoordd	D
0x712aba3b30	p_glFogCoorddv	D
0x712aba3b38	p_glFogCoordf	D
0x712aba3b40	p_glFogCoordfv	D
0x712aba3b48	p_glMultiDrawArrays	D
0x712aba3b50	p_glMultiDrawElements	D
0x712aba3b58	p_glPointParameterf	D
0x712aba3b60	p_glPointParameterfv	D
0x712aba3b68	p_glPointParameteri	D
0x712aba3b70	p_glPointParameteriv	D
0x712aba3b78	p_glSecondaryColor3b	D
0x712aba3b80	p_glSecondaryColor3bv	D
0x712aba3b88	p_glSecondaryColor3d	D
0x712aba3b90	p_glSecondaryColor3dv	D
0x712aba3b98	p_glSecondaryColor3f	D
0x712aba3ba0	p_glSecondaryColor3fv	D
0x712aba3ba8	p_glSecondaryColor3i	D
0x712aba3bb0	p_glSecondaryColor3iv	D
0x712aba3bb8	p_glSecondaryColor3s	D
0x712aba3bc0	p_glSecondaryColor3sv	D
0x712aba3bc8	p_glSecondaryColor3ub	D
0x712aba3bd0	p_glSecondaryColor3ubv	D
0x712aba3bd8	p_glSecondaryColor3ui	D
0x712aba3be0	p_glSecondaryColor3uiv	D
0x712aba3be8	p_glSecondaryColor3us	D
0x712aba3bf0	p_glSecondaryColor3usv	D
0x712aba3bf8	p_glSecondaryColorPointer	D
0x712aba3c00	p_glWindowPos2d	D
0x712aba3c08	p_glWindowPos2dv	D
0x712aba3c10	p_glWindowPos2f	D
0x712aba3c18	p_glWindowPos2fv	D
0x712aba3c20	p_glWindowPos2i	D
0x712aba3c28	p_glWindowPos2iv	D
0x712aba3c30	p_glWindowPos2s	D
0x712aba3c38	p_glWindowPos2sv	D
0x712aba3c40	p_glWindowPos3d	D
0x712aba3c48	p_glWindowPos3dv	D
0x712aba3c50	p_glWindowPos3f	D
0x712aba3c58	p_glWindowPos3fv	D
0x712aba3c60	p_glWindowPos3i	D
0x712aba3c68	p_glWindowPos3iv	D
0x712aba3c70	p_glWindowPos3s	D
0x712aba3c78	p_glWindowPos3sv	D
0x712aba3c80	p_glBeginQuery	D
0x712aba3c88	p_glBindBuffer	D
0x712aba3c90	p_glBufferData	D
0x712aba3c98	p_glBufferSubData	D
0x712aba3ca0	p_glDeleteBuffers	D
0x712aba3ca8	p_glDeleteQueries	D
0x712aba3cb0	p_glEndQuery	D
0x712aba3cb8	p_glGenBuffers	D
0x712aba3cc0	p_glGenQueries	D
0x712aba3cc8	p_glGetBufferParameteriv	D
0x712aba3cd0	p_glGetBufferPointerv	D
0x712aba3cd8	p_glGetBufferSubData	D
0x712aba3ce0	p_glGetQueryObjectiv	D
0x712aba3ce8	p_glGetQueryObjectuiv	D
0x712aba3cf0	p_glGetQueryiv	D
0x712aba3cf8	p_glIsBuffer	D
0x712aba3d00	p_glIsQuery	D
0x712aba3d08	p_glMapBuffer	D
0x712aba3d10	p_glUnmapBuffer	D
0x712aba3d18	p_glAttachShader	D
0x712aba3d20	p_glBindAttribLocation	D
0x712aba3d28	p_glBlendEquationSeparate	D
0x712aba3d30	p_glCompileShader	D
0x712aba3d38	p_glCreateProgram	D
0x712aba3d40	p_glCreateShader	D
0x712aba3d48	p_glDeleteProgram	D
0x712aba3d50	p_glDeleteShader	D
0x712aba3d58	p_glDetachShader	D
0x712aba3d60	p_glDisableVertexAttribArray	D
0x712aba3d68	p_glDrawBuffers	D
0x712aba3d70	p_glEnableVertexAttribArray	D
0x712aba3d78	p_glGetActiveAttrib	D
0x712aba3d80	p_glGetActiveUniform	D
0x712aba3d88	p_glGetAttachedShaders	D
0x712aba3d90	p_glGetAttribLocation	D
0x712aba3d98	p_glGetProgramInfoLog	D
0x712aba3da0	p_glGetProgramiv	D
0x712aba3da8	p_glGetShaderInfoLog	D
0x712aba3db0	p_glGetShaderSource	D
0x712aba3db8	p_glGetShaderiv	D
0x712aba3dc0	p_glGetUniformLocation	D
0x712aba3dc8	p_glGetUniformfv	D
0x712aba3dd0	p_glGetUniformiv	D
0x712aba3dd8	p_glGetVertexAttribPointerv	D
0x712aba3de0	p_glGetVertexAttribdv	D
0x712aba3de8	p_glGetVertexAttribfv	D
0x712aba3df0	p_glGetVertexAttribiv	D
0x712aba3df8	p_glIsProgram	D
0x712aba3e00	p_glIsShader	D
0x712aba3e08	p_glLinkProgram	D
0x712aba3e10	p_glShaderSource	D
0x712aba3e18	p_glStencilFuncSeparate	D
0x712aba3e20	p_glStencilMaskSeparate	D
0x712aba3e28	p_glStencilOpSeparate	D
0x712aba3e30	p_glUniform1f	D
0x712aba3e38	p_glUniform1fv	D
0x712aba3e40	p_glUniform1i	D
0x712aba3e48	p_glUniform1iv	D
0x712aba3e50	p_glUniform2f	D
0x712aba3e58	p_glUniform2fv	D
0x712aba3e60	p_glUniform2i	D
0x712aba3e68	p_glUniform2iv	D
0x712aba3e70	p_glUniform3f	D
0x712aba3e78	p_glUniform3fv	D
0x712aba3e80	p_glUniform3i	D
0x712aba3e88	p_glUniform3iv	D
0x712aba3e90	p_glUniform4f	D
0x712aba3e98	p_glUniform4fv	D
0x712aba3ea0	p_glUniform4i	D
0x712aba3ea8	p_glUniform4iv	D
0x712aba3eb0	p_glUniformMatrix2fv	D
0x712aba3eb8	p_glUniformMatrix3fv	D
0x712aba3ec0	p_glUniformMatrix4fv	D
0x712aba3ec8	p_glUseProgram	D
0x712aba3ed0	p_glValidateProgram	D
0x712aba3ed8	p_glVertexAttrib1d	D
0x712aba3ee0	p_glVertexAttrib1dv	D
0x712aba3ee8	p_glVertexAttrib1f	D
0x712aba3ef0	p_glVertexAttrib1fv	D
0x712aba3ef8	p_glVertexAttrib1s	D
0x712aba3f00	p_glVertexAttrib1sv	D
0x712aba3f08	p_glVertexAttrib2d	D
0x712aba3f10	p_glVertexAttrib2dv	D
0x712aba3f18	p_glVertexAttrib2f	D
0x712aba3f20	p_glVertexAttrib2fv	D
0x712aba3f28	p_glVertexAttrib2s	D
0x712aba3f30	p_glVertexAttrib2sv	D
0x712aba3f38	p_glVertexAttrib3d	D
0x712aba3f40	p_glVertexAttrib3dv	D
0x712aba3f48	p_glVertexAttrib3f	D
0x712aba3f50	p_glVertexAttrib3fv	D
0x712aba3f58	p_glVertexAttrib3s	D
0x712aba3f68	p_glVertexAttrib4Nbv	D
0x712aba3f70	p_glVertexAttrib4Niv	D
0x712aba3f78	p_glVertexAttrib4Nsv	D
0x712aba3f80	p_glVertexAttrib4Nub	D
0x712aba3f88	p_glVertexAttrib4Nubv	D
0x712aba3f90	p_glVertexAttrib4Nuiv	D
0x712aba3f98	p_glVertexAttrib4Nusv	D
0x712aba3fa0	p_glVertexAttrib4bv	D
0x712aba3fa8	p_glVertexAttrib4d	D
0x712aba3fb0	p_glVertexAttrib4dv	D
0x712aba3fb8	p_glVertexAttrib4f	D
0x712aba3fc0	p_glVertexAttrib4fv	D
0x712aba3fc8	p_glVertexAttrib4iv	D
0x712aba3fd0	p_glVertexAttrib4s	D
0x712aba3fd8	p_glVertexAttrib4sv	D
0x712aba3fe0	p_glVertexAttrib4ubv	D
0x712aba3fe8	p_glVertexAttrib4uiv	D
0x712aba3ff0	p_glVertexAttrib4usv	D
0x712aba3ff8	p_glVertexAttribPointer	D
0x712aba4000	p_glUniformMatrix2x3fv	D
0x712aba4008	p_glUniformMatrix2x4fv	D
0x712aba4010	p_glUniformMatrix3x2fv	D
0x712aba4018	p_glUniformMatrix3x4fv	D
0x712aba4020	p_glUniformMatrix4x2fv	D
0x712aba4028	p_glUniformMatrix4x3fv	D
0x712aba4030	p_glBeginConditionalRender	D
0x712aba4038	p_glBeginTransformFeedback	D
0x712aba4040	p_glBindFragDataLocation	D
0x712aba4048	p_glClampColor	D
0x712aba4050	p_glClearBufferfi	D
0x712aba4058	p_glClearBufferfv	D
0x712aba4060	p_glClearBufferiv	D
0x712aba4068	p_glClearBufferuiv	D
0x712aba4070	p_glColorMaski	D
0x712aba4078	p_glDisablei	D
0x712aba4080	p_glEnablei	D
0x712aba4088	p_glEndConditionalRender	D
0x712aba4090	p_glEndTransformFeedback	D
0x712aba4098	p_glGetBooleani_v	D
0x712aba40a0	p_glGetFragDataLocation	D
0x712aba40a8	p_glGetStringi	D
0x712aba40b0	p_glGetTexParameterIiv	D
0x712aba40b8	p_glGetTexParameterIuiv	D
0x712aba40c0	p_glGetTransformFeedbackVarying	D
0x712aba40c8	p_glGetUniformuiv	D
0x712aba40d0	p_glGetVertexAttribIiv	D
0x712aba40d8	p_glGetVertexAttribIuiv	D
0x712aba40e0	p_glIsEnabledi	D
0x712aba40e8	p_glTexParameterIiv	D
0x712aba40f0	p_glTexParameterIuiv	D
0x712aba40f8	p_glTransformFeedbackVaryings	D
0x712aba4100	p_glUniform1ui	D
0x712aba4108	p_glUniform1uiv	D
0x712aba4110	p_glUniform2ui	D
0x712aba4118	p_glUniform2uiv	D
0x712aba4120	p_glUniform3ui	D
0x712aba4128	p_glUniform3uiv	D
0x712aba4130	p_glUniform4ui	D
0x712aba4138	p_glUniform4uiv	D
0x712aba4140	p_glVertexAttribI1i	D
0x712aba4148	p_glVertexAttribI1iv	D
0x712aba4150	p_glVertexAttribI1ui	D
0x712aba4158	p_glVertexAttribI1uiv	D
0x712aba4160	p_glVertexAttribI2i	D
0x712aba4168	p_glVertexAttribI2iv	D
0x712aba4170	p_glVertexAttribI2ui	D
0x712aba4178	p_glVertexAttribI2uiv	D
0x712aba4180	p_glVertexAttribI3i	D
0x712aba4188	p_glVertexAttribI3iv	D
0x712aba4190	p_glVertexAttribI3ui	D
0x712aba4198	p_glVertexAttribI3uiv	D
0x712aba41a0	p_glVertexAttribI4bv	D
0x712aba41a8	p_glVertexAttribI4i	D
0x712aba41b0	p_glVertexAttribI4iv	D
0x712aba41b8	p_glVertexAttribI4sv	D
0x712aba41c0	p_glVertexAttribI4ubv	D
0x712aba41c8	p_glVertexAttribI4ui	D
0x712aba41d0	p_glVertexAttribI4uiv	D
0x712aba41d8	p_glVertexAttribI4usv	D
0x712aba41e0	p_glVertexAttribIPointer	D
0x712aba41e8	p_glDrawArraysInstanced	D
0x712aba41f0	p_glDrawElementsInstanced	D
0x712aba41f8	p_glPrimitiveRestartIndex	D
0x712aba4200	p_glTexBuffer	D
0x712aba4208	p_glFramebufferTexture	D
0x712aba4210	p_glGetBufferParameteri64v	D
0x712aba4218	p_glGetInteger64i_v	D
0x712aba4220	p_glVertexAttribDivisor	D
0x712aba4228	p_glBlendEquationSeparatei	D
0x712aba4230	p_glBlendEquationi	D
0x712aba4238	p_glBlendFuncSeparatei	D
0x712aba4240	p_glBlendFunci	D
0x712aba4248	p_glMinSampleShading	D
0x712aba4250	p_glGetGraphicsResetStatus	D
0x712aba4258	p_glGetnCompressedTexImage	D
0x712aba4260	p_glGetnTexImage	D
0x712aba4268	p_glGetnUniformdv	D
0x712aba4270	p_glMultiDrawArraysIndirectCount	D
0x712aba4278	p_glMultiDrawElementsIndirectCount	D
0x712aba4280	p_glSpecializeShader	D
0x712aba4288	p_glTbufferMask3DFX	D
0x712aba4290	p_glDebugMessageCallbackAMD	D
0x712aba4298	p_glDebugMessageEnableAMD	D
0x712aba42a0	p_glDebugMessageInsertAMD	D
0x712aba42a8	p_glGetDebugMessageLogAMD	D
0x712aba42b0	p_glBlendEquationIndexedAMD	D
0x712aba42b8	p_glBlendEquationSeparateIndexedAMD	D
0x712aba42c0	p_glBlendFuncIndexedAMD	D
0x712aba42c8	p_glBlendFuncSeparateIndexedAMD	D
0x712aba42d0	p_glFramebufferSamplePositionsfvAMD	D
0x712aba42d8	p_glGetFramebufferParameterfvAMD	D
0x712aba42e0	p_glGetNamedFramebufferParameterfvAMD	D
0x712aba42e8	p_glNamedFramebufferSamplePositionsfvAMD	D
0x712aba42f0	p_glVertexAttribParameteriAMD	D
0x712aba42f8	p_glMultiDrawArraysIndirectAMD	D
0x712aba4300	p_glMultiDrawElementsIndirectAMD	D
0x712aba4308	p_glDeleteNamesAMD	D
0x712aba4310	p_glGenNamesAMD	D
0x712aba4318	p_glIsNameAMD	D
0x712aba4320	p_glQueryObjectParameteruiAMD	D
0x712aba4328	p_glBeginPerfMonitorAMD	D
0x712aba4330	p_glDeletePerfMonitorsAMD	D
0x712aba4338	p_glEndPerfMonitorAMD	D
0x712aba4340	p_glGenPerfMonitorsAMD	D
0x712aba4348	p_glGetPerfMonitorCounterDataAMD	D
0x712aba4350	p_glGetPerfMonitorCounterInfoAMD	D
0x712aba4358	p_glGetPerfMonitorCounterStringAMD	D
0x712aba4360	p_glGetPerfMonitorCountersAMD	D
0x712aba4368	p_glGetPerfMonitorGroupStringAMD	D
0x712aba4370	p_glGetPerfMonitorGroupsAMD	D
0x712aba4378	p_glSelectPerfMonitorCountersAMD	D
0x712aba4380	p_glSetMultisamplefvAMD	D
0x712aba4388	p_glTexStorageSparseAMD	D
0x712aba4390	p_glTextureStorageSparseAMD	D
0x712aba4398	p_glStencilOpValueAMD	D
0x712aba43a0	p_glTessellationFactorAMD	D
0x712aba43a8	p_glTessellationModeAMD	D
0x712aba43b0	p_glBlitFramebufferANGLE	D
0x712aba43b8	p_glRenderbufferStorageMultisampleANGLE	D
0x712aba43c0	p_glDrawArraysInstancedANGLE	D
0x712aba43c8	p_glDrawElementsInstancedANGLE	D
0x712aba43d0	p_glVertexAttribDivisorANGLE	D
0x712aba43d8	p_glBeginQueryANGLE	D
0x712aba43e0	p_glDeleteQueriesANGLE	D
0x712aba43e8	p_glEndQueryANGLE	D
0x712aba43f0	p_glGenQueriesANGLE	D
0x712aba43f8	p_glGetQueryObjecti64vANGLE	D
0x712aba4400	p_glGetQueryObjectivANGLE	D
0x712aba4408	p_glGetQueryObjectui64vANGLE	D
0x712aba4410	p_glGetQueryObjectuivANGLE	D
0x712aba4418	p_glGetQueryivANGLE	D
0x712aba4420	p_glIsQueryANGLE	D
0x712aba4428	p_glQueryCounterANGLE	D
0x712aba4430	p_glGetTranslatedShaderSourceANGLE	D
0x712aba4438	p_glCopyTextureLevelsAPPLE	D
0x712aba4440	p_glDrawElementArrayAPPLE	D
0x712aba4448	p_glDrawRangeElementArrayAPPLE	D
0x712aba4450	p_glElementPointerAPPLE	D
0x712aba4458	p_glMultiDrawElementArrayAPPLE	D
0x712aba4460	p_glMultiDrawRangeElementArrayAPPLE	D
0x712aba4468	p_glDeleteFencesAPPLE	D
0x712aba4470	p_glFinishFenceAPPLE	D
0x712aba4478	p_glFinishObjectAPPLE	D
0x712aba4480	p_glGenFencesAPPLE	D
0x712aba4488	p_glIsFenceAPPLE	D
0x712aba4490	p_glSetFenceAPPLE	D
0x712aba4498	p_glTestFenceAPPLE	D
0x712aba44a0	p_glTestObjectAPPLE	D
0x712aba44a8	p_glBufferParameteriAPPLE	D
0x712aba44b0	p_glFlushMappedBufferRangeAPPLE	D
0x712aba44b8	p_glRenderbufferStorageMultisampleAPPLE	D
0x712aba44c0	p_glResolveMultisampleFramebufferAPPLE	D
0x712aba44c8	p_glGetObjectParameterivAPPLE	D
0x712aba44d0	p_glObjectPurgeableAPPLE	D
0x712aba44d8	p_glObjectUnpurgeableAPPLE	D
0x712aba44e0	p_glClientWaitSyncAPPLE	D
0x712aba44e8	p_glDeleteSyncAPPLE	D
0x712aba44f0	p_glFenceSyncAPPLE	D
0x712aba44f8	p_glGetInteger64vAPPLE	D
0x712aba4500	p_glGetSyncivAPPLE	D
0x712aba4508	p_glIsSyncAPPLE	D
0x712aba4510	p_glWaitSyncAPPLE	D
0x712aba4518	p_glGetTexParameterPointervAPPLE	D
0x712aba4520	p_glTextureRangeAPPLE	D
0x712aba4528	p_glBindVertexArrayAPPLE	D
0x712aba4530	p_glDeleteVertexArraysAPPLE	D
0x712aba4538	p_glGenVertexArraysAPPLE	D
0x712aba4540	p_glIsVertexArrayAPPLE	D
0x712aba4548	p_glFlushVertexArrayRangeAPPLE	D
0x712aba4550	p_glVertexArrayParameteriAPPLE	D
0x712aba4558	p_glVertexArrayRangeAPPLE	D
0x712aba4560	p_glDisableVertexAttribAPPLE	D
0x712aba4568	p_glEnableVertexAttribAPPLE	D
0x712aba4570	p_glIsVertexAttribEnabledAPPLE	D
0x712aba4578	p_glMapVertexAttrib1dAPPLE	D
0x712aba4580	p_glMapVertexAttrib1fAPPLE	D
0x712aba4588	p_glMapVertexAttrib2dAPPLE	D
0x712aba4590	p_glMapVertexAttrib2fAPPLE	D
0x712aba4598	p_glClearDepthf	D
0x712aba45a0	p_glDepthRangef	D
0x712aba45a8	p_glGetShaderPrecisionFormat	D
0x712aba45b0	p_glReleaseShaderCompiler	D
0x712aba45b8	p_glShaderBinary	D
0x712aba45c0	p_glMemoryBarrierByRegion	D
0x712aba45c8	p_glPrimitiveBoundingBoxARB	D
0x712aba45d0	p_glDrawArraysInstancedBaseInstance	D
0x712aba45d8	p_glDrawElementsInstancedBaseInstance	D
0x712aba45e0	p_glDrawElementsInstancedBaseVertexBaseInstance	D
0x712aba45e8	p_glGetImageHandleARB	D
0x712aba45f0	p_glGetTextureHandleARB	D
0x712aba45f8	p_glGetTextureSamplerHandleARB	D
0x712aba4600	p_glGetVertexAttribLui64vARB	D
0x712aba4608	p_glIsImageHandleResidentARB	D
0x712aba4610	p_glIsTextureHandleResidentARB	D
0x712aba4618	p_glMakeImageHandleNonResidentARB	D
0x712aba4620	p_glMakeImageHandleResidentARB	D
0x712aba4628	p_glMakeTextureHandleNonResidentARB	D
0x712aba4630	p_glMakeTextureHandleResidentARB	D
0x712aba4638	p_glProgramUniformHandleui64ARB	D
0x712aba4640	p_glProgramUniformHandleui64vARB	D
0x712aba4648	p_glUniformHandleui64ARB	D
0x712aba4650	p_glUniformHandleui64vARB	D
0x712aba4658	p_glVertexAttribL1ui64ARB	D
0x712aba4660	p_glVertexAttribL1ui64vARB	D
0x712aba4668	p_glBindFragDataLocationIndexed	D
0x712aba4670	p_glGetFragDataIndex	D
0x712aba4678	p_glBufferStorage	D
0x712aba4680	p_glCreateSyncFromCLeventARB	D
0x712aba4688	p_glClearBufferData	D
0x712aba4690	p_glClearBufferSubData	D
0x712aba4698	p_glClearNamedBufferDataEXT	D
0x712aba46a0	p_glClearNamedBufferSubDataEXT	D
0x712aba46a8	p_glClearTexImage	D
0x712aba46b0	p_glClearTexSubImage	D
0x712aba46b8	p_glClipControl	D
0x712aba46c0	p_glClampColorARB	D
0x712aba46c8	p_glDispatchCompute	D
0x712aba46d0	p_glDispatchComputeIndirect	D
0x712aba46d8	p_glDispatchComputeGroupSizeARB	D
0x712aba46e0	p_glCopyBufferSubData	D
0x712aba46e8	p_glCopyImageSubData	D
0x712aba46f0	p_glDebugMessageCallbackARB	D
0x712aba46f8	p_glDebugMessageControlARB	D
0x712aba4700	p_glDebugMessageInsertARB	D
0x712aba4708	p_glGetDebugMessageLogARB	D
0x712aba4710	p_glBindTextureUnit	D
0x712aba4718	p_glBlitNamedFramebuffer	D
0x712aba4720	p_glCheckNamedFramebufferStatus	D
0x712aba4728	p_glClearNamedBufferData	D
0x712aba4730	p_glClearNamedBufferSubData	D
0x712aba4738	p_glClearNamedFramebufferfi	D
0x712aba4740	p_glClearNamedFramebufferfv	D
0x712aba4748	p_glClearNamedFramebufferiv	D
0x712aba4750	p_glClearNamedFramebufferuiv	D
0x712aba4758	p_glCompressedTextureSubImage1D	D
0x712aba4760	p_glCompressedTextureSubImage2D	D
0x712aba4768	p_glCompressedTextureSubImage3D	D
0x712aba4770	p_glCopyNamedBufferSubData	D
0x712aba4778	p_glCopyTextureSubImage1D	D
0x712aba4780	p_glCopyTextureSubImage2D	D
0x712aba4788	p_glCopyTextureSubImage3D	D
0x712aba4790	p_glCreateBuffers	D
0x712aba4798	p_glCreateFramebuffers	D
0x712aba47a0	p_glCreateProgramPipelines	D
0x712aba47a8	p_glCreateQueries	D
0x712aba47b0	p_glCreateRenderbuffers	D
0x712aba47b8	p_glCreateSamplers	D
0x712aba47c0	p_glCreateTextures	D
0x712aba47c8	p_glCreateTransformFeedbacks	D
0x712aba47d0	p_glCreateVertexArrays	D
0x712aba47d8	p_glDisableVertexArrayAttrib	D
0x712aba47e0	p_glEnableVertexArrayAttrib	D
0x712aba47e8	p_glFlushMappedNamedBufferRange	D
0x712aba47f0	p_glGenerateTextureMipmap	D
0x712aba47f8	p_glGetCompressedTextureImage	D
0x712aba4800	p_glGetNamedBufferParameteri64v	D
0x712aba4808	p_glGetNamedBufferParameteriv	D
0x712aba4810	p_glGetNamedBufferPointerv	D
0x712aba4818	p_glGetNamedBufferSubData	D
0x712aba4820	p_glGetNamedFramebufferAttachmentParameteriv	D
0x712aba4828	p_glGetNamedFramebufferParameteriv	D
0x712aba4830	p_glGetNamedRenderbufferParameteriv	D
0x712aba4838	p_glGetQueryBufferObjecti64v	D
0x712aba4840	p_glGetQueryBufferObjectiv	D
0x712aba4848	p_glGetQueryBufferObjectui64v	D
0x712aba4850	p_glGetQueryBufferObjectuiv	D
0x712aba4858	p_glGetTextureImage	D
0x712aba4860	p_glGetTextureLevelParameterfv	D
0x712aba4868	p_glGetTextureLevelParameteriv	D
0x712aba4870	p_glGetTextureParameterIiv	D
0x712aba4878	p_glGetTextureParameterIuiv	D
0x712aba4880	p_glGetTextureParameterfv	D
0x712aba4888	p_glGetTextureParameteriv	D
0x712aba4890	p_glGetTransformFeedbacki64_v	D
0x712aba4898	p_glGetTransformFeedbacki_v	D
0x712aba48a0	p_glGetTransformFeedbackiv	D
0x712aba48a8	p_glGetVertexArrayIndexed64iv	D
0x712aba48b0	p_glGetVertexArrayIndexediv	D
0x712aba48b8	p_glGetVertexArrayiv	D
0x712aba48c0	p_glInvalidateNamedFramebufferData	D
0x712aba48c8	p_glInvalidateNamedFramebufferSubData	D
0x712aba48d0	p_glMapNamedBuffer	D
0x712aba48d8	p_glMapNamedBufferRange	D
0x712aba48e0	p_glNamedBufferData	D
0x712aba48e8	p_glNamedBufferStorage	D
0x712aba48f0	p_glNamedBufferSubData	D
0x712aba48f8	p_glNamedFramebufferDrawBuffer	D
0x712aba4900	p_glNamedFramebufferDrawBuffers	D
0x712aba4908	p_glNamedFramebufferParameteri	D
0x712aba4910	p_glNamedFramebufferReadBuffer	D
0x712aba4918	p_glNamedFramebufferRenderbuffer	D
0x712aba4920	p_glNamedFramebufferTexture	D
0x712aba4928	p_glNamedFramebufferTextureLayer	D
0x712aba4930	p_glNamedRenderbufferStorage	D
0x712aba4938	p_glNamedRenderbufferStorageMultisample	D
0x712aba4940	p_glTextureBuffer	D
0x712aba4948	p_glTextureBufferRange	D
0x712aba4950	p_glTextureParameterIiv	D
0x712aba4958	p_glTextureParameterIuiv	D
0x712aba4960	p_glTextureParameterf	D
0x712aba4968	p_glTextureParameterfv	D
0x712aba4970	p_glTextureParameteri	D
0x712aba4978	p_glTextureParameteriv	D
0x712aba4980	p_glTextureStorage1D	D
0x712aba4988	p_glTextureStorage2D	D
0x712aba4990	p_glTextureStorage2DMultisample	D
0x712aba4998	p_glTextureStorage3D	D
0x712aba49a0	p_glTextureStorage3DMultisample	D
0x712aba49a8	p_glTextureSubImage1D	D
0x712aba49b0	p_glTextureSubImage2D	D
0x712aba49b8	p_glTextureSubImage3D	D
0x712aba49c0	p_glTransformFeedbackBufferBase	D
0x712aba49c8	p_glTransformFeedbackBufferRange	D
0x712aba49d0	p_glUnmapNamedBuffer	D
0x712aba49d8	p_glVertexArrayAttribBinding	D
0x712aba49e0	p_glVertexArrayAttribFormat	D
0x712aba49e8	p_glVertexArrayAttribIFormat	D
0x712aba49f0	p_glVertexArrayAttribLFormat	D
0x712aba49f8	p_glVertexArrayBindingDivisor	D
0x712aba4a00	p_glVertexArrayElementBuffer	D
0x712aba4a08	p_glVertexArrayVertexBuffer	D
0x712aba4a10	p_glVertexArrayVertexBuffers	D
0x712aba4a18	p_glDrawBuffersARB	D
0x712aba4a20	p_glBlendEquationSeparateiARB	D
0x712aba4a28	p_glBlendEquationiARB	D
0x712aba4a30	p_glBlendFuncSeparateiARB	D
0x712aba4a38	p_glBlendFunciARB	D
0x712aba4a40	p_glDrawElementsBaseVertex	D
0x712aba4a48	p_glDrawElementsInstancedBaseVertex	D
0x712aba4a50	p_glDrawRangeElementsBaseVertex	D
0x712aba4a58	p_glMultiDrawElementsBaseVertex	D
0x712aba4a60	p_glDrawArraysIndirect	D
0x712aba4a68	p_glDrawElementsIndirect	D
0x712aba4a70	p_glFramebufferParameteri	D
0x712aba4a78	p_glGetFramebufferParameteriv	D
0x712aba4a80	p_glGetNamedFramebufferParameterivEXT	D
0x712aba4a88	p_glNamedFramebufferParameteriEXT	D
0x712aba4a90	p_glBindFramebuffer	D
0x712aba4a98	p_glBindRenderbuffer	D
0x712aba4aa0	p_glBlitFramebuffer	D
0x712aba4aa8	p_glCheckFramebufferStatus	D
0x712aba4ab0	p_glDeleteFramebuffers	D
0x712aba4ab8	p_glDeleteRenderbuffers	D
0x712aba4ac0	p_glFramebufferRenderbuffer	D
0x712aba4ac8	p_glFramebufferTexture1D	D
0x712aba4ad0	p_glFramebufferTexture2D	D
0x712aba4ad8	p_glFramebufferTexture3D	D
0x712aba4ae0	p_glFramebufferTextureLayer	D
0x712aba4ae8	p_glGenFramebuffers	D
0x712aba4af0	p_glGenRenderbuffers	D
0x712aba4af8	p_glGenerateMipmap	D
0x712aba4b00	p_glGetFramebufferAttachmentParameteriv	D
0x712aba4b08	p_glGetRenderbufferParameteriv	D
0x712aba4b10	p_glIsFramebuffer	D
0x712aba4b18	p_glIsRenderbuffer	D
0x712aba4b20	p_glRenderbufferStorage	D
0x712aba4b28	p_glRenderbufferStorageMultisample	D
0x712aba4b30	p_glFramebufferTextureARB	D
0x712aba4b38	p_glFramebufferTextureFaceARB	D
0x712aba4b40	p_glFramebufferTextureLayerARB	D
0x712aba4b48	p_glProgramParameteriARB	D
0x712aba4b50	p_glGetProgramBinary	D
0x712aba4b58	p_glProgramBinary	D
0x712aba4b60	p_glProgramParameteri	D
0x712aba4b68	p_glGetCompressedTextureSubImage	D
0x712aba4b70	p_glGetTextureSubImage	D
0x712aba4b78	p_glSpecializeShaderARB	D
0x712aba4b80	p_glGetUniformdv	D
0x712aba4b88	p_glUniform1d	D
0x712aba4b90	p_glUniform1dv	D
0x712aba4b98	p_glUniform2d	D
0x712aba4ba0	p_glUniform2dv	D
0x712aba4ba8	p_glUniform3d	D
0x712aba4bb0	p_glUniform3dv	D
0x712aba4bb8	p_glUniform4d	D
0x712aba4bc0	p_glUniform4dv	D
0x712aba4bc8	p_glUniformMatrix2dv	D
0x712aba4bd0	p_glUniformMatrix2x3dv	D
0x712aba4bd8	p_glUniformMatrix2x4dv	D
0x712aba4be0	p_glUniformMatrix3dv	D
0x712aba4be8	p_glUniformMatrix3x2dv	D
0x712aba4bf0	p_glUniformMatrix3x4dv	D
0x712aba4bf8	p_glUniformMatrix4dv	D
0x712aba4c00	p_glUniformMatrix4x2dv	D
0x712aba4c08	p_glUniformMatrix4x3dv	D
0x712aba4c10	p_glGetUniformi64vARB	D
0x712aba4c18	p_glGetUniformui64vARB	D
0x712aba4c20	p_glGetnUniformi64vARB	D
0x712aba4c28	p_glGetnUniformui64vARB	D
0x712aba4c30	p_glProgramUniform1i64ARB	D
0x712aba4c38	p_glProgramUniform1i64vARB	D
0x712aba4c40	p_glProgramUniform1ui64ARB	D
0x712aba4c48	p_glProgramUniform1ui64vARB	D
0x712aba4c50	p_glProgramUniform2i64ARB	D
0x712aba4c58	p_glProgramUniform2i64vARB	D
0x712aba4c60	p_glProgramUniform2ui64ARB	D
0x712aba4c68	p_glProgramUniform2ui64vARB	D
0x712aba4c70	p_glProgramUniform3i64ARB	D
0x712aba4c78	p_glProgramUniform3i64vARB	D
0x712aba4c80	p_glProgramUniform3ui64ARB	D
0x712aba4c88	p_glProgramUniform3ui64vARB	D
0x712aba4c90	p_glProgramUniform4i64ARB	D
0x712aba4c98	p_glProgramUniform4i64vARB	D
0x712aba4ca0	p_glProgramUniform4ui64ARB	D
0x712aba4ca8	p_glProgramUniform4ui64vARB	D
0x712aba4cb0	p_glUniform1i64ARB	D
0x712aba4cb8	p_glUniform1i64vARB	D
0x712aba4cc0	p_glUniform1ui64ARB	D
0x712aba4cc8	p_glUniform1ui64vARB	D
0x712aba4cd0	p_glUniform2i64ARB	D
0x712aba4cd8	p_glUniform2i64vARB	D
0x712aba4ce0	p_glUniform2ui64ARB	D
0x712aba4ce8	p_glUniform2ui64vARB	D
0x712aba4cf0	p_glUniform3i64ARB	D
0x712aba4cf8	p_glUniform3i64vARB	D
0x712aba4d00	p_glUniform3ui64ARB	D
0x712aba4d08	p_glUniform3ui64vARB	D
0x712aba4d10	p_glUniform4i64ARB	D
0x712aba4d18	p_glUniform4i64vARB	D
0x712aba4d20	p_glUniform4ui64ARB	D
0x712aba4d28	p_glUniform4ui64vARB	D
0x712aba4d30	p_glColorSubTable	D
0x712aba4d38	p_glColorTable	D
0x712aba4d40	p_glColorTableParameterfv	D
0x712aba4d48	p_glColorTableParameteriv	D
0x712aba4d50	p_glConvolutionFilter1D	D
0x712aba4d58	p_glConvolutionFilter2D	D
0x712aba4d60	p_glConvolutionParameterf	D
0x712aba4d68	p_glConvolutionParameterfv	D
0x712aba4d70	p_glConvolutionParameteri	D
0x712aba4d78	p_glConvolutionParameteriv	D
0x712aba4d80	p_glCopyColorSubTable	D
0x712aba4d88	p_glCopyColorTable	D
0x712aba4d98	p_glCopyConvolutionFilter2D	D
0x712aba4da0	p_glGetColorTable	D
0x712aba4da8	p_glGetColorTableParameterfv	D
0x712aba4db0	p_glGetColorTableParameteriv	D
0x712aba4db8	p_glGetConvolutionFilter	D
0x712aba4dc0	p_glGetConvolutionParameterfv	D
0x712aba4dc8	p_glGetConvolutionParameteriv	D
0x712aba4dd0	p_glGetHistogram	D
0x712aba4dd8	p_glGetHistogramParameterfv	D
0x712aba4de0	p_glGetHistogramParameteriv	D
0x712aba4de8	p_glGetMinmax	D
0x712aba4df0	p_glGetMinmaxParameterfv	D
0x712aba4df8	p_glGetMinmaxParameteriv	D
0x712aba4e00	p_glGetSeparableFilter	D
0x712aba4e08	p_glHistogram	D
0x712aba4e10	p_glMinmax	D
0x712aba4e18	p_glResetHistogram	D
0x712aba4e20	p_glResetMinmax	D
0x712aba4e28	p_glSeparableFilter2D	D
0x712aba4e30	p_glMultiDrawArraysIndirectCountARB	D
0x712aba4e38	p_glMultiDrawElementsIndirectCountARB	D
0x712aba4e40	p_glDrawArraysInstancedARB	D
0x712aba4e48	p_glDrawElementsInstancedARB	D
0x712aba4e50	p_glVertexAttribDivisorARB	D
0x712aba4e58	p_glGetInternalformativ	D
0x712aba4e60	p_glGetInternalformati64v	D
0x712aba4e68	p_glInvalidateBufferData	D
0x712aba4e70	p_glInvalidateBufferSubData	D
0x712aba4e78	p_glInvalidateFramebuffer	D
0x712aba4e80	p_glInvalidateSubFramebuffer	D
0x712aba4e88	p_glInvalidateTexImage	D
0x712aba4e90	p_glInvalidateTexSubImage	D
0x712aba4e98	p_glFlushMappedBufferRange	D
0x712aba4ea0	p_glMapBufferRange	D
0x712aba4ea8	p_glCurrentPaletteMatrixARB	D
0x712aba4eb0	p_glMatrixIndexPointerARB	D
0x712aba4eb8	p_glMatrixIndexubvARB	D
0x712aba4ec0	p_glMatrixIndexuivARB	D
0x712aba4ec8	p_glMatrixIndexusvARB	D
0x712aba4ed0	p_glBindBuffersBase	D
0x712aba4ed8	p_glBindBuffersRange	D
0x712aba4ee0	p_glBindImageTextures	D
0x712aba4ee8	p_glBindSamplers	D
0x712aba4ef0	p_glBindTextures	D
0x712aba4ef8	p_glBindVertexBuffers	D
0x712aba4f00	p_glMultiDrawArraysIndirect	D
0x712aba4f08	p_glMultiDrawElementsIndirect	D
0x712aba4f10	p_glSampleCoverageARB	D
0x712aba4f18	p_glActiveTextureARB	D
0x712aba4f20	p_glClientActiveTextureARB	D
0x712aba4f28	p_glMultiTexCoord1dARB	D
0x712aba4f30	p_glMultiTexCoord1dvARB	D
0x712aba4f38	p_glMultiTexCoord1fARB	D
0x712aba4f40	p_glMultiTexCoord1fvARB	D
0x712aba4f48	p_glMultiTexCoord1iARB	D
0x712aba4f50	p_glMultiTexCoord1ivARB	D
0x712aba4f58	p_glMultiTexCoord1sARB	D
0x712aba4f60	p_glMultiTexCoord1svARB	D
0x712aba4f68	p_glMultiTexCoord2dARB	D
0x712aba4f70	p_glMultiTexCoord2dvARB	D
0x712aba4f78	p_glMultiTexCoord2fARB	D
0x712aba4f80	p_glMultiTexCoord2fvARB	D
0x712aba4f88	p_glMultiTexCoord2iARB	D
0x712aba4f90	p_glMultiTexCoord2ivARB	D
0x712aba4f98	p_glMultiTexCoord2sARB	D
0x712aba4fa0	p_glMultiTexCoord2svARB	D
0x712aba4fa8	p_glMultiTexCoord3dARB	D
0x712aba4fb0	p_glMultiTexCoord3dvARB	D
0x712aba4fb8	p_glMultiTexCoord3fARB	D
0x712aba4fc0	p_glMultiTexCoord3fvARB	D
0x712aba4fc8	p_glMultiTexCoord3iARB	D
0x712aba4fd0	p_glMultiTexCoord3ivARB	D
0x712aba4fd8	p_glMultiTexCoord3sARB	D
0x712aba4fe0	p_glMultiTexCoord3svARB	D
0x712aba4fe8	p_glMultiTexCoord4dARB	D
0x712aba4ff0	p_glMultiTexCoord4dvARB	D
0x712aba4ff8	p_glMultiTexCoord4fARB	D
0x712aba5000	p_glMultiTexCoord4fvARB	D
0x712aba5008	p_glMultiTexCoord4iARB	D
0x712aba5010	p_glMultiTexCoord4ivARB	D
0x712aba5018	p_glMultiTexCoord4sARB	D
0x712aba5020	p_glMultiTexCoord4svARB	D
0x712aba5028	p_glBeginQueryARB	D
0x712aba5030	p_glDeleteQueriesARB	D
0x712aba5038	p_glEndQueryARB	D
0x712aba5040	p_glGenQueriesARB	D
0x712aba5048	p_glGetQueryObjectivARB	D
0x712aba5050	p_glGetQueryObjectuivARB	D
0x712aba5058	p_glGetQueryivARB	D
0x712aba5060	p_glIsQueryARB	D
0x712aba5068	p_glMaxShaderCompilerThreadsARB	D
0x712aba5070	p_glPointParameterfARB	D
0x712aba5078	p_glPointParameterfvARB	D
0x712aba5080	p_glPolygonOffsetClamp	D
0x712aba5088	p_glGetProgramInterfaceiv	D
0x712aba5090	p_glGetProgramResourceIndex	D
0x712aba5098	p_glGetProgramResourceLocation	D
0x712aba50a0	p_glGetProgramResourceLocationIndex	D
0x712aba50a8	p_glGetProgramResourceName	D
0x712aba50b0	p_glGetProgramResourceiv	D
0x712aba50b8	p_glProvokingVertex	D
0x712aba50c0	p_glGetGraphicsResetStatusARB	D
0x712aba50c8	p_glGetnColorTableARB	D
0x712aba50d0	p_glGetnCompressedTexImageARB	D
0x712aba50d8	p_glGetnConvolutionFilterARB	D
0x712aba50e0	p_glGetnHistogramARB	D
0x712aba50e8	p_glGetnMapdvARB	D
0x712aba50f0	p_glGetnMapfvARB	D
0x712aba50f8	p_glGetnMapivARB	D
0x712aba5100	p_glGetnMinmaxARB	D
0x712aba5108	p_glGetnPixelMapfvARB	D
0x712aba5110	p_glGetnPixelMapuivARB	D
0x712aba5118	p_glGetnPixelMapusvARB	D
0x712aba5120	p_glGetnPolygonStippleARB	D
0x712aba5128	p_glGetnSeparableFilterARB	D
0x712aba5130	p_glGetnTexImageARB	D
0x712aba5138	p_glGetnUniformdvARB	D
0x712aba5140	p_glGetnUniformfvARB	D
0x712aba5148	p_glGetnUniformivARB	D
0x712aba5150	p_glGetnUniformuivARB	D
0x712aba5158	p_glReadnPixelsARB	D
0x712aba5160	p_glFramebufferSampleLocationsfvARB	D
0x712aba5168	p_glNamedFramebufferSampleLocationsfvARB	D
0x712aba5170	p_glMinSampleShadingARB	D
0x712aba5178	p_glBindSampler	D
0x712aba5180	p_glDeleteSamplers	D
0x712aba5188	p_glGenSamplers	D
0x712aba5190	p_glGetSamplerParameterIiv	D
0x712aba5198	p_glGetSamplerParameterIuiv	D
0x712aba51a0	p_glGetSamplerParameterfv	D
0x712aba51a8	p_glGetSamplerParameteriv	D
0x712aba51b0	p_glIsSampler	D
0x712aba51b8	p_glSamplerParameterIiv	D
0x712aba51c0	p_glSamplerParameterIuiv	D
0x712aba51c8	p_glSamplerParameterf	D
0x712aba51d0	p_glSamplerParameterfv	D
0x712aba51d8	p_glSamplerParameteri	D
0x712aba51e0	p_glSamplerParameteriv	D
0x712aba51e8	p_glActiveShaderProgram	D
0x712aba51f0	p_glBindProgramPipeline	D
0x712aba51f8	p_glCreateShaderProgramv	D
0x712aba5200	p_glDeleteProgramPipelines	D
0x712aba5208	p_glGenProgramPipelines	D
0x712aba5210	p_glGetProgramPipelineInfoLog	D
0x712aba5218	p_glGetProgramPipelineiv	D
0x712aba5220	p_glIsProgramPipeline	D
0x712aba5228	p_glProgramUniform1d	D
0x712aba5230	p_glProgramUniform1dv	D
0x712aba5238	p_glProgramUniform1f	D
0x712aba5240	p_glProgramUniform1fv	D
0x712aba5248	p_glProgramUniform1i	D
0x712aba5250	p_glProgramUniform1iv	D
0x712aba5258	p_glProgramUniform1ui	D
0x712aba5260	p_glProgramUniform1uiv	D
0x712aba5268	p_glProgramUniform2d	D
0x712aba5270	p_glProgramUniform2dv	D
0x712aba5278	p_glProgramUniform2f	D
0x712aba5280	p_glProgramUniform2fv	D
0x712aba5288	p_glProgramUniform2i	D
0x712aba5290	p_glProgramUniform2iv	D
0x712aba5298	p_glProgramUniform2ui	D
0x712aba52a0	p_glProgramUniform2uiv	D
0x712aba52a8	p_glProgramUniform3d	D
0x712aba52b0	p_glProgramUniform3dv	D
0x712aba52b8	p_glProgramUniform3f	D
0x712aba52c0	p_glProgramUniform3fv	D
0x712aba52c8	p_glProgramUniform3i	D
0x712aba52d0	p_glProgramUniform3iv	D
0x712aba52d8	p_glProgramUniform3ui	D
0x712aba52e0	p_glProgramUniform3uiv	D
0x712aba52e8	p_glProgramUniform4d	D
0x712aba52f0	p_glProgramUniform4dv	D
0x712aba52f8	p_glProgramUniform4f	D
0x712aba5300	p_glProgramUniform4fv	D
0x712aba5308	p_glProgramUniform4i	D
0x712aba5310	p_glProgramUniform4iv	D
0x712aba5318	p_glProgramUniform4ui	D
0x712aba5320	p_glProgramUniform4uiv	D
0x712aba5328	p_glProgramUniformMatrix2dv	D
0x712aba5330	p_glProgramUniformMatrix2fv	D
0x712aba5338	p_glProgramUniformMatrix2x3dv	D
0x712aba5340	p_glProgramUniformMatrix2x3fv	D
0x712aba5348	p_glProgramUniformMatrix2x4dv	D
0x712aba5350	p_glProgramUniformMatrix2x4fv	D
0x712aba5358	p_glProgramUniformMatrix3dv	D
0x712aba5360	p_glProgramUniformMatrix3fv	D
0x712aba5368	p_glProgramUniformMatrix3x2dv	D
0x712aba5370	p_glProgramUniformMatrix3x2fv	D
0x712aba5378	p_glProgramUniformMatrix3x4dv	D
0x712aba5380	p_glProgramUniformMatrix3x4fv	D
0x712aba5388	p_glProgramUniformMatrix4dv	D
0x712aba5390	p_glProgramUniformMatrix4fv	D
0x712aba5398	p_glProgramUniformMatrix4x2dv	D
0x712aba53a0	p_glProgramUniformMatrix4x2fv	D
0x712aba53a8	p_glProgramUniformMatrix4x3dv	D
0x712aba53b0	p_glProgramUniformMatrix4x3fv	D
0x712aba53b8	p_glUseProgramStages	D
0x712aba53c0	p_glValidateProgramPipeline	D
0x712aba53c8	p_glGetActiveAtomicCounterBufferiv	D
0x712aba53d0	p_glBindImageTexture	D
0x712aba53d8	p_glMemoryBarrier	D
0x712aba53e0	p_glAttachObjectARB	D
0x712aba53e8	p_glCompileShaderARB	D
0x712aba53f0	p_glCreateProgramObjectARB	D
0x712aba53f8	p_glCreateShaderObjectARB	D
0x712aba5400	p_glDeleteObjectARB	D
0x712aba5408	p_glDetachObjectARB	D
0x712aba5410	p_glGetActiveUniformARB	D
0x712aba5418	p_glGetAttachedObjectsARB	D
0x712aba5420	p_glGetHandleARB	D
0x712aba5428	p_glGetInfoLogARB	D
0x712aba5430	p_glGetObjectParameterfvARB	D
0x712aba5438	p_glGetObjectParameterivARB	D
0x712aba5440	p_glGetShaderSourceARB	D
0x712aba5448	p_glGetUniformLocationARB	D
0x712aba5450	p_glGetUniformfvARB	D
0x712aba5458	p_glGetUniformivARB	D
0x712aba5460	p_glLinkProgramARB	D
0x712aba5468	p_glShaderSourceARB	D
0x712aba5470	p_glUniform1fARB	D
0x712aba5478	p_glUniform1fvARB	D
0x712aba5480	p_glUniform1iARB	D
0x712aba5488	p_glUniform1ivARB	D
0x712aba5490	p_glUniform2fARB	D
0x712aba5498	p_glUniform2fvARB	D
0x712aba54a0	p_glUniform2iARB	D
0x712aba54a8	p_glUniform2ivARB	D
0x712aba54b0	p_glUniform3fARB	D
0x712aba54b8	p_glUniform3fvARB	D
0x712aba54c0	p_glUniform3iARB	D
0x712aba54c8	p_glUniform3ivARB	D
0x712aba54d0	p_glUniform4fARB	D
0x712aba54d8	p_glUniform4fvARB	D
0x712aba54e0	p_glUniform4iARB	D
0x712aba54e8	p_glUniform4ivARB	D
0x712aba54f0	p_glUniformMatrix2fvARB	D
0x712aba54f8	p_glUniformMatrix3fvARB	D
0x712aba5500	p_glUniformMatrix4fvARB	D
0x712aba5508	p_glUseProgramObjectARB	D
0x712aba5510	p_glValidateProgramARB	D
0x712aba5518	p_glShaderStorageBlockBinding	D
0x712aba5520	p_glGetActiveSubroutineName	D
0x712aba5528	p_glGetActiveSubroutineUniformName	D
0x712aba5530	p_glGetActiveSubroutineUniformiv	D
0x712aba5538	p_glGetProgramStageiv	D
0x712aba5540	p_glGetSubroutineIndex	D
0x712aba5548	p_glGetSubroutineUniformLocation	D
0x712aba5550	p_glGetUniformSubroutineuiv	D
0x712aba5558	p_glUniformSubroutinesuiv	D
0x712aba5560	p_glCompileShaderIncludeARB	D
0x712aba5568	p_glDeleteNamedStringARB	D
0x712aba5570	p_glGetNamedStringARB	D
0x712aba5578	p_glGetNamedStringivARB	D
0x712aba5580	p_glIsNamedStringARB	D
0x712aba5588	p_glNamedStringARB	D
0x712aba5590	p_glBufferPageCommitmentARB	D
0x712aba5598	p_glTexPageCommitmentARB	D
0x712aba55a0	p_glClientWaitSync	D
0x712aba55a8	p_glDeleteSync	D
0x712aba55b0	p_glFenceSync	D
0x712aba55b8	p_glGetInteger64v	D
0x712aba55c0	p_glGetSynciv	D
0x712aba55c8	p_glIsSync	D
0x712aba55d0	p_glWaitSync	D
0x712aba55d8	p_glPatchParameterfv	D
0x712aba55e0	p_glPatchParameteri	D
0x712aba55e8	p_glTextureBarrier	D
0x712aba55f0	p_glTexBufferARB	D
0x712aba55f8	p_glTexBufferRange	D
0x712aba5600	p_glTextureBufferRangeEXT	D
0x712aba5608	p_glCompressedTexImage1DARB	D
0x712aba5610	p_glCompressedTexImage2DARB	D
0x712aba5618	p_glCompressedTexImage3DARB	D
0x712aba5620	p_glCompressedTexSubImage1DARB	D
0x712aba5628	p_glCompressedTexSubImage2DARB	D
0x712aba5630	p_glCompressedTexSubImage3DARB	D
0x712aba5638	p_glGetCompressedTexImageARB	D
0x712aba5640	p_glGetMultisamplefv	D
0x712aba5648	p_glSampleMaski	D
0x712aba5650	p_glTexImage2DMultisample	D
0x712aba5658	p_glTexImage3DMultisample	D
0x712aba5660	p_glTexStorage1D	D
0x712aba5668	p_glTexStorage2D	D
0x712aba5670	p_glTexStorage3D	D
0x712aba5678	p_glTexStorage2DMultisample	D
0x712aba5680	p_glTexStorage3DMultisample	D
0x712aba5688	p_glTextureStorage2DMultisampleEXT	D
0x712aba5690	p_glTextureStorage3DMultisampleEXT	D
0x712aba5698	p_glTextureView	D
0x712aba56a0	p_glGetQueryObjecti64v	D
0x712aba56a8	p_glGetQueryObjectui64v	D
0x712aba56b0	p_glQueryCounter	D
0x712aba56b8	p_glBindTransformFeedback	D
0x712aba56c0	p_glDeleteTransformFeedbacks	D
0x712aba56c8	p_glDrawTransformFeedback	D
0x712aba56d0	p_glGenTransformFeedbacks	D
0x712aba56d8	p_glIsTransformFeedback	D
0x712aba56e0	p_glPauseTransformFeedback	D
0x712aba56e8	p_glResumeTransformFeedback	D
0x712aba56f0	p_glBeginQueryIndexed	D
0x712aba56f8	p_glDrawTransformFeedbackStream	D
0x712aba5700	p_glEndQueryIndexed	D
0x712aba5708	p_glGetQueryIndexediv	D
0x712aba5710	p_glDrawTransformFeedbackInstanced	D
0x712aba5718	p_glDrawTransformFeedbackStreamInstanced	D
0x712aba5720	p_glLoadTransposeMatrixdARB	D
0x712aba5728	p_glLoadTransposeMatrixfARB	D
0x712aba5730	p_glMultTransposeMatrixdARB	D
0x712aba5738	p_glMultTransposeMatrixfARB	D
0x712aba5740	p_glBindBufferBase	D
0x712aba5748	p_glBindBufferRange	D
0x712aba5750	p_glGetActiveUniformBlockName	D
0x712aba5758	p_glGetActiveUniformBlockiv	D
0x712aba5760	p_glGetActiveUniformName	D
0x712aba5768	p_glGetActiveUniformsiv	D
0x712aba5770	p_glGetIntegeri_v	D
0x712aba5778	p_glGetUniformBlockIndex	D
0x712aba5780	p_glGetUniformIndices	D
0x712aba5788	p_glUniformBlockBinding	D
0x712aba5790	p_glBindVertexArray	D
0x712aba5798	p_glDeleteVertexArrays	D
0x712aba57a0	p_glGenVertexArrays	D
0x712aba57a8	p_glIsVertexArray	D
0x712aba57b0	p_glGetVertexAttribLdv	D
0x712aba57b8	p_glVertexAttribL1d	D
0x712aba57c0	p_glVertexAttribL1dv	D
0x712aba57c8	p_glVertexAttribL2d	D
0x712aba57d0	p_glVertexAttribL2dv	D
0x712aba57d8	p_glVertexAttribL3d	D
0x712aba57e0	p_glVertexAttribL3dv	D
0x712aba57e8	p_glVertexAttribL4d	D
0x712aba57f0	p_glVertexAttribL4dv	D
0x712aba57f8	p_glVertexAttribLPointer	D
0x712aba5800	p_glBindVertexBuffer	D
0x712aba5808	p_glVertexArrayBindVertexBufferEXT	D
0x712aba5810	p_glVertexArrayVertexAttribBindingEXT	D
0x712aba5818	p_glVertexArrayVertexAttribFormatEXT	D
0x712aba5820	p_glVertexArrayVertexAttribIFormatEXT	D
0x712aba5828	p_glVertexArrayVertexAttribLFormatEXT	D
0x712aba5830	p_glVertexArrayVertexBindingDivisorEXT	D
0x712aba5838	p_glVertexAttribBinding	D
0x712aba5840	p_glVertexAttribFormat	D
0x712aba5848	p_glVertexAttribIFormat	D
0x712aba5850	p_glVertexAttribLFormat	D
0x712aba5858	p_glVertexBindingDivisor	D
0x712aba5860	p_glVertexBlendARB	D
0x712aba5868	p_glWeightPointerARB	D
0x712aba5870	p_glWeightbvARB	D
0x712aba5878	p_glWeightdvARB	D
0x712aba5880	p_glWeightfvARB	D
0x712aba5888	p_glWeightivARB	D
0x712aba5890	p_glWeightsvARB	D
0x712aba5898	p_glWeightubvARB	D
0x712aba58a0	p_glWeightuivARB	D
0x712aba58a8	p_glWeightusvARB	D
0x712aba58b0	p_glBindBufferARB	D
0x712aba58b8	p_glBufferDataARB	D
0x712aba58c0	p_glBufferSubDataARB	D
0x712aba58c8	p_glDeleteBuffersARB	D
0x712aba58d0	p_glGenBuffersARB	D
0x712aba58d8	p_glGetBufferParameterivARB	D
0x712aba58e0	p_glGetBufferPointervARB	D
0x712aba58e8	p_glGetBufferSubDataARB	D
0x712aba58f0	p_glIsBufferARB	D
0x712aba58f8	p_glMapBufferARB	D
0x712aba5900	p_glUnmapBufferARB	D
0x712aba5af8	p_glBindAttribLocationARB	D
0x712aba5b00	p_glGetActiveAttribARB	D
0x712aba5b08	p_glGetAttribLocationARB	D
0x712aba5b10	p_glColorP3ui	D
0x712aba5b18	p_glColorP3uiv	D
0x712aba5b20	p_glColorP4ui	D
0x712aba5b28	p_glColorP4uiv	D
0x712aba5b30	p_glMultiTexCoordP1ui	D
0x712aba5b38	p_glMultiTexCoordP1uiv	D
0x712aba5b40	p_glMultiTexCoordP2ui	D
0x712aba5b48	p_glMultiTexCoordP2uiv	D
0x712aba5b50	p_glMultiTexCoordP3ui	D
0x712aba5b58	p_glMultiTexCoordP3uiv	D
0x712aba5b60	p_glMultiTexCoordP4ui	D
0x712aba5b68	p_glMultiTexCoordP4uiv	D
0x712aba5b70	p_glNormalP3ui	D
0x712aba5b78	p_glNormalP3uiv	D
0x712aba5b80	p_glSecondaryColorP3ui	D
0x712aba5b88	p_glSecondaryColorP3uiv	D
0x712aba5b90	p_glTexCoordP1ui	D
0x712aba5b98	p_glTexCoordP1uiv	D
0x712aba5ba0	p_glTexCoordP2ui	D
0x712aba5ba8	p_glTexCoordP2uiv	D
0x712aba5bb0	p_glTexCoordP3ui	D
0x712aba5bb8	p_glTexCoordP3uiv	D
0x712aba5bc0	p_glTexCoordP4ui	D
0x712aba5bc8	p_glTexCoordP4uiv	D
0x712aba5bd0	p_glVertexAttribP1ui	D
0x712aba5bd8	p_glVertexAttribP1uiv	D
0x712aba5be0	p_glVertexAttribP2ui	D
0x712aba5be8	p_glVertexAttribP2uiv	D
0x712aba5bf0	p_glVertexAttribP3ui	D
0x712aba5bf8	p_glVertexAttribP3uiv	D
0x712aba5c00	p_glVertexAttribP4ui	D
0x712aba5c08	p_glVertexAttribP4uiv	D
0x712aba5c10	p_glVertexP2ui	D
0x712aba5c18	p_glVertexP2uiv	D
0x712aba5c20	p_glVertexP3ui	D
0x712aba5c28	p_glVertexP3uiv	D
0x712aba5c30	p_glVertexP4ui	D
0x712aba5c38	p_glVertexP4uiv	D
0x712aba5c40	p_glDepthRangeArrayv	D
0x712aba5c48	p_glDepthRangeIndexed	D
0x712aba5c50	p_glGetDoublei_v	D
0x712aba5c58	p_glGetFloati_v	D
0x712aba5c60	p_glScissorArrayv	D
0x712aba5c68	p_glScissorIndexed	D
0x712aba5c70	p_glScissorIndexedv	D
0x712aba5c78	p_glViewportArrayv	D
0x712aba5c80	p_glViewportIndexedf	D
0x712aba5c88	p_glViewportIndexedfv	D
0x712aba5c90	p_glWindowPos2dARB	D
0x712aba5c98	p_glWindowPos2dvARB	D
0x712aba5ca0	p_glWindowPos2fARB	D
0x712aba5ca8	p_glWindowPos2fvARB	D
0x712aba5cb0	p_glWindowPos2iARB	D
0x712aba5cb8	p_glWindowPos2ivARB	D
0x712aba5cc0	p_glWindowPos2sARB	D
0x712aba5cc8	p_glWindowPos2svARB	D
0x712aba5cd0	p_glWindowPos3dARB	D
0x712aba5cd8	p_glWindowPos3dvARB	D
0x712aba5ce0	p_glWindowPos3fARB	D
0x712aba5ce8	p_glWindowPos3fvARB	D
0x712aba5cf0	p_glWindowPos3iARB	D
0x712aba5cf8	p_glWindowPos3ivARB	D
0x712aba5d00	p_glWindowPos3sARB	D
0x712aba5d08	p_glWindowPos3svARB	D
0x712aba5d10	p_glDrawBuffersATI	D
0x712aba5d18	p_glDrawElementArrayATI	D
0x712aba5d20	p_glDrawRangeElementArrayATI	D
0x712aba5d28	p_glElementPointerATI	D
0x712aba5d30	p_glGetTexBumpParameterfvATI	D
0x712aba5d38	p_glGetTexBumpParameterivATI	D
0x712aba5d40	p_glTexBumpParameterfvATI	D
0x712aba5d48	p_glTexBumpParameterivATI	D
0x712aba5d50	p_glAlphaFragmentOp1ATI	D
0x712aba5d58	p_glAlphaFragmentOp2ATI	D
0x712aba5d60	p_glAlphaFragmentOp3ATI	D
0x712aba5d68	p_glBeginFragmentShaderATI	D
0x712aba5d70	p_glBindFragmentShaderATI	D
0x712aba5d78	p_glColorFragmentOp1ATI	D
0x712aba5d80	p_glColorFragmentOp2ATI	D
0x712aba5d88	p_glColorFragmentOp3ATI	D
0x712aba5d90	p_glDeleteFragmentShaderATI	D
0x712aba5d98	p_glEndFragmentShaderATI	D
0x712aba5da0	p_glGenFragmentShadersATI	D
0x712aba5da8	p_glPassTexCoordATI	D
0x712aba5db0	p_glSampleMapATI	D
0x712aba5db8	p_glSetFragmentShaderConstantATI	D
0x712aba5dc0	p_glMapObjectBufferATI	D
0x712aba5dc8	p_glUnmapObjectBufferATI	D
0x712aba5dd0	p_glPNTrianglesfATI	D
0x712aba5dd8	p_glPNTrianglesiATI	D
0x712aba5de0	p_glStencilFuncSeparateATI	D
0x712aba5de8	p_glStencilOpSeparateATI	D
0x712aba5df0	p_glArrayObjectATI	D
0x712aba5df8	p_glFreeObjectBufferATI	D
0x712aba5e00	p_glGetArrayObjectfvATI	D
0x712aba5e08	p_glGetArrayObjectivATI	D
0x712aba5e10	p_glGetObjectBufferfvATI	D
0x712aba5e18	p_glGetObjectBufferivATI	D
0x712aba5e20	p_glGetVariantArrayObjectfvATI	D
0x712aba5e28	p_glGetVariantArrayObjectivATI	D
0x712aba5e30	p_glIsObjectBufferATI	D
0x712aba5e38	p_glNewObjectBufferATI	D
0x712aba5e40	p_glUpdateObjectBufferATI	D
0x712aba5e48	p_glVariantArrayObjectATI	D
0x712aba5e50	p_glGetVertexAttribArrayObjectfvATI	D
0x712aba5e60	p_glVertexAttribArrayObjectATI	D
0x712aba5e68	p_glClientActiveVertexStreamATI	D
0x712aba5e70	p_glNormalStream3bATI	D
0x712aba5e78	p_glNormalStream3bvATI	D
0x712aba5e80	p_glNormalStream3dATI	D
0x712aba5e88	p_glNormalStream3dvATI	D
0x712aba5e90	p_glNormalStream3fATI	D
0x712aba5e98	p_glNormalStream3fvATI	D
0x712aba5ea0	p_glNormalStream3iATI	D
0x712aba5ea8	p_glNormalStream3ivATI	D
0x712aba5eb0	p_glNormalStream3sATI	D
0x712aba5eb8	p_glNormalStream3svATI	D
0x712aba5ec0	p_glVertexBlendEnvfATI	D
0x712aba5ec8	p_glVertexBlendEnviATI	D
0x712aba5ed0	p_glVertexStream1dATI	D
0x712aba5ed8	p_glVertexStream1dvATI	D
0x712aba5ee0	p_glVertexStream1fATI	D
0x712aba5ee8	p_glVertexStream1fvATI	D
0x712aba5ef0	p_glVertexStream1iATI	D
0x712aba5ef8	p_glVertexStream1ivATI	D
0x712aba5f00	p_glVertexStream1sATI	D
0x712aba5f08	p_glVertexStream1svATI	D
0x712aba5f10	p_glVertexStream2dATI	D
0x712aba5f18	p_glVertexStream2dvATI	D
0x712aba5f20	p_glVertexStream2fATI	D
0x712aba5f28	p_glVertexStream2fvATI	D
0x712aba5f30	p_glVertexStream2iATI	D
0x712aba5f38	p_glVertexStream2ivATI	D
0x712aba5f40	p_glVertexStream2sATI	D
0x712aba5f48	p_glVertexStream2svATI	D
0x712aba5f50	p_glVertexStream3dATI	D
0x712aba5f58	p_glVertexStream3dvATI	D
0x712aba5f60	p_glVertexStream3fATI	D
0x712aba5f68	p_glVertexStream3fvATI	D
0x712aba5f70	p_glVertexStream3iATI	D
0x712aba5f78	p_glVertexStream3ivATI	D
0x712aba5f80	p_glVertexStream3sATI	D
0x712aba5f88	p_glVertexStream3svATI	D
0x712aba5f90	p_glVertexStream4dATI	D
0x712aba5f98	p_glVertexStream4dvATI	D
0x712aba5fa0	p_glVertexStream4fATI	D
0x712aba5fa8	p_glVertexStream4fvATI	D
0x712aba5fb0	p_glVertexStream4iATI	D
0x712aba5fb8	p_glVertexStream4ivATI	D
0x712aba5fc0	p_glVertexStream4sATI	D
0x712aba5fc8	p_glVertexStream4svATI	D
0x712aba5fd0	p_glDrawArraysInstancedBaseInstanceEXT	D
0x712aba5fd8	p_glDrawElementsInstancedBaseInstanceEXT	D
0x712aba5fe0	p_glDrawElementsInstancedBaseVertexBaseInstanceEXT	D
0x712aba5fe8	p_glGetUniformBufferSizeEXT	D
0x712aba5ff0	p_glGetUniformOffsetEXT	D
0x712aba5ff8	p_glUniformBufferEXT	D
0x712aba6000	p_glBlendColorEXT	D
0x712aba6008	p_glBlendEquationSeparateEXT	D
0x712aba6010	p_glBindFragDataLocationIndexedEXT	D
0x712aba6018	p_glGetFragDataIndexEXT	D
0x712aba6020	p_glGetProgramResourceLocationIndexEXT	D
0x712aba6028	p_glBlendFuncSeparateEXT	D
0x712aba6030	p_glBlendEquationEXT	D
0x712aba6038	p_glBufferStorageEXT	D
0x712aba6040	p_glNamedBufferStorageEXT	D
0x712aba6048	p_glClearTexImageEXT	D
0x712aba6050	p_glClearTexSubImageEXT	D
0x712aba6058	p_glColorSubTableEXT	D
0x712aba6060	p_glCopyColorSubTableEXT	D
0x712aba6068	p_glLockArraysEXT	D
0x712aba6070	p_glUnlockArraysEXT	D
0x712aba6078	p_glConvolutionFilter1DEXT	D
0x712aba6080	p_glConvolutionFilter2DEXT	D
0x712aba6088	p_glConvolutionParameterfEXT	D
0x712aba6090	p_glConvolutionParameterfvEXT	D
0x712aba6098	p_glConvolutionParameteriEXT	D
0x712aba60a0	p_glConvolutionParameterivEXT	D
0x712aba60a8	p_glCopyConvolutionFilter1DEXT	D
0x712aba60b0	p_glCopyConvolutionFilter2DEXT	D
0x712aba60b8	p_glGetConvolutionFilterEXT	D
0x712aba60c0	p_glGetConvolutionParameterfvEXT	D
0x712aba60c8	p_glGetConvolutionParameterivEXT	D
0x712aba60d0	p_glGetSeparableFilterEXT	D
0x712aba60d8	p_glSeparableFilter2DEXT	D
0x712aba60e0	p_glBinormalPointerEXT	D
0x712aba60e8	p_glTangentPointerEXT	D
0x712aba60f0	p_glCopyImageSubDataEXT	D
0x712aba60f8	p_glCopyTexImage1DEXT	D
0x712aba6100	p_glCopyTexImage2DEXT	D
0x712aba6108	p_glCopyTexSubImage1DEXT	D
0x712aba6110	p_glCopyTexSubImage2DEXT	D
0x712aba6118	p_glCopyTexSubImage3DEXT	D
0x712aba6120	p_glCullParameterdvEXT	D
0x712aba6128	p_glCullParameterfvEXT	D
0x712aba6130	p_glGetObjectLabelEXT	D
0x712aba6138	p_glLabelObjectEXT	D
0x712aba6140	p_glInsertEventMarkerEXT	D
0x712aba6148	p_glPopGroupMarkerEXT	D
0x712aba6150	p_glPushGroupMarkerEXT	D
0x712aba6158	p_glDepthBoundsEXT	D
0x712aba6160	p_glBindMultiTextureEXT	D
0x712aba6168	p_glCheckNamedFramebufferStatusEXT	D
0x712aba6170	p_glClientAttribDefaultEXT	D
0x712aba6178	p_glCompressedMultiTexImage1DEXT	D
0x712aba6180	p_glCompressedMultiTexImage2DEXT	D
0x712aba6188	p_glCompressedMultiTexImage3DEXT	D
0x712aba6190	p_glCompressedMultiTexSubImage1DEXT	D
0x712aba6198	p_glCompressedMultiTexSubImage2DEXT	D
0x712aba61a0	p_glCompressedMultiTexSubImage3DEXT	D
0x712aba61a8	p_glCompressedTextureImage1DEXT	D
0x712aba61b0	p_glCompressedTextureImage2DEXT	D
0x712aba61b8	p_glCompressedTextureImage3DEXT	D
0x712aba61c0	p_glCompressedTextureSubImage1DEXT	D
0x712aba61c8	p_glCompressedTextureSubImage2DEXT	D
0x712aba61d0	p_glCompressedTextureSubImage3DEXT	D
0x712aba61d8	p_glCopyMultiTexImage1DEXT	D
0x712aba61e0	p_glCopyMultiTexImage2DEXT	D
0x712aba61e8	p_glCopyMultiTexSubImage1DEXT	D
0x712aba61f0	p_glCopyMultiTexSubImage2DEXT	D
0x712aba61f8	p_glCopyMultiTexSubImage3DEXT	D
0x712aba6200	p_glCopyTextureImage1DEXT	D
0x712aba6208	p_glCopyTextureImage2DEXT	D
0x712aba6210	p_glCopyTextureSubImage1DEXT	D
0x712aba6218	p_glCopyTextureSubImage2DEXT	D
0x712aba6220	p_glCopyTextureSubImage3DEXT	D
0x712aba6228	p_glDisableClientStateIndexedEXT	D
0x712aba6230	p_glDisableClientStateiEXT	D
0x712aba6238	p_glDisableVertexArrayAttribEXT	D
0x712aba6240	p_glDisableVertexArrayEXT	D
0x712aba6248	p_glEnableClientStateIndexedEXT	D
0x712aba6250	p_glEnableClientStateiEXT	D
0x712aba6258	p_glEnableVertexArrayAttribEXT	D
0x712aba6260	p_glEnableVertexArrayEXT	D
0x712aba6268	p_glFlushMappedNamedBufferRangeEXT	D
0x712aba6270	p_glFramebufferDrawBufferEXT	D
0x712aba6278	p_glFramebufferDrawBuffersEXT	D
0x712aba6280	p_glFramebufferReadBufferEXT	D
0x712aba6288	p_glGenerateMultiTexMipmapEXT	D
0x712aba6290	p_glGenerateTextureMipmapEXT	D
0x712aba6298	p_glGetCompressedMultiTexImageEXT	D
0x712aba62a0	p_glGetCompressedTextureImageEXT	D
0x712aba62a8	p_glGetDoubleIndexedvEXT	D
0x712aba62b0	p_glGetDoublei_vEXT	D
0x712aba62b8	p_glGetFloatIndexedvEXT	D
0x712aba62c0	p_glGetFloati_vEXT	D
0x712aba62c8	p_glGetFramebufferParameterivEXT	D
0x712aba62d0	p_glGetMultiTexEnvfvEXT	D
0x712aba62d8	p_glGetMultiTexEnvivEXT	D
0x712aba62e0	p_glGetMultiTexGendvEXT	D
0x712aba62e8	p_glGetMultiTexGenfvEXT	D
0x712aba62f0	p_glGetMultiTexGenivEXT	D
0x712aba62f8	p_glGetMultiTexImageEXT	D
0x712aba6300	p_glGetMultiTexLevelParameterfvEXT	D
0x712aba6308	p_glGetMultiTexLevelParameterivEXT	D
0x712aba6310	p_glGetMultiTexParameterIivEXT	D
0x712aba6318	p_glGetMultiTexParameterIuivEXT	D
0x712aba6320	p_glGetMultiTexParameterfvEXT	D
0x712aba6328	p_glGetMultiTexParameterivEXT	D
0x712aba6330	p_glGetNamedBufferParameterivEXT	D
0x712aba6338	p_glGetNamedBufferPointervEXT	D
0x712aba6340	p_glGetNamedBufferSubDataEXT	D
0x712aba6348	p_glGetNamedFramebufferAttachmentParameterivEXT	D
0x712aba6350	p_glGetNamedProgramLocalParameterIivEXT	D
0x712aba6358	p_glGetNamedProgramLocalParameterIuivEXT	D
0x712aba6360	p_glGetNamedProgramLocalParameterdvEXT	D
0x712aba6368	p_glGetNamedProgramLocalParameterfvEXT	D
0x712aba6370	p_glGetNamedProgramStringEXT	D
0x712aba6378	p_glGetNamedProgramivEXT	D
0x712aba6380	p_glGetNamedRenderbufferParameterivEXT	D
0x712aba6388	p_glGetPointerIndexedvEXT	D
0x712aba6390	p_glGetPointeri_vEXT	D
0x712aba6398	p_glGetTextureImageEXT	D
0x712aba63a0	p_glGetTextureLevelParameterfvEXT	D
0x712aba63a8	p_glGetTextureLevelParameterivEXT	D
0x712aba63b0	p_glGetTextureParameterIivEXT	D
0x712aba63b8	p_glGetTextureParameterIuivEXT	D
0x712aba63c0	p_glGetTextureParameterfvEXT	D
0x712aba63c8	p_glGetTextureParameterivEXT	D
0x712aba63d0	p_glGetVertexArrayIntegeri_vEXT	D
0x712aba63d8	p_glGetVertexArrayIntegervEXT	D
0x712aba63e0	p_glGetVertexArrayPointeri_vEXT	D
0x712aba63e8	p_glGetVertexArrayPointervEXT	D
0x712aba63f0	p_glMapNamedBufferEXT	D
0x712aba63f8	p_glMapNamedBufferRangeEXT	D
0x712aba6400	p_glMatrixFrustumEXT	D
0x712aba6408	p_glMatrixLoadIdentityEXT	D
0x712aba6410	p_glMatrixLoadTransposedEXT	D
0x712aba6418	p_glMatrixLoadTransposefEXT	D
0x712aba6420	p_glMatrixLoaddEXT	D
0x712aba6428	p_glMatrixLoadfEXT	D
0x712aba6430	p_glMatrixMultTransposedEXT	D
0x712aba6438	p_glMatrixMultTransposefEXT	D
0x712aba6440	p_glMatrixMultdEXT	D
0x712aba6448	p_glMatrixMultfEXT	D
0x712aba6450	p_glMatrixOrthoEXT	D
0x712aba6458	p_glMatrixPopEXT	D
0x712aba6460	p_glMatrixPushEXT	D
0x712aba6468	p_glMatrixRotatedEXT	D
0x712aba6470	p_glMatrixRotatefEXT	D
0x712aba6478	p_glMatrixScaledEXT	D
0x712aba6480	p_glMatrixScalefEXT	D
0x712aba6488	p_glMatrixTranslatedEXT	D
0x712aba6490	p_glMatrixTranslatefEXT	D
0x712aba6498	p_glMultiTexBufferEXT	D
0x712aba64a0	p_glMultiTexCoordPointerEXT	D
0x712aba64a8	p_glMultiTexEnvfEXT	D
0x712aba64b0	p_glMultiTexEnvfvEXT	D
0x712aba64b8	p_glMultiTexEnviEXT	D
0x712aba64c0	p_glMultiTexEnvivEXT	D
0x712aba64c8	p_glMultiTexGendEXT	D
0x712aba64d0	p_glMultiTexGendvEXT	D
0x712aba64d8	p_glMultiTexGenfEXT	D
0x712aba64e0	p_glMultiTexGenfvEXT	D
0x712aba64e8	p_glMultiTexGeniEXT	D
0x712aba64f0	p_glMultiTexGenivEXT	D
0x712aba64f8	p_glMultiTexImage1DEXT	D
0x712aba6500	p_glMultiTexImage2DEXT	D
0x712aba6508	p_glMultiTexImage3DEXT	D
0x712aba6510	p_glMultiTexParameterIivEXT	D
0x712aba6518	p_glMultiTexParameterIuivEXT	D
0x712aba6520	p_glMultiTexParameterfEXT	D
0x712aba6528	p_glMultiTexParameterfvEXT	D
0x712aba6530	p_glMultiTexParameteriEXT	D
0x712aba6538	p_glMultiTexParameterivEXT	D
0x712aba6540	p_glMultiTexRenderbufferEXT	D
0x712aba6548	p_glMultiTexSubImage1DEXT	D
0x712aba6550	p_glMultiTexSubImage2DEXT	D
0x712aba6558	p_glMultiTexSubImage3DEXT	D
0x712aba6560	p_glNamedBufferDataEXT	D
0x712aba6568	p_glNamedBufferSubDataEXT	D
0x712aba6570	p_glNamedCopyBufferSubDataEXT	D
0x712aba6578	p_glNamedFramebufferRenderbufferEXT	D
0x712aba6580	p_glNamedFramebufferTexture1DEXT	D
0x712aba6588	p_glNamedFramebufferTexture2DEXT	D
0x712aba6590	p_glNamedFramebufferTexture3DEXT	D
0x712aba6598	p_glNamedFramebufferTextureEXT	D
0x712aba65a0	p_glNamedFramebufferTextureFaceEXT	D
0x712aba65a8	p_glNamedFramebufferTextureLayerEXT	D
0x712aba65b0	p_glNamedProgramLocalParameter4dEXT	D
0x712aba65b8	p_glNamedProgramLocalParameter4dvEXT	D
0x712aba65c0	p_glNamedProgramLocalParameter4fEXT	D
0x712aba65c8	p_glNamedProgramLocalParameter4fvEXT	D
0x712aba65d0	p_glNamedProgramLocalParameterI4iEXT	D
0x712aba65d8	p_glNamedProgramLocalParameterI4ivEXT	D
0x712aba65e0	p_glNamedProgramLocalParameterI4uiEXT	D
0x712aba65e8	p_glNamedProgramLocalParameterI4uivEXT	D
0x712aba65f0	p_glNamedProgramLocalParameters4fvEXT	D
0x712aba65f8	p_glNamedProgramLocalParametersI4ivEXT	D
0x712aba6600	p_glNamedProgramLocalParametersI4uivEXT	D
0x712aba6608	p_glNamedProgramStringEXT	D
0x712aba6610	p_glNamedRenderbufferStorageEXT	D
0x712aba6618	p_glNamedRenderbufferStorageMultisampleCoverageEXT	D
0x712aba6620	p_glNamedRenderbufferStorageMultisampleEXT	D
0x712aba6628	p_glProgramUniform1fEXT	D
0x712aba6630	p_glProgramUniform1fvEXT	D
0x712aba6638	p_glProgramUniform1iEXT	D
0x712aba6640	p_glProgramUniform1ivEXT	D
0x712aba6648	p_glProgramUniform1uiEXT	D
0x712aba6650	p_glProgramUniform1uivEXT	D
0x712aba6658	p_glProgramUniform2fEXT	D
0x712aba6660	p_glProgramUniform2fvEXT	D
0x712aba6668	p_glProgramUniform2iEXT	D
0x712aba6670	p_glProgramUniform2ivEXT	D
0x712aba6678	p_glProgramUniform2uiEXT	D
0x712aba6680	p_glProgramUniform2uivEXT	D
0x712aba6688	p_glProgramUniform3fEXT	D
0x712aba6690	p_glProgramUniform3fvEXT	D
0x712aba6698	p_glProgramUniform3iEXT	D
0x712aba66a0	p_glProgramUniform3ivEXT	D
0x712aba66a8	p_glProgramUniform3uiEXT	D
0x712aba66b0	p_glProgramUniform3uivEXT	D
0x712aba66b8	p_glProgramUniform4fEXT	D
0x712aba66c0	p_glProgramUniform4fvEXT	D
0x712aba66c8	p_glProgramUniform4iEXT	D
0x712aba66d0	p_glProgramUniform4ivEXT	D
0x712aba66d8	p_glProgramUniform4uiEXT	D
0x712aba66e0	p_glProgramUniform4uivEXT	D
0x712aba66e8	p_glProgramUniformMatrix2fvEXT	D
0x712aba66f0	p_glProgramUniformMatrix2x3fvEXT	D
0x712aba66f8	p_glProgramUniformMatrix2x4fvEXT	D
0x712aba6700	p_glProgramUniformMatrix3fvEXT	D
0x712aba6708	p_glProgramUniformMatrix3x2fvEXT	D
0x712aba6710	p_glProgramUniformMatrix3x4fvEXT	D
0x712aba6718	p_glProgramUniformMatrix4fvEXT	D
0x712aba6720	p_glProgramUniformMatrix4x2fvEXT	D
0x712aba6728	p_glProgramUniformMatrix4x3fvEXT	D
0x712aba6730	p_glPushClientAttribDefaultEXT	D
0x712aba6738	p_glTextureBufferEXT	D
0x712aba6740	p_glTextureImage1DEXT	D
0x712aba6748	p_glTextureImage2DEXT	D
0x712aba6750	p_glTextureImage3DEXT	D
0x712aba6758	p_glTextureParameterIivEXT	D
0x712aba6760	p_glTextureParameterIuivEXT	D
0x712aba6768	p_glTextureParameterfEXT	D
0x712aba6770	p_glTextureParameterfvEXT	D
0x712aba6778	p_glTextureParameteriEXT	D
0x712aba6780	p_glTextureParameterivEXT	D
0x712aba6788	p_glTextureRenderbufferEXT	D
0x712aba6790	p_glTextureSubImage1DEXT	D
0x712aba6798	p_glTextureSubImage2DEXT	D
0x712aba67a0	p_glTextureSubImage3DEXT	D
0x712aba67a8	p_glUnmapNamedBufferEXT	D
0x712aba67b0	p_glVertexArrayColorOffsetEXT	D
0x712aba67b8	p_glVertexArrayEdgeFlagOffsetEXT	D
0x712aba67c0	p_glVertexArrayFogCoordOffsetEXT	D
0x712aba67c8	p_glVertexArrayIndexOffsetEXT	D
0x712aba67d0	p_glVertexArrayMultiTexCoordOffsetEXT	D
0x712aba67d8	p_glVertexArrayNormalOffsetEXT	D
0x712aba67e0	p_glVertexArraySecondaryColorOffsetEXT	D
0x712aba67e8	p_glVertexArrayTexCoordOffsetEXT	D
0x712aba67f0	p_glVertexArrayVertexAttribDivisorEXT	D
0x712aba67f8	p_glVertexArrayVertexAttribIOffsetEXT	D
0x712aba6800	p_glVertexArrayVertexAttribOffsetEXT	D
0x712aba6808	p_glVertexArrayVertexOffsetEXT	D
0x712aba6810	p_glDiscardFramebufferEXT	D
0x712aba6818	p_glDrawBuffersEXT	D
0x712aba6820	p_glColorMaskIndexedEXT	D
0x712aba6828	p_glDisableIndexedEXT	D
0x712aba6830	p_glEnableIndexedEXT	D
0x712aba6838	p_glGetBooleanIndexedvEXT	D
0x712aba6840	p_glGetIntegerIndexedvEXT	D
0x712aba6848	p_glIsEnabledIndexedEXT	D
0x712aba6850	p_glBlendEquationSeparateiEXT	D
0x712aba6858	p_glBlendEquationiEXT	D
0x712aba6860	p_glBlendFuncSeparateiEXT	D
0x712aba6868	p_glBlendFunciEXT	D
0x712aba6870	p_glColorMaskiEXT	D
0x712aba6878	p_glDisableiEXT	D
0x712aba6880	p_glEnableiEXT	D
0x712aba6888	p_glIsEnablediEXT	D
0x712aba6890	p_glDrawElementsBaseVertexEXT	D
0x712aba6898	p_glDrawElementsInstancedBaseVertexEXT	D
0x712aba68a0	p_glDrawRangeElementsBaseVertexEXT	D
0x712aba68a8	p_glMultiDrawElementsBaseVertexEXT	D
0x712aba68b0	p_glDrawArraysInstancedEXT	D
0x712aba68b8	p_glDrawElementsInstancedEXT	D
0x712aba68c0	p_glDrawRangeElementsEXT	D
0x712aba68c8	p_glBufferStorageExternalEXT	D
0x712aba68d0	p_glNamedBufferStorageExternalEXT	D
0x712aba68d8	p_glFogCoordPointerEXT	D
0x712aba68e0	p_glFogCoorddEXT	D
0x712aba68e8	p_glFogCoorddvEXT	D
0x712aba68f0	p_glFogCoordfEXT	D
0x712aba68f8	p_glFogCoordfvEXT	D
0x712aba6900	p_glFragmentColorMaterialEXT	D
0x712aba6908	p_glFragmentLightModelfEXT	D
0x712aba6910	p_glFragmentLightModelfvEXT	D
0x712aba6918	p_glFragmentLightModeliEXT	D
0x712aba6920	p_glFragmentLightModelivEXT	D
0x712aba6928	p_glFragmentLightfEXT	D
0x712aba6930	p_glFragmentLightfvEXT	D
0x712aba6938	p_glFragmentLightiEXT	D
0x712aba6940	p_glFragmentLightivEXT	D
0x712aba6948	p_glFragmentMaterialfEXT	D
0x712aba6950	p_glFragmentMaterialfvEXT	D
0x712aba6958	p_glFragmentMaterialiEXT	D
0x712aba6960	p_glFragmentMaterialivEXT	D
0x712aba6968	p_glGetFragmentLightfvEXT	D
0x712aba6970	p_glGetFragmentLightivEXT	D
0x712aba6978	p_glGetFragmentMaterialfvEXT	D
0x712aba6980	p_glGetFragmentMaterialivEXT	D
0x712aba6988	p_glLightEnviEXT	D
0x712aba6990	p_glBlitFramebufferEXT	D
0x712aba6998	p_glRenderbufferStorageMultisampleEXT	D
0x712aba69a0	p_glBindFramebufferEXT	D
0x712aba69a8	p_glBindRenderbufferEXT	D
0x712aba69b0	p_glCheckFramebufferStatusEXT	D
0x712aba69b8	p_glDeleteFramebuffersEXT	D
0x712aba69c0	p_glDeleteRenderbuffersEXT	D
0x712aba69c8	p_glFramebufferRenderbufferEXT	D
0x712aba69d0	p_glFramebufferTexture1DEXT	D
0x712aba69d8	p_glFramebufferTexture2DEXT	D
0x712aba69e0	p_glFramebufferTexture3DEXT	D
0x712aba69e8	p_glGenFramebuffersEXT	D
0x712aba69f0	p_glGenRenderbuffersEXT	D
0x712aba69f8	p_glGenerateMipmapEXT	D
0x712aba6a00	p_glGetFramebufferAttachmentParameterivEXT	D
0x712aba6a08	p_glGetRenderbufferParameterivEXT	D
0x712aba6a10	p_glIsFramebufferEXT	D
0x712aba6a18	p_glIsRenderbufferEXT	D
0x712aba6a20	p_glRenderbufferStorageEXT	D
0x712aba6a28	p_glFramebufferTextureEXT	D
0x712aba6a30	p_glFramebufferTextureFaceEXT	D
0x712aba6a38	p_glProgramParameteriEXT	D
0x712aba6a40	p_glProgramEnvParameters4fvEXT	D
0x712aba6a48	p_glProgramLocalParameters4fvEXT	D
0x712aba6a50	p_glBindFragDataLocationEXT	D
0x712aba6a58	p_glGetFragDataLocationEXT	D
0x712aba6a60	p_glGetUniformuivEXT	D
0x712aba6a68	p_glGetVertexAttribIivEXT	D
0x712aba6a70	p_glGetVertexAttribIuivEXT	D
0x712aba6a78	p_glUniform1uiEXT	D
0x712aba6a80	p_glUniform1uivEXT	D
0x712aba6a88	p_glUniform2uiEXT	D
0x712aba6a90	p_glUniform2uivEXT	D
0x712aba6a98	p_glUniform3uiEXT	D
0x712aba6aa0	p_glUniform3uivEXT	D
0x712aba6aa8	p_glUniform4uiEXT	D
0x712aba6ab0	p_glUniform4uivEXT	D
0x712aba6ab8	p_glVertexAttribI1iEXT	D
0x712aba6ac0	p_glVertexAttribI1ivEXT	D
0x712aba6ac8	p_glVertexAttribI1uiEXT	D
0x712aba6ad0	p_glVertexAttribI1uivEXT	D
0x712aba6ad8	p_glVertexAttribI2iEXT	D
0x712aba6ae0	p_glVertexAttribI2ivEXT	D
0x712aba6ae8	p_glVertexAttribI2uiEXT	D
0x712aba6af0	p_glVertexAttribI2uivEXT	D
0x712aba6af8	p_glVertexAttribI3iEXT	D
0x712aba6b00	p_glVertexAttribI3ivEXT	D
0x712aba6b08	p_glVertexAttribI3uiEXT	D
0x712aba6b10	p_glVertexAttribI3uivEXT	D
0x712aba6b18	p_glVertexAttribI4bvEXT	D
0x712aba6b20	p_glVertexAttribI4iEXT	D
0x712aba6b28	p_glVertexAttribI4ivEXT	D
0x712aba6b30	p_glVertexAttribI4svEXT	D
0x712aba6b38	p_glVertexAttribI4ubvEXT	D
0x712aba6b40	p_glVertexAttribI4uiEXT	D
0x712aba6b48	p_glVertexAttribI4uivEXT	D
0x712aba6b50	p_glVertexAttribI4usvEXT	D
0x712aba6b58	p_glVertexAttribIPointerEXT	D
0x712aba6b60	p_glGetHistogramEXT	D
0x712aba6b68	p_glGetHistogramParameterfvEXT	D
0x712aba6b70	p_glGetHistogramParameterivEXT	D
0x712aba6b78	p_glGetMinmaxEXT	D
0x712aba6b80	p_glGetMinmaxParameterfvEXT	D
0x712aba6b88	p_glGetMinmaxParameterivEXT	D
0x712aba6b90	p_glHistogramEXT	D
0x712aba6b98	p_glMinmaxEXT	D
0x712aba6ba0	p_glResetHistogramEXT	D
0x712aba6ba8	p_glResetMinmaxEXT	D
0x712aba6bb0	p_glIndexFuncEXT	D
0x712aba6bb8	p_glIndexMaterialEXT	D
0x712aba6bc0	p_glVertexAttribDivisorEXT	D
0x712aba6bc8	p_glApplyTextureEXT	D
0x712aba6bd0	p_glTextureLightEXT	D
0x712aba6bd8	p_glTextureMaterialEXT	D
0x712aba6be0	p_glFlushMappedBufferRangeEXT	D
0x712aba6be8	p_glMapBufferRangeEXT	D
0x712aba6bf0	p_glBufferStorageMemEXT	D
0x712aba6bf8	p_glCreateMemoryObjectsEXT	D
0x712aba6c00	p_glDeleteMemoryObjectsEXT	D
0x712aba6c08	p_glGetMemoryObjectParameterivEXT	D
0x712aba6c10	p_glGetUnsignedBytei_vEXT	D
0x712aba6c18	p_glGetUnsignedBytevEXT	D
0x712aba6c20	p_glIsMemoryObjectEXT	D
0x712aba6c28	p_glMemoryObjectParameterivEXT	D
0x712aba6c30	p_glNamedBufferStorageMemEXT	D
0x712aba6c38	p_glTexStorageMem1DEXT	D
0x712aba6c40	p_glTexStorageMem2DEXT	D
0x712aba6c48	p_glTexStorageMem2DMultisampleEXT	D
0x712aba6c50	p_glTexStorageMem3DEXT	D
0x712aba6c58	p_glTexStorageMem3DMultisampleEXT	D
0x712aba6c60	p_glTextureStorageMem1DEXT	D
0x712aba6c68	p_glTextureStorageMem2DEXT	D
0x712aba6c70	p_glTextureStorageMem2DMultisampleEXT	D
0x712aba6c78	p_glTextureStorageMem3DEXT	D
0x712aba6c80	p_glTextureStorageMem3DMultisampleEXT	D
0x712aba6c88	p_glImportMemoryFdEXT	D
0x712aba6c90	p_glImportMemoryWin32HandleEXT	D
0x712aba6c98	p_glImportMemoryWin32NameEXT	D
0x712aba6ca0	p_glMultiDrawArraysEXT	D
0x712aba6ca8	p_glMultiDrawElementsEXT	D
0x712aba6cb0	p_glMultiDrawArraysIndirectEXT	D
0x712aba6cb8	p_glMultiDrawElementsIndirectEXT	D
0x712aba6cc0	p_glSampleMaskEXT	D
0x712aba6cc8	p_glSamplePatternEXT	D
0x712aba6cd0	p_glFramebufferTexture2DMultisampleEXT	D
0x712aba6cd8	p_glDrawBuffersIndexedEXT	D
0x712aba6ce0	p_glGetIntegeri_vEXT	D
0x712aba6ce8	p_glReadBufferIndexedEXT	D
0x712aba6cf0	p_glColorTableEXT	D
0x712aba6cf8	p_glGetColorTableEXT	D
0x712aba6d00	p_glGetColorTableParameterfvEXT	D
0x712aba6d08	p_glGetColorTableParameterivEXT	D
0x712aba6d10	p_glGetPixelTransformParameterfvEXT	D
0x712aba6d18	p_glGetPixelTransformParameterivEXT	D
0x712aba6d20	p_glPixelTransformParameterfEXT	D
0x712aba6d28	p_glPixelTransformParameterfvEXT	D
0x712aba6d30	p_glPixelTransformParameteriEXT	D
0x712aba6d38	p_glPixelTransformParameterivEXT	D
0x712aba6d40	p_glPointParameterfEXT	D
0x712aba6d48	p_glPointParameterfvEXT	D
0x712aba6d50	p_glPolygonOffsetEXT	D
0x712aba6d58	p_glPolygonOffsetClampEXT	D
0x712aba6d60	p_glProvokingVertexEXT	D
0x712aba6d68	p_glCoverageModulationNV	D
0x712aba6d70	p_glCoverageModulationTableNV	D
0x712aba6d78	p_glGetCoverageModulationTableNV	D
0x712aba6d80	p_glRasterSamplesEXT	D
0x712aba6d88	p_glBeginSceneEXT	D
0x712aba6d90	p_glEndSceneEXT	D
0x712aba6d98	p_glSecondaryColor3bEXT	D
0x712aba6da0	p_glSecondaryColor3bvEXT	D
0x712aba6da8	p_glSecondaryColor3dEXT	D
0x712aba6db0	p_glSecondaryColor3dvEXT	D
0x712aba6db8	p_glSecondaryColor3fEXT	D
0x712aba6dc0	p_glSecondaryColor3fvEXT	D
0x712aba6dc8	p_glSecondaryColor3iEXT	D
0x712aba6dd0	p_glSecondaryColor3ivEXT	D
0x712aba6dd8	p_glSecondaryColor3sEXT	D
0x712aba6de0	p_glSecondaryColor3svEXT	D
0x712aba6de8	p_glSecondaryColor3ubEXT	D
0x712aba6df0	p_glSecondaryColor3ubvEXT	D
0x712aba6df8	p_glSecondaryColor3uiEXT	D
0x712aba6e00	p_glSecondaryColor3uivEXT	D
0x712aba6e08	p_glSecondaryColor3usEXT	D
0x712aba6e10	p_glSecondaryColor3usvEXT	D
0x712aba6e18	p_glSecondaryColorPointerEXT	D
0x712aba6e20	p_glDeleteSemaphoresEXT	D
0x712aba6e28	p_glGenSemaphoresEXT	D
0x712aba6e30	p_glGetSemaphoreParameterui64vEXT	D
0x712aba6e38	p_glIsSemaphoreEXT	D
0x712aba6e40	p_glSemaphoreParameterui64vEXT	D
0x712aba6e48	p_glSignalSemaphoreEXT	D
0x712aba6e50	p_glWaitSemaphoreEXT	D
0x712aba6e58	p_glImportSemaphoreFdEXT	D
0x712aba6e60	p_glImportSemaphoreWin32HandleEXT	D
0x712aba6e68	p_glImportSemaphoreWin32NameEXT	D
0x712aba6e70	p_glActiveProgramEXT	D
0x712aba6e78	p_glCreateShaderProgramEXT	D
0x712aba6e80	p_glUseShaderProgramEXT	D
0x712aba6e88	p_glBindImageTextureEXT	D
0x712aba6e90	p_glMemoryBarrierEXT	D
0x712aba6e98	p_glClearPixelLocalStorageuiEXT	D
0x712aba6ea0	p_glFramebufferPixelLocalStorageSizeEXT	D
0x712aba6ea8	p_glGetFramebufferPixelLocalStorageSizeEXT	D
0x712aba6eb0	p_glTexPageCommitmentEXT	D
0x712aba6eb8	p_glTexturePageCommitmentEXT	D
0x712aba6ec0	p_glActiveStencilFaceEXT	D
0x712aba6ec8	p_glTexSubImage1DEXT	D
0x712aba6ed0	p_glTexSubImage2DEXT	D
0x712aba6ed8	p_glTexSubImage3DEXT	D
0x712aba6ee0	p_glTexImage3DEXT	D
0x712aba6ee8	p_glFramebufferTextureLayerEXT	D
0x712aba6ef0	p_glTexBufferEXT	D
0x712aba6ef8	p_glClearColorIiEXT	D
0x712aba6f00	p_glClearColorIuiEXT	D
0x712aba6f08	p_glGetTexParameterIivEXT	D
0x712aba6f10	p_glGetTexParameterIuivEXT	D
0x712aba6f18	p_glTexParameterIivEXT	D
0x712aba6f20	p_glTexParameterIuivEXT	D
0x712aba6f28	p_glAreTexturesResidentEXT	D
0x712aba6f30	p_glBindTextureEXT	D
0x712aba6f38	p_glDeleteTexturesEXT	D
0x712aba6f40	p_glGenTexturesEXT	D
0x712aba6f48	p_glIsTextureEXT	D
0x712aba6f50	p_glPrioritizeTexturesEXT	D
0x712aba6f58	p_glTextureNormalEXT	D
0x712aba6f60	p_glTexStorage1DEXT	D
0x712aba6f68	p_glTexStorage2DEXT	D
0x712aba6f70	p_glTexStorage3DEXT	D
0x712aba6f78	p_glTextureStorage1DEXT	D
0x712aba6f80	p_glTextureStorage2DEXT	D
0x712aba6f88	p_glTextureStorage3DEXT	D
0x712aba6f90	p_glTextureViewEXT	D
0x712aba6f98	p_glGetQueryObjecti64vEXT	D
0x712aba6fa0	p_glGetQueryObjectui64vEXT	D
0x712aba6fa8	p_glBeginTransformFeedbackEXT	D
0x712aba6fb0	p_glBindBufferBaseEXT	D
0x712aba6fb8	p_glBindBufferOffsetEXT	D
0x712aba6fc0	p_glBindBufferRangeEXT	D
0x712aba6fc8	p_glEndTransformFeedbackEXT	D
0x712aba6fd0	p_glGetTransformFeedbackVaryingEXT	D
0x712aba6fd8	p_glTransformFeedbackVaryingsEXT	D
0x712aba6fe0	p_glArrayElementEXT	D
0x712aba6fe8	p_glColorPointerEXT	D
0x712aba6ff0	p_glDrawArraysEXT	D
0x712aba6ff8	p_glEdgeFlagPointerEXT	D
0x712aba7000	p_glIndexPointerEXT	D
0x712aba7008	p_glNormalPointerEXT	D
0x712aba7010	p_glTexCoordPointerEXT	D
0x712aba7018	p_glVertexPointerEXT	D
0x712aba7020	p_glBindArraySetEXT	D
0x712aba7028	p_glCreateArraySetExt	D
0x712aba7030	p_glDeleteArraySetsEXT	D
0x712aba7038	p_glGetVertexAttribLdvEXT	D
0x712aba7040	p_glVertexArrayVertexAttribLOffsetEXT	D
0x712aba7048	p_glVertexAttribL1dEXT	D
0x712aba7050	p_glVertexAttribL1dvEXT	D
0x712aba7058	p_glVertexAttribL2dEXT	D
0x712aba7060	p_glVertexAttribL2dvEXT	D
0x712aba7068	p_glVertexAttribL3dEXT	D
0x712aba7070	p_glVertexAttribL3dvEXT	D
0x712aba7078	p_glVertexAttribL4dEXT	D
0x712aba7080	p_glVertexAttribL4dvEXT	D
0x712aba7088	p_glVertexAttribLPointerEXT	D
0x712aba7090	p_glBeginVertexShaderEXT	D
0x712aba7098	p_glBindLightParameterEXT	D
0x712aba70a0	p_glBindMaterialParameterEXT	D
0x712aba70a8	p_glBindParameterEXT	D
0x712aba70b0	p_glBindTexGenParameterEXT	D
0x712aba70b8	p_glBindTextureUnitParameterEXT	D
0x712aba70c0	p_glBindVertexShaderEXT	D
0x712aba70c8	p_glDeleteVertexShaderEXT	D
0x712aba70d0	p_glDisableVariantClientStateEXT	D
0x712aba70d8	p_glEnableVariantClientStateEXT	D
0x712aba70e0	p_glEndVertexShaderEXT	D
0x712aba70e8	p_glExtractComponentEXT	D
0x712aba70f0	p_glGenSymbolsEXT	D
0x712aba70f8	p_glGenVertexShadersEXT	D
0x712aba7100	p_glGetInvariantBooleanvEXT	D
0x712aba7108	p_glGetInvariantFloatvEXT	D
0x712aba7110	p_glGetInvariantIntegervEXT	D
0x712aba7118	p_glGetLocalConstantBooleanvEXT	D
0x712aba7120	p_glGetLocalConstantFloatvEXT	D
0x712aba7128	p_glGetLocalConstantIntegervEXT	D
0x712aba7130	p_glGetVariantBooleanvEXT	D
0x712aba7138	p_glGetVariantFloatvEXT	D
0x712aba7140	p_glGetVariantIntegervEXT	D
0x712aba7148	p_glGetVariantPointervEXT	D
0x712aba7150	p_glInsertComponentEXT	D
0x712aba7158	p_glIsVariantEnabledEXT	D
0x712aba7160	p_glSetInvariantEXT	D
0x712aba7168	p_glSetLocalConstantEXT	D
0x712aba7170	p_glShaderOp1EXT	D
0x712aba7178	p_glShaderOp2EXT	D
0x712aba7180	p_glShaderOp3EXT	D
0x712aba7188	p_glSwizzleEXT	D
0x712aba7190	p_glVariantPointerEXT	D
0x712aba7198	p_glVariantbvEXT	D
0x712aba71a0	p_glVariantdvEXT	D
0x712aba71a8	p_glVariantfvEXT	D
0x712aba71b0	p_glVariantivEXT	D
0x712aba71b8	p_glVariantsvEXT	D
0x712aba71c0	p_glVariantubvEXT	D
0x712aba71c8	p_glVariantuivEXT	D
0x712aba71d0	p_glVariantusvEXT	D
0x712aba71d8	p_glWriteMaskEXT	D
0x712aba71e0	p_glVertexWeightPointerEXT	D
0x712aba71e8	p_glVertexWeightfEXT	D
0x712aba71f0	p_glVertexWeightfvEXT	D
0x712aba71f8	p_glAcquireKeyedMutexWin32EXT	D
0x712aba7200	p_glReleaseKeyedMutexWin32EXT	D
0x712aba7208	p_glWindowRectanglesEXT	D
0x712aba7210	p_glImportSyncEXT	D
0x712aba7218	p_glFrameTerminatorGREMEDY	D
0x712aba7220	p_glStringMarkerGREMEDY	D
0x712aba7228	p_glGetImageTransformParameterfvHP	D
0x712aba7230	p_glGetImageTransformParameterivHP	D
0x712aba7238	p_glImageTransformParameterfHP	D
0x712aba7240	p_glImageTransformParameterfvHP	D
0x712aba7248	p_glImageTransformParameteriHP	D
0x712aba7250	p_glImageTransformParameterivHP	D
0x712aba7258	p_glMultiModeDrawArraysIBM	D
0x712aba7260	p_glMultiModeDrawElementsIBM	D
0x712aba7268	p_glColorPointerListIBM	D
0x712aba7270	p_glEdgeFlagPointerListIBM	D
0x712aba7278	p_glFogCoordPointerListIBM	D
0x712aba7280	p_glIndexPointerListIBM	D
0x712aba7288	p_glNormalPointerListIBM	D
0x712aba7290	p_glSecondaryColorPointerListIBM	D
0x712aba7298	p_glTexCoordPointerListIBM	D
0x712aba72a0	p_glVertexPointerListIBM	D
0x712aba72a8	p_glMapTexture2DINTEL	D
0x712aba72b0	p_glSyncTextureINTEL	D
0x712aba72b8	p_glUnmapTexture2DINTEL	D
0x712aba72c0	p_glColorPointervINTEL	D
0x712aba72c8	p_glNormalPointervINTEL	D
0x712aba72d0	p_glTexCoordPointervINTEL	D
0x712aba72d8	p_glVertexPointervINTEL	D
0x712aba72e0	p_glBeginPerfQueryINTEL	D
0x712aba72e8	p_glCreatePerfQueryINTEL	D
0x712aba72f0	p_glDeletePerfQueryINTEL	D
0x712aba72f8	p_glEndPerfQueryINTEL	D
0x712aba7300	p_glGetFirstPerfQueryIdINTEL	D
0x712aba7308	p_glGetNextPerfQueryIdINTEL	D
0x712aba7310	p_glGetPerfCounterInfoINTEL	D
0x712aba7318	p_glGetPerfQueryDataINTEL	D
0x712aba7320	p_glGetPerfQueryIdByNameINTEL	D
0x712aba7328	p_glGetPerfQueryInfoINTEL	D
0x712aba7330	p_glTexScissorFuncINTEL	D
0x712aba7338	p_glTexScissorINTEL	D
0x712aba7340	p_glBlendBarrierKHR	D
0x712aba7348	p_glDebugMessageCallback	D
0x712aba7350	p_glDebugMessageControl	D
0x712aba7358	p_glDebugMessageInsert	D
0x712aba7360	p_glGetDebugMessageLog	D
0x712aba7368	p_glGetObjectLabel	D
0x712aba7370	p_glGetObjectPtrLabel	D
0x712aba7378	p_glObjectLabel	D
0x712aba7380	p_glObjectPtrLabel	D
0x712aba7388	p_glPopDebugGroup	D
0x712aba7390	p_glPushDebugGroup	D
0x712aba7398	p_glMaxShaderCompilerThreadsKHR	D
0x712aba73a0	p_glGetnUniformfv	D
0x712aba73a8	p_glGetnUniformiv	D
0x712aba73b0	p_glGetnUniformuiv	D
0x712aba73b8	p_glReadnPixels	D
0x712aba73c0	p_glBufferRegionEnabled	D
0x712aba73c8	p_glDeleteBufferRegion	D
0x712aba73d0	p_glDrawBufferRegion	D
0x712aba73d8	p_glNewBufferRegion	D
0x712aba73e0	p_glReadBufferRegion	D
0x712aba73e8	p_glResizeBuffersMESA	D
0x712aba73f0	p_glWindowPos2dMESA	D
0x712aba73f8	p_glWindowPos2dvMESA	D
0x712aba7400	p_glWindowPos2fMESA	D
0x712aba7408	p_glWindowPos2fvMESA	D
0x712aba7410	p_glWindowPos2iMESA	D
0x712aba7418	p_glWindowPos2ivMESA	D
0x712aba7420	p_glWindowPos2sMESA	D
0x712aba7428	p_glWindowPos2svMESA	D
0x712aba7430	p_glWindowPos3dMESA	D
0x712aba7438	p_glWindowPos3dvMESA	D
0x712aba7440	p_glWindowPos3fMESA	D
0x712aba7448	p_glWindowPos3fvMESA	D
0x712aba7450	p_glWindowPos3iMESA	D
0x712aba7458	p_glWindowPos3ivMESA	D
0x712aba7460	p_glWindowPos3sMESA	D
0x712aba7468	p_glWindowPos3svMESA	D
0x712aba7470	p_glWindowPos4dMESA	D
0x712aba7478	p_glWindowPos4dvMESA	D
0x712aba7480	p_glWindowPos4fMESA	D
0x712aba7488	p_glWindowPos4fvMESA	D
0x712aba7490	p_glWindowPos4iMESA	D
0x712aba7498	p_glWindowPos4ivMESA	D
0x712aba74a0	p_glWindowPos4sMESA	D
0x712aba74a8	p_glWindowPos4svMESA	D
0x712aba74b0	p_glBeginConditionalRenderNVX	D
0x712aba74b8	p_glEndConditionalRenderNVX	D
0x712aba74c0	p_glLGPUCopyImageSubDataNVX	D
0x712aba74c8	p_glLGPUInterlockNVX	D
0x712aba74d0	p_glLGPUNamedBufferSubDataNVX	D
0x712aba74d8	p_glStereoParameterfNV	D
0x712aba74e0	p_glStereoParameteriNV	D
0x712aba74e8	p_glMultiDrawArraysIndirectBindlessNV	D
0x712aba74f0	p_glMultiDrawElementsIndirectBindlessNV	D
0x712aba74f8	p_glMultiDrawArraysIndirectBindlessCountNV	D
0x712aba7500	p_glMultiDrawElementsIndirectBindlessCountNV	D
0x712aba7508	p_glGetImageHandleNV	D
0x712aba7510	p_glGetTextureHandleNV	D
0x712aba7518	p_glGetTextureSamplerHandleNV	D
0x712aba7520	p_glIsImageHandleResidentNV	D
0x712aba7528	p_glIsTextureHandleResidentNV	D
0x712aba7530	p_glMakeImageHandleNonResidentNV	D
0x712aba7538	p_glMakeImageHandleResidentNV	D
0x712aba7540	p_glMakeTextureHandleNonResidentNV	D
0x712aba7548	p_glMakeTextureHandleResidentNV	D
0x712aba7550	p_glProgramUniformHandleui64NV	D
0x712aba7558	p_glProgramUniformHandleui64vNV	D
0x712aba7560	p_glUniformHandleui64NV	D
0x712aba7568	p_glUniformHandleui64vNV	D
0x712aba7570	p_glBlendBarrierNV	D
0x712aba7578	p_glBlendParameteriNV	D
0x712aba7580	p_glViewportPositionWScaleNV	D
0x712aba7588	p_glCallCommandListNV	D
0x712aba7590	p_glCommandListSegmentsNV	D
0x712aba7598	p_glCompileCommandListNV	D
0x712aba75a0	p_glCreateCommandListsNV	D
0x712aba75a8	p_glCreateStatesNV	D
0x712aba75b0	p_glDeleteCommandListsNV	D
0x712aba75b8	p_glDeleteStatesNV	D
0x712aba75c0	p_glDrawCommandsAddressNV	D
0x712aba75c8	p_glDrawCommandsNV	D
0x712aba75d0	p_glDrawCommandsStatesAddressNV	D
0x712aba75d8	p_glDrawCommandsStatesNV	D
0x712aba75e0	p_glGetCommandHeaderNV	D
0x712aba75e8	p_glGetStageIndexNV	D
0x712aba75f0	p_glIsCommandListNV	D
0x712aba75f8	p_glIsStateNV	D
0x712aba7600	p_glListDrawCommandsStatesClientNV	D
0x712aba7608	p_glStateCaptureNV	D
0x712aba7610	p_glBeginConditionalRenderNV	D
0x712aba7618	p_glEndConditionalRenderNV	D
0x712aba7620	p_glSubpixelPrecisionBiasNV	D
0x712aba7628	p_glConservativeRasterParameterfNV	D
0x712aba7630	p_glConservativeRasterParameteriNV	D
0x712aba7638	p_glCopyBufferSubDataNV	D
0x712aba7640	p_glCopyImageSubDataNV	D
0x712aba7648	p_glClearDepthdNV	D
0x712aba7650	p_glDepthBoundsdNV	D
0x712aba7658	p_glDepthRangedNV	D
0x712aba7660	p_glDrawBuffersNV	D
0x712aba7668	p_glDrawArraysInstancedNV	D
0x712aba7670	p_glDrawElementsInstancedNV	D
0x712aba7678	p_glDrawTextureNV	D
0x712aba7680	p_glDrawVkImageNV	D
0x712aba7688	p_glGetVkProcAddrNV	D
0x712aba7690	p_glSignalVkFenceNV	D
0x712aba7698	p_glSignalVkSemaphoreNV	D
0x712aba76a0	p_glWaitVkSemaphoreNV	D
0x712aba76a8	p_glEvalMapsNV	D
0x712aba76b0	p_glGetMapAttribParameterfvNV	D
0x712aba76b8	p_glGetMapAttribParameterivNV	D
0x712aba76c0	p_glGetMapControlPointsNV	D
0x712aba76c8	p_glGetMapParameterfvNV	D
0x712aba76d0	p_glGetMapParameterivNV	D
0x712aba76d8	p_glMapControlPointsNV	D
0x712aba76e0	p_glMapParameterfvNV	D
0x712aba76e8	p_glMapParameterivNV	D
0x712aba76f0	p_glGetMultisamplefvNV	D
0x712aba76f8	p_glSampleMaskIndexedNV	D
0x712aba7700	p_glTexRenderbufferNV	D
0x712aba7708	p_glDeleteFencesNV	D
0x712aba7710	p_glFinishFenceNV	D
0x712aba7718	p_glGenFencesNV	D
0x712aba7720	p_glGetFenceivNV	D
0x712aba7728	p_glIsFenceNV	D
0x712aba7730	p_glSetFenceNV	D
0x712aba7738	p_glTestFenceNV	D
0x712aba7740	p_glFragmentCoverageColorNV	D
0x712aba7748	p_glGetProgramNamedParameterdvNV	D
0x712aba7750	p_glGetProgramNamedParameterfvNV	D
0x712aba7758	p_glProgramNamedParameter4dNV	D
0x712aba7760	p_glProgramNamedParameter4dvNV	D
0x712aba7768	p_glProgramNamedParameter4fNV	D
0x712aba7770	p_glProgramNamedParameter4fvNV	D
0x712aba7778	p_glBlitFramebufferNV	D
0x712aba7780	p_glRenderbufferStorageMultisampleNV	D
0x712aba7788	p_glRenderbufferStorageMultisampleCoverageNV	D
0x712aba7790	p_glProgramVertexLimitNV	D
0x712aba7798	p_glMulticastBarrierNV	D
0x712aba77a0	p_glMulticastBlitFramebufferNV	D
0x712aba77a8	p_glMulticastBufferSubDataNV	D
0x712aba77b0	p_glMulticastCopyBufferSubDataNV	D
0x712aba77b8	p_glMulticastCopyImageSubDataNV	D
0x712aba77c0	p_glMulticastFramebufferSampleLocationsfvNV	D
0x712aba77c8	p_glMulticastGetQueryObjecti64vNV	D
0x712aba77d0	p_glMulticastGetQueryObjectivNV	D
0x712aba77d8	p_glMulticastGetQueryObjectui64vNV	D
0x712aba77e0	p_glMulticastGetQueryObjectuivNV	D
0x712aba77e8	p_glMulticastWaitSyncNV	D
0x712aba77f0	p_glRenderGpuMaskNV	D
0x712aba77f8	p_glProgramEnvParameterI4iNV	D
0x712aba7800	p_glProgramEnvParameterI4ivNV	D
0x712aba7808	p_glProgramEnvParameterI4uiNV	D
0x712aba7810	p_glProgramEnvParameterI4uivNV	D
0x712aba7818	p_glProgramEnvParametersI4ivNV	D
0x712aba7820	p_glProgramEnvParametersI4uivNV	D
0x712aba7828	p_glProgramLocalParameterI4iNV	D
0x712aba7830	p_glProgramLocalParameterI4ivNV	D
0x712aba7838	p_glProgramLocalParameterI4uiNV	D
0x712aba7840	p_glProgramLocalParameterI4uivNV	D
0x712aba7848	p_glProgramLocalParametersI4ivNV	D
0x712aba7850	p_glProgramLocalParametersI4uivNV	D
0x712aba7858	p_glGetUniformi64vNV	D
0x712aba7860	p_glGetUniformui64vNV	D
0x712aba7868	p_glProgramUniform1i64NV	D
0x712aba7870	p_glProgramUniform1i64vNV	D
0x712aba7878	p_glProgramUniform1ui64NV	D
0x712aba7880	p_glProgramUniform1ui64vNV	D
0x712aba7888	p_glProgramUniform2i64NV	D
0x712aba7890	p_glProgramUniform2i64vNV	D
0x712aba7898	p_glProgramUniform2ui64NV	D
0x712aba78a0	p_glProgramUniform2ui64vNV	D
0x712aba78a8	p_glProgramUniform3i64NV	D
0x712aba78b0	p_glProgramUniform3i64vNV	D
0x712aba78b8	p_glProgramUniform3ui64NV	D
0x712aba78c0	p_glProgramUniform3ui64vNV	D
0x712aba78c8	p_glProgramUniform4i64NV	D
0x712aba78d0	p_glProgramUniform4i64vNV	D
0x712aba78d8	p_glProgramUniform4ui64NV	D
0x712aba78e0	p_glProgramUniform4ui64vNV	D
0x712aba78e8	p_glUniform1i64NV	D
0x712aba78f0	p_glUniform1i64vNV	D
0x712aba78f8	p_glUniform1ui64NV	D
0x712aba7900	p_glUniform1ui64vNV	D
0x712aba7908	p_glUniform2i64NV	D
0x712aba7910	p_glUniform2i64vNV	D
0x712aba7918	p_glUniform2ui64NV	D
0x712aba7920	p_glUniform2ui64vNV	D
0x712aba7928	p_glUniform3i64NV	D
0x712aba7930	p_glUniform3i64vNV	D
0x712aba7938	p_glUniform3ui64NV	D
0x712aba7940	p_glUniform3ui64vNV	D
0x712aba7948	p_glUniform4i64NV	D
0x712aba7950	p_glUniform4i64vNV	D
0x712aba7958	p_glUniform4ui64NV	D
0x712aba7960	p_glUniform4ui64vNV	D
0x712aba7968	p_glColor3hNV	D
0x712aba7970	p_glColor3hvNV	D
0x712aba7978	p_glColor4hNV	D
0x712aba7980	p_glColor4hvNV	D
0x712aba7988	p_glFogCoordhNV	D
0x712aba7990	p_glFogCoordhvNV	D
0x712aba7998	p_glMultiTexCoord1hNV	D
0x712aba79a0	p_glMultiTexCoord1hvNV	D
0x712aba79a8	p_glMultiTexCoord2hNV	D
0x712aba79b0	p_glMultiTexCoord2hvNV	D
0x712aba79b8	p_glMultiTexCoord3hNV	D
0x712aba79c0	p_glMultiTexCoord3hvNV	D
0x712aba79c8	p_glMultiTexCoord4hNV	D
0x712aba79d0	p_glMultiTexCoord4hvNV	D
0x712aba79d8	p_glNormal3hNV	D
0x712aba79e0	p_glNormal3hvNV	D
0x712aba79e8	p_glSecondaryColor3hNV	D
0x712aba79f0	p_glSecondaryColor3hvNV	D
0x712aba79f8	p_glTexCoord1hNV	D
0x712aba7a00	p_glTexCoord1hvNV	D
0x712aba7a08	p_glTexCoord2hNV	D
0x712aba7a10	p_glTexCoord2hvNV	D
0x712aba7a20	p_glTexCoord3hvNV	D
0x712aba7a28	p_glTexCoord4hNV	D
0x712aba7a30	p_glTexCoord4hvNV	D
0x712aba7a38	p_glVertex2hNV	D
0x712aba7a40	p_glVertex2hvNV	D
0x712aba7a48	p_glVertex3hNV	D
0x712aba7a50	p_glVertex3hvNV	D
0x712aba7a58	p_glVertex4hNV	D
0x712aba7a60	p_glVertex4hvNV	D
0x712aba7a68	p_glVertexAttrib1hNV	D
0x712aba7a70	p_glVertexAttrib1hvNV	D
0x712aba7a78	p_glVertexAttrib2hNV	D
0x712aba7a80	p_glVertexAttrib2hvNV	D
0x712aba7a88	p_glVertexAttrib3hNV	D
0x712aba7a90	p_glVertexAttrib3hvNV	D
0x712aba7a98	p_glVertexAttrib4hNV	D
0x712aba7aa0	p_glVertexAttrib4hvNV	D
0x712aba7aa8	p_glVertexAttribs1hvNV	D
0x712aba7ab0	p_glVertexAttribs2hvNV	D
0x712aba7ab8	p_glVertexAttribs3hvNV	D
0x712aba7ac0	p_glVertexAttribs4hvNV	D
0x712aba7ac8	p_glVertexWeighthNV	D
0x712aba7ad0	p_glVertexWeighthvNV	D
0x712aba7ad8	p_glVertexAttribDivisorNV	D
0x712aba7ae0	p_glGetInternalformatSampleivNV	D
0x712aba7ae8	p_glUniformMatrix2x3fvNV	D
0x712aba7af0	p_glUniformMatrix2x4fvNV	D
0x712aba7af8	p_glUniformMatrix3x2fvNV	D
0x712aba7b00	p_glUniformMatrix3x4fvNV	D
0x712aba7b08	p_glUniformMatrix4x2fvNV	D
0x712aba7b10	p_glUniformMatrix4x3fvNV	D
0x712aba7b18	p_glBeginOcclusionQueryNV	D
0x712aba7b20	p_glDeleteOcclusionQueriesNV	D
0x712aba7b28	p_glEndOcclusionQueryNV	D
0x712aba7b30	p_glGenOcclusionQueriesNV	D
0x712aba7b38	p_glGetOcclusionQueryivNV	D
0x712aba7b40	p_glGetOcclusionQueryuivNV	D
0x712aba7b48	p_glIsOcclusionQueryNV	D
0x712aba7b50	p_glProgramBufferParametersIivNV	D
0x712aba7b58	p_glProgramBufferParametersIuivNV	D
0x712aba7b60	p_glProgramBufferParametersfvNV	D
0x712aba7b68	p_glCopyPathNV	D
0x712aba7b70	p_glCoverFillPathInstancedNV	D
0x712aba7b78	p_glCoverFillPathNV	D
0x712aba7b80	p_glCoverStrokePathInstancedNV	D
0x712aba7b88	p_glCoverStrokePathNV	D
0x712aba7b90	p_glDeletePathsNV	D
0x712aba7b98	p_glGenPathsNV	D
0x712aba7ba0	p_glGetPathColorGenfvNV	D
0x712aba7ba8	p_glGetPathColorGenivNV	D
0x712aba7bb0	p_glGetPathCommandsNV	D
0x712aba7bb8	p_glGetPathCoordsNV	D
0x712aba7bc0	p_glGetPathDashArrayNV	D
0x712aba7bc8	p_glGetPathLengthNV	D
0x712aba7bd0	p_glGetPathMetricRangeNV	D
0x712aba7bd8	p_glGetPathMetricsNV	D
0x712aba7be0	p_glGetPathParameterfvNV	D
0x712aba7be8	p_glGetPathParameterivNV	D
0x712aba7bf0	p_glGetPathSpacingNV	D
0x712aba7bf8	p_glGetPathTexGenfvNV	D
0x712aba7c00	p_glGetPathTexGenivNV	D
0x712aba7c08	p_glGetProgramResourcefvNV	D
0x712aba7c10	p_glInterpolatePathsNV	D
0x712aba7c18	p_glIsPathNV	D
0x712aba7c20	p_glIsPointInFillPathNV	D
0x712aba7c28	p_glIsPointInStrokePathNV	D
0x712aba7c30	p_glMatrixLoad3x2fNV	D
0x712aba7c38	p_glMatrixLoad3x3fNV	D
0x712aba7c40	p_glMatrixLoadTranspose3x3fNV	D
0x712aba7c48	p_glMatrixMult3x2fNV	D
0x712aba7c50	p_glMatrixMult3x3fNV	D
0x712aba7c58	p_glMatrixMultTranspose3x3fNV	D
0x712aba7c60	p_glPathColorGenNV	D
0x712aba7c68	p_glPathCommandsNV	D
0x712aba7c70	p_glPathCoordsNV	D
0x712aba7c78	p_glPathCoverDepthFuncNV	D
0x712aba7c80	p_glPathDashArrayNV	D
0x712aba7c88	p_glPathFogGenNV	D
0x712aba7c90	p_glPathGlyphIndexArrayNV	D
0x712aba7c98	p_glPathGlyphIndexRangeNV	D
0x712aba7ca0	p_glPathGlyphRangeNV	D
0x712aba7ca8	p_glPathGlyphsNV	D
0x712aba7cb0	p_glPathMemoryGlyphIndexArrayNV	D
0x712aba7cb8	p_glPathParameterfNV	D
0x712aba7cc0	p_glPathParameterfvNV	D
0x712aba7cc8	p_glPathParameteriNV	D
0x712aba7cd0	p_glPathParameterivNV	D
0x712aba7cd8	p_glPathStencilDepthOffsetNV	D
0x712aba7ce0	p_glPathStencilFuncNV	D
0x712aba7ce8	p_glPathStringNV	D
0x712aba7cf0	p_glPathSubCommandsNV	D
0x712aba7cf8	p_glPathSubCoordsNV	D
0x712aba7d00	p_glPathTexGenNV	D
0x712aba7d08	p_glPointAlongPathNV	D
0x712aba7d10	p_glProgramPathFragmentInputGenNV	D
0x712aba7d18	p_glStencilFillPathInstancedNV	D
0x712aba7d20	p_glStencilFillPathNV	D
0x712aba7d28	p_glStencilStrokePathInstancedNV	D
0x712aba7d30	p_glStencilStrokePathNV	D
0x712aba7d38	p_glStencilThenCoverFillPathInstancedNV	D
0x712aba7d40	p_glStencilThenCoverFillPathNV	D
0x712aba7d48	p_glStencilThenCoverStrokePathInstancedNV	D
0x712aba7d50	p_glStencilThenCoverStrokePathNV	D
0x712aba7d58	p_glTransformPathNV	D
0x712aba7d60	p_glWeightPathsNV	D
0x712aba7d68	p_glFlushPixelDataRangeNV	D
0x712aba7d70	p_glPixelDataRangeNV	D
0x712aba7d78	p_glPointParameteriNV	D
0x712aba7d80	p_glPointParameterivNV	D
0x712aba7d88	p_glPolygonModeNV	D
0x712aba7d90	p_glGetVideoi64vNV	D
0x712aba7d98	p_glGetVideoivNV	D
0x712aba7da0	p_glGetVideoui64vNV	D
0x712aba7da8	p_glGetVideouivNV	D
0x712aba7db0	p_glPresentFrameDualFillNV	D
0x712aba7db8	p_glPresentFrameKeyedNV	D
0x712aba7dc0	p_glPrimitiveRestartIndexNV	D
0x712aba7dc8	p_glPrimitiveRestartNV	D
0x712aba7dd0	p_glCombinerInputNV	D
0x712aba7dd8	p_glCombinerOutputNV	D
0x712aba7de0	p_glCombinerParameterfNV	D
0x712aba7de8	p_glCombinerParameterfvNV	D
0x712aba7df0	p_glCombinerParameteriNV	D
0x712aba7df8	p_glCombinerParameterivNV	D
0x712aba7e00	p_glFinalCombinerInputNV	D
0x712aba7e08	p_glGetCombinerInputParameterfvNV	D
0x712aba7e10	p_glGetCombinerInputParameterivNV	D
0x712aba7e18	p_glGetCombinerOutputParameterfvNV	D
0x712aba7e20	p_glGetCombinerOutputParameterivNV	D
0x712aba7e28	p_glGetFinalCombinerInputParameterfvNV	D
0x712aba7e30	p_glGetFinalCombinerInputParameterivNV	D
0x712aba7e38	p_glCombinerStageParameterfvNV	D
0x712aba7e40	p_glGetCombinerStageParameterfvNV	D
0x712aba7e48	p_glFramebufferSampleLocationsfvNV	D
0x712aba7e50	p_glNamedFramebufferSampleLocationsfvNV	D
0x712aba7e58	p_glGetBufferParameterui64vNV	D
0x712aba7e60	p_glGetIntegerui64vNV	D
0x712aba7e68	p_glGetNamedBufferParameterui64vNV	D
0x712aba7e70	p_glIsBufferResidentNV	D
0x712aba7e78	p_glIsNamedBufferResidentNV	D
0x712aba7e80	p_glMakeBufferNonResidentNV	D
0x712aba7e88	p_glMakeBufferResidentNV	D
0x712aba7e90	p_glMakeNamedBufferNonResidentNV	D
0x712aba7e98	p_glMakeNamedBufferResidentNV	D
0x712aba7ea0	p_glProgramUniformui64NV	D
0x712aba7ea8	p_glProgramUniformui64vNV	D
0x712aba7eb0	p_glUniformui64NV	D
0x712aba7eb8	p_glUniformui64vNV	D
0x712aba7ec0	p_glCompressedTexImage3DNV	D
0x712aba7ec8	p_glCompressedTexSubImage3DNV	D
0x712aba7ed0	p_glCopyTexSubImage3DNV	D
0x712aba7ed8	p_glFramebufferTextureLayerNV	D
0x712aba7ee0	p_glTexImage3DNV	D
0x712aba7ee8	p_glTexSubImage3DNV	D
0x712aba7ef0	p_glTextureBarrierNV	D
0x712aba7ef8	p_glTexImage2DMultisampleCoverageNV	D
0x712aba7f00	p_glTexImage3DMultisampleCoverageNV	D
0x712aba7f08	p_glTextureImage2DMultisampleCoverageNV	D
0x712aba7f10	p_glTextureImage2DMultisampleNV	D
0x712aba7f18	p_glTextureImage3DMultisampleCoverageNV	D
0x712aba7f20	p_glTextureImage3DMultisampleNV	D
0x712aba7f28	p_glActiveVaryingNV	D
0x712aba7f30	p_glBeginTransformFeedbackNV	D
0x712aba7f38	p_glBindBufferBaseNV	D
0x712aba7f40	p_glBindBufferOffsetNV	D
0x712aba7f48	p_glBindBufferRangeNV	D
0x712aba7f50	p_glEndTransformFeedbackNV	D
0x712aba7f58	p_glGetActiveVaryingNV	D
0x712aba7f60	p_glGetTransformFeedbackVaryingNV	D
0x712aba7f68	p_glGetVaryingLocationNV	D
0x712aba7f70	p_glTransformFeedbackAttribsNV	D
0x712aba7f78	p_glTransformFeedbackVaryingsNV	D
0x712aba7f80	p_glBindTransformFeedbackNV	D
0x712aba7f88	p_glDeleteTransformFeedbacksNV	D
0x712aba7f90	p_glDrawTransformFeedbackNV	D
0x712aba7f98	p_glGenTransformFeedbacksNV	D
0x712aba7fa0	p_glIsTransformFeedbackNV	D
0x712aba7fa8	p_glPauseTransformFeedbackNV	D
0x712aba7fb0	p_glResumeTransformFeedbackNV	D
0x712aba7fb8	p_glVDPAUFiniNV	D
0x712aba7fc0	p_glVDPAUGetSurfaceivNV	D
0x712aba7fc8	p_glVDPAUInitNV	D
0x712aba7fd0	p_glVDPAUIsSurfaceNV	D
0x712aba7fd8	p_glVDPAUMapSurfacesNV	D
0x712aba7fe0	p_glVDPAURegisterOutputSurfaceNV	D
0x712aba7fe8	p_glVDPAURegisterVideoSurfaceNV	D
0x712aba7ff0	p_glVDPAUSurfaceAccessNV	D
0x712aba7ff8	p_glVDPAUUnmapSurfacesNV	D
0x712aba8000	p_glVDPAUUnregisterSurfaceNV	D
0x712aba8008	p_glFlushVertexArrayRangeNV	D
0x712aba8010	p_glVertexArrayRangeNV	D
0x712aba8018	p_glGetVertexAttribLi64vNV	D
0x712aba8020	p_glGetVertexAttribLui64vNV	D
0x712aba8028	p_glVertexAttribL1i64NV	D
0x712aba8030	p_glVertexAttribL1i64vNV	D
0x712aba8038	p_glVertexAttribL1ui64NV	D
0x712aba8040	p_glVertexAttribL1ui64vNV	D
0x712aba8048	p_glVertexAttribL2i64NV	D
0x712aba8050	p_glVertexAttribL2i64vNV	D
0x712aba8058	p_glVertexAttribL2ui64NV	D
0x712aba8060	p_glVertexAttribL2ui64vNV	D
0x712aba8068	p_glVertexAttribL3i64NV	D
0x712aba8070	p_glVertexAttribL3i64vNV	D
0x712aba8078	p_glVertexAttribL3ui64NV	D
0x712aba8080	p_glVertexAttribL3ui64vNV	D
0x712aba8088	p_glVertexAttribL4i64NV	D
0x712aba8090	p_glVertexAttribL4i64vNV	D
0x712aba8098	p_glVertexAttribL4ui64NV	D
0x712aba80a0	p_glVertexAttribL4ui64vNV	D
0x712aba80a8	p_glVertexAttribLFormatNV	D
0x712aba80b0	p_glBufferAddressRangeNV	D
0x712aba80b8	p_glColorFormatNV	D
0x712aba80c0	p_glEdgeFlagFormatNV	D
0x712aba80c8	p_glFogCoordFormatNV	D
0x712aba80d0	p_glGetIntegerui64i_vNV	D
0x712aba80d8	p_glIndexFormatNV	D
0x712aba80e0	p_glNormalFormatNV	D
0x712aba80e8	p_glSecondaryColorFormatNV	D
0x712aba80f0	p_glTexCoordFormatNV	D
0x712aba80f8	p_glVertexAttribFormatNV	D
0x712aba8100	p_glVertexAttribIFormatNV	D
0x712aba8108	p_glVertexFormatNV	D
0x712aba8110	p_glAreProgramsResidentNV	D
0x712aba8118	p_glBindProgramNV	D
0x712aba8120	p_glDeleteProgramsNV	D
0x712aba8128	p_glExecuteProgramNV	D
0x712aba8130	p_glGenProgramsNV	D
0x712aba8138	p_glGetProgramParameterdvNV	D
0x712aba8140	p_glGetProgramParameterfvNV	D
0x712aba8148	p_glGetProgramStringNV	D
0x712aba8150	p_glGetProgramivNV	D
0x712aba8158	p_glGetTrackMatrixivNV	D
0x712aba8160	p_glGetVertexAttribPointervNV	D
0x712aba8168	p_glGetVertexAttribdvNV	D
0x712aba8170	p_glGetVertexAttribfvNV	D
0x712aba8178	p_glGetVertexAttribivNV	D
0x712aba8180	p_glIsProgramNV	D
0x712aba8188	p_glLoadProgramNV	D
0x712aba8190	p_glProgramParameter4dNV	D
0x712aba8198	p_glProgramParameter4dvNV	D
0x712aba81a0	p_glProgramParameter4fNV	D
0x712aba81a8	p_glProgramParameter4fvNV	D
0x712aba81b0	p_glProgramParameters4dvNV	D
0x712aba81b8	p_glProgramParameters4fvNV	D
0x712aba81c0	p_glRequestResidentProgramsNV	D
0x712aba81c8	p_glTrackMatrixNV	D
0x712aba81d0	p_glVertexAttrib1dNV	D
0x712aba81d8	p_glVertexAttrib1dvNV	D
0x712aba81e0	p_glVertexAttrib1fNV	D
0x712aba81e8	p_glVertexAttrib1fvNV	D
0x712aba81f0	p_glVertexAttrib1sNV	D
0x712aba81f8	p_glVertexAttrib1svNV	D
0x712aba8200	p_glVertexAttrib2dNV	D
0x712aba8208	p_glVertexAttrib2dvNV	D
0x712aba8210	p_glVertexAttrib2fNV	D
0x712aba8218	p_glVertexAttrib2fvNV	D
0x712aba8220	p_glVertexAttrib2sNV	D
0x712aba8228	p_glVertexAttrib2svNV	D
0x712aba8230	p_glVertexAttrib3dNV	D
0x712aba8238	p_glVertexAttrib3dvNV	D
0x712aba8240	p_glVertexAttrib3fNV	D
0x712aba8248	p_glVertexAttrib3fvNV	D
0x712aba8250	p_glVertexAttrib3sNV	D
0x712aba8258	p_glVertexAttrib3svNV	D
0x712aba8260	p_glVertexAttrib4dNV	D
0x712aba8268	p_glVertexAttrib4dvNV	D
0x712aba8270	p_glVertexAttrib4fNV	D
0x712aba8278	p_glVertexAttrib4fvNV	D
0x712aba8280	p_glVertexAttrib4sNV	D
0x712aba8288	p_glVertexAttrib4svNV	D
0x712aba8290	p_glVertexAttrib4ubNV	D
0x712aba8298	p_glVertexAttrib4ubvNV	D
0x712aba82a0	p_glVertexAttribPointerNV	D
0x712aba82a8	p_glVertexAttribs1dvNV	D
0x712aba82b0	p_glVertexAttribs1fvNV	D
0x712aba82b8	p_glVertexAttribs1svNV	D
0x712aba82c0	p_glVertexAttribs2dvNV	D
0x712aba82c8	p_glVertexAttribs2fvNV	D
0x712aba82d0	p_glVertexAttribs2svNV	D
0x712aba82d8	p_glVertexAttribs3dvNV	D
0x712aba82e0	p_glVertexAttribs3fvNV	D
0x712aba82e8	p_glVertexAttribs3svNV	D
0x712aba82f0	p_glVertexAttribs4dvNV	D
0x712aba82f8	p_glVertexAttribs4fvNV	D
0x712aba8300	p_glVertexAttribs4svNV	D
0x712aba8308	p_glVertexAttribs4ubvNV	D
0x712aba8310	p_glBeginVideoCaptureNV	D
0x712aba8318	p_glBindVideoCaptureStreamBufferNV	D
0x712aba8320	p_glBindVideoCaptureStreamTextureNV	D
0x712aba8328	p_glEndVideoCaptureNV	D
0x712aba8330	p_glGetVideoCaptureStreamdvNV	D
0x712aba8338	p_glGetVideoCaptureStreamfvNV	D
0x712aba8340	p_glGetVideoCaptureStreamivNV	D
0x712aba8348	p_glGetVideoCaptureivNV	D
0x712aba8350	p_glVideoCaptureNV	D
0x712aba8358	p_glVideoCaptureStreamParameterdvNV	D
0x712aba8360	p_glVideoCaptureStreamParameterfvNV	D
0x712aba8368	p_glVideoCaptureStreamParameterivNV	D
0x712aba8370	p_glDepthRangeArrayfvNV	D
0x712aba8378	p_glDepthRangeIndexedfNV	D
0x712aba8380	p_glDisableiNV	D
0x712aba8388	p_glEnableiNV	D
0x712aba8390	p_glGetFloati_vNV	D
0x712aba8398	p_glIsEnablediNV	D
0x712aba83a0	p_glScissorArrayvNV	D
0x712aba83a8	p_glScissorIndexedNV	D
0x712aba83b0	p_glScissorIndexedvNV	D
0x712aba83b8	p_glViewportArrayvNV	D
0x712aba83c0	p_glViewportIndexedfNV	D
0x712aba83c8	p_glViewportIndexedfvNV	D
0x712aba83d0	p_glViewportSwizzleNV	D
0x712aba83d8	p_glFramebufferTextureMultiviewOVR	D
0x712aba83e0	p_glFramebufferTextureMultisampleMultiviewOVR	D
0x712aba83e8	p_glAlphaFuncQCOM	D
0x712aba83f0	p_glDisableDriverControlQCOM	D
0x712aba83f8	p_glEnableDriverControlQCOM	D
0x712aba8400	p_glGetDriverControlStringQCOM	D
0x712aba8408	p_glGetDriverControlsQCOM	D
0x712aba8410	p_glExtGetBufferPointervQCOM	D
0x712aba8418	p_glExtGetBuffersQCOM	D
0x712aba8420	p_glExtGetFramebuffersQCOM	D
0x712aba8428	p_glExtGetRenderbuffersQCOM	D
0x712aba8430	p_glExtGetTexLevelParameterivQCOM	D
0x712aba8438	p_glExtGetTexSubImageQCOM	D
0x712aba8440	p_glExtGetTexturesQCOM	D
0x712aba8448	p_glExtTexObjectStateOverrideiQCOM	D
0x712aba8450	p_glExtGetProgramBinarySourceQCOM	D
0x712aba8458	p_glExtGetProgramsQCOM	D
0x712aba8460	p_glExtGetShadersQCOM	D
0x712aba8468	p_glExtIsProgramBinaryQCOM	D
0x712aba8470	p_glFramebufferFoveationConfigQCOM	D
0x712aba8478	p_glFramebufferFoveationParametersQCOM	D
0x712aba8480	p_glFramebufferFetchBarrierQCOM	D
0x712aba8488	p_glEndTilingQCOM	D
0x712aba8490	p_glStartTilingQCOM	D
0x712aba8498	p_glAlphaFuncx	D
0x712aba84a0	p_glClearColorx	D
0x712aba84a8	p_glClearDepthx	D
0x712aba84b0	p_glColor4x	D
0x712aba84b8	p_glDepthRangex	D
0x712aba84c0	p_glFogx	D
0x712aba84c8	p_glFogxv	D
0x712aba84d0	p_glFrustumf	D
0x712aba84d8	p_glFrustumx	D
0x712aba84e0	p_glLightModelx	D
0x712aba84e8	p_glLightModelxv	D
0x712aba84f0	p_glLightx	D
0x712aba84f8	p_glLightxv	D
0x712aba8500	p_glLineWidthx	D
0x712aba8508	p_glLoadMatrixx	D
0x712aba8510	p_glMaterialx	D
0x712aba8518	p_glMaterialxv	D
0x712aba8520	p_glMultMatrixx	D
0x712aba8528	p_glMultiTexCoord4x	D
0x712aba8530	p_glNormal3x	D
0x712aba8538	p_glOrthof	D
0x712aba8540	p_glOrthox	D
0x712aba8548	p_glPointSizex	D
0x712aba8550	p_glPolygonOffsetx	D
0x712aba8558	p_glRotatex	D
0x712aba8560	p_glSampleCoveragex	D
0x712aba8568	p_glScalex	D
0x712aba8570	p_glTexEnvx	D
0x712aba8578	p_glTexEnvxv	D
0x712aba8580	p_glTexParameterx	D
0x712aba8588	p_glTranslatex	D
0x712aba8590	p_glClipPlanef	D
0x712aba8598	p_glClipPlanex	D
0x712aba85a0	p_glGetClipPlanef	D
0x712aba85a8	p_glGetClipPlanex	D
0x712aba85b0	p_glGetFixedv	D
0x712aba85b8	p_glGetLightxv	D
0x712aba85c0	p_glGetMaterialxv	D
0x712aba85c8	p_glGetTexEnvxv	D
0x712aba85d0	p_glGetTexParameterxv	D
0x712aba85d8	p_glPointParameterx	D
0x712aba85e0	p_glPointParameterxv	D
0x712aba85e8	p_glPointSizePointerOES	D
0x712aba85f0	p_glTexParameterxv	D
0x712aba85f8	p_glErrorStringREGAL	D
0x712aba8600	p_glGetExtensionREGAL	D
0x712aba8608	p_glIsSupportedREGAL	D
0x712aba8610	p_glLogMessageCallbackREGAL	D
0x712aba8618	p_glGetProcAddressREGAL	D
0x712aba8620	p_glDetailTexFuncSGIS	D
0x712aba8628	p_glGetDetailTexFuncSGIS	D
0x712aba8630	p_glFogFuncSGIS	D
0x712aba8638	p_glGetFogFuncSGIS	D
0x712aba8640	p_glSampleMaskSGIS	D
0x712aba8648	p_glSamplePatternSGIS	D
0x712aba8650	p_glInterleavedTextureCoordSetsSGIS	D
0x712aba8658	p_glSelectTextureCoordSetSGIS	D
0x712aba8660	p_glSelectTextureSGIS	D
0x712aba8668	p_glSelectTextureTransformSGIS	D
0x712aba8670	p_glMultisampleSubRectPosSGIS	D
0x712aba8678	p_glGetSharpenTexFuncSGIS	D
0x712aba8680	p_glSharpenTexFuncSGIS	D
0x712aba8688	p_glTexImage4DSGIS	D
0x712aba8690	p_glTexSubImage4DSGIS	D
0x712aba8698	p_glGetTexFilterFuncSGIS	D
0x712aba86a0	p_glTexFilterFuncSGIS	D
0x712aba86a8	p_glAsyncMarkerSGIX	D
0x712aba86b0	p_glDeleteAsyncMarkersSGIX	D
0x712aba86b8	p_glFinishAsyncSGIX	D
0x712aba86c0	p_glGenAsyncMarkersSGIX	D
0x712aba86c8	p_glIsAsyncMarkerSGIX	D
0x712aba86d0	p_glPollAsyncSGIX	D
0x712aba86d8	p_glAddressSpace	D
0x712aba86e0	p_glDataPipe	D
0x712aba86e8	p_glFlushRasterSGIX	D
0x712aba86f0	p_glFogLayersSGIX	D
0x712aba86f8	p_glGetFogLayersSGIX	D
0x712aba8700	p_glTextureFogSGIX	D
0x712aba8708	p_glFragmentColorMaterialSGIX	D
0x712aba8710	p_glFragmentLightModelfSGIX	D
0x712aba8718	p_glFragmentLightModelfvSGIX	D
0x712aba8720	p_glFragmentLightModeliSGIX	D
0x712aba8728	p_glFragmentLightModelivSGIX	D
0x712aba8730	p_glFragmentLightfSGIX	D
0x712aba8738	p_glFragmentLightfvSGIX	D
0x712aba8740	p_glFragmentLightiSGIX	D
0x712aba8748	p_glFragmentLightivSGIX	D
0x712aba8750	p_glFragmentMaterialfSGIX	D
0x712aba8758	p_glFragmentMaterialfvSGIX	D
0x712aba8760	p_glFragmentMaterialiSGIX	D
0x712aba8768	p_glFragmentMaterialivSGIX	D
0x712aba8770	p_glGetFragmentLightfvSGIX	D
0x712aba8778	p_glGetFragmentLightivSGIX	D
0x712aba8780	p_glGetFragmentMaterialfvSGIX	D
0x712aba8788	p_glGetFragmentMaterialivSGIX	D
0x712aba8790	p_glFrameZoomSGIX	D
0x712aba8798	p_glIglooInterfaceSGIX	D
0x712aba87a0	p_glAllocMPEGPredictorsSGIX	D
0x712aba87a8	p_glDeleteMPEGPredictorsSGIX	D
0x712aba87b0	p_glGenMPEGPredictorsSGIX	D
0x712aba87b8	p_glGetMPEGParameterfvSGIX	D
0x712aba87c0	p_glGetMPEGParameterivSGIX	D
0x712aba87c8	p_glGetMPEGPredictorSGIX	D
0x712aba87d0	p_glGetMPEGQuantTableubv	D
0x712aba87d8	p_glIsMPEGPredictorSGIX	D
0x712aba87e0	p_glMPEGPredictorSGIX	D
0x712aba87e8	p_glMPEGQuantTableubv	D
0x712aba87f0	p_glSwapMPEGPredictorsSGIX	D
0x712aba87f8	p_glGetNonlinLightfvSGIX	D
0x712aba8800	p_glGetNonlinMaterialfvSGIX	D
0x712aba8808	p_glNonlinLightfvSGIX	D
0x712aba8810	p_glNonlinMaterialfvSGIX	D
0x712aba8818	p_glPixelTexGenSGIX	D
0x712aba8828	p_glLoadIdentityDeformationMapSGIX	D
0x712aba8830	p_glMeshBreadthSGIX	D
0x712aba8838	p_glMeshStrideSGIX	D
0x712aba8840	p_glReferencePlaneSGIX	D
0x712aba8848	p_glSpriteParameterfSGIX	D
0x712aba8850	p_glSpriteParameterfvSGIX	D
0x712aba8858	p_glSpriteParameteriSGIX	D
0x712aba8860	p_glSpriteParameterivSGIX	D
0x712aba8868	p_glTagSampleBufferSGIX	D
0x712aba8870	p_glGetVectorOperationSGIX	D
0x712aba8878	p_glVectorOperationSGIX	D
0x712aba8880	p_glAreVertexArraysResidentSGIX	D
0x712aba8888	p_glBindVertexArraySGIX	D
0x712aba8890	p_glDeleteVertexArraysSGIX	D
0x712aba8898	p_glGenVertexArraysSGIX	D
0x712aba88a0	p_glIsVertexArraySGIX	D
0x712aba88a8	p_glPrioritizeVertexArraysSGIX	D
0x712aba88b0	p_glColorTableParameterfvSGI	D
0x712aba88b8	p_glColorTableParameterivSGI	D
0x712aba88c0	p_glColorTableSGI	D
0x712aba88c8	p_glCopyColorTableSGI	D
0x712aba88d0	p_glGetColorTableParameterfvSGI	D
0x712aba88d8	p_glGetColorTableParameterivSGI	D
0x712aba88e0	p_glGetColorTableSGI	D
0x712aba88e8	p_glGetPixelTransformParameterfvSGI	D
0x712aba88f0	p_glGetPixelTransformParameterivSGI	D
0x712aba88f8	p_glPixelTransformParameterfSGI	D
0x712aba8900	p_glPixelTransformParameterfvSGI	D
0x712aba8908	p_glPixelTransformParameteriSGI	D
0x712aba8910	p_glPixelTransformParameterivSGI	D
0x712aba8918	p_glPixelTransformSGI	D
0x712aba8920	p_glFinishTextureSUNX	D
0x712aba8928	p_glGlobalAlphaFactorbSUN	D
0x712aba8930	p_glGlobalAlphaFactordSUN	D
0x712aba8938	p_glGlobalAlphaFactorfSUN	D
0x712aba8940	p_glGlobalAlphaFactoriSUN	D
0x712aba8948	p_glGlobalAlphaFactorsSUN	D
0x712aba8950	p_glGlobalAlphaFactorubSUN	D
0x712aba8958	p_glGlobalAlphaFactoruiSUN	D
0x712aba8960	p_glGlobalAlphaFactorusSUN	D
0x712aba8968	p_glReadVideoPixelsSUN	D
0x712aba8970	p_glReplacementCodePointerSUN	D
0x712aba8978	p_glReplacementCodeubSUN	D
0x712aba8980	p_glReplacementCodeubvSUN	D
0x712aba8988	p_glReplacementCodeuiSUN	D
0x712aba8990	p_glReplacementCodeuivSUN	D
0x712aba8998	p_glReplacementCodeusSUN	D
0x712aba89a0	p_glReplacementCodeusvSUN	D
0x712aba89a8	p_glColor3fVertex3fSUN	D
0x712aba89b0	p_glColor3fVertex3fvSUN	D
0x712aba89b8	p_glColor4fNormal3fVertex3fSUN	D
0x712aba89c0	p_glColor4fNormal3fVertex3fvSUN	D
0x712aba89c8	p_glColor4ubVertex2fSUN	D
0x712aba89d0	p_glColor4ubVertex2fvSUN	D
0x712aba89d8	p_glColor4ubVertex3fSUN	D
0x712aba89e0	p_glColor4ubVertex3fvSUN	D
0x712aba89e8	p_glNormal3fVertex3fSUN	D
0x712aba89f0	p_glNormal3fVertex3fvSUN	D
0x712aba89f8	p_glReplacementCodeuiColor3fVertex3fSUN	D
0x712aba8a00	p_glReplacementCodeuiColor3fVertex3fvSUN	D
0x712aba8a08	p_glReplacementCodeuiColor4fNormal3fVertex3fSUN	D
0x712aba8a10	p_glReplacementCodeuiColor4fNormal3fVertex3fvSUN	D
0x712aba8a18	p_glReplacementCodeuiColor4ubVertex3fSUN	D
0x712aba8a20	p_glReplacementCodeuiColor4ubVertex3fvSUN	D
0x712aba8a28	p_glReplacementCodeuiNormal3fVertex3fSUN	D
0x712aba8a30	p_glReplacementCodeuiNormal3fVertex3fvSUN	D
0x712aba8a38	p_glReplacementCodeuiTexCoord2fColor4fNormal3fVertex3fSUN	D
0x712aba8a40	p_glReplacementCodeuiTexCoord2fColor4fNormal3fVertex3fvSUN	D
0x712aba8a48	p_glReplacementCodeuiTexCoord2fNormal3fVertex3fSUN	D
0x712aba8a50	p_glReplacementCodeuiTexCoord2fNormal3fVertex3fvSUN	D
0x712aba8a58	p_glReplacementCodeuiTexCoord2fVertex3fSUN	D
0x712aba8a60	p_glReplacementCodeuiTexCoord2fVertex3fvSUN	D
0x712aba8a68	p_glReplacementCodeuiVertex3fSUN	D
0x712aba8a70	p_glReplacementCodeuiVertex3fvSUN	D
0x712aba8a78	p_glTexCoord2fColor3fVertex3fSUN	D
0x712aba8a80	p_glTexCoord2fColor3fVertex3fvSUN	D
0x712aba8a88	p_glTexCoord2fColor4fNormal3fVertex3fSUN	D
0x712aba8a90	p_glTexCoord2fColor4fNormal3fVertex3fvSUN	D
0x712aba8a98	p_glTexCoord2fColor4ubVertex3fSUN	D
0x712aba8aa0	p_glTexCoord2fColor4ubVertex3fvSUN	D
0x712aba8aa8	p_glTexCoord2fNormal3fVertex3fSUN	D
0x712aba8ab0	p_glTexCoord2fNormal3fVertex3fvSUN	D
0x712aba8ab8	p_glTexCoord2fVertex3fSUN	D
0x712aba8ac0	p_glTexCoord2fVertex3fvSUN	D
0x712aba8ac8	p_glTexCoord4fColor4fNormal3fVertex4fSUN	D
0x712aba8ad0	p_glTexCoord4fColor4fNormal3fVertex4fvSUN	D
0x712aba8ad8	p_glTexCoord4fVertex4fSUN	D
0x712aba8ae0	p_glTexCoord4fVertex4fvSUN	D
0x712aba8ae8	p_glAddSwapHintRectWIN	D
0x712aba8e18	p_eglChooseConfig	D
0x712aba8e20	p_eglCopyBuffers	D
0x712aba8e28	p_eglCreateContext	D
0x712aba8e30	p_eglCreatePbufferSurface	D
0x712aba8e38	p_eglCreatePixmapSurface	D
0x712aba8e40	p_eglCreateWindowSurface	D
0x712aba8e48	p_eglDestroyContext	D
0x712aba8e50	p_eglDestroySurface	D
0x712aba8e58	p_eglGetConfigAttrib	D
0x712aba8e60	p_eglGetConfigs	D
0x712aba8e68	p_eglGetCurrentSurface	D
0x712aba8e70	p_eglGetDisplay	D
0x712aba8e78	p_eglGetError	D
0x712aba8e80	p_eglInitialize	D
0x712aba8e88	p_eglMakeCurrent	D
0x712aba8e90	p_eglQueryContext	D
0x712aba8e98	p_eglQuerySurface	D
0x712aba8ea0	p_eglSwapBuffers	D
0x712aba8ea8	p_eglTerminate	D
0x712aba8eb0	p_eglWaitGL	D
0x712aba8eb8	p_eglWaitNative	D
0x712aba8ec0	p_eglBindTexImage	D
0x712aba8ec8	p_eglReleaseTexImage	D
0x712aba8ed0	p_eglSurfaceAttrib	D
0x712aba8ed8	p_eglSwapInterval	D
0x712aba8ee0	p_eglBindAPI	D
0x712aba8ee8	p_eglCreatePbufferFromClientBuffer	D
0x712aba8ef0	p_eglQueryAPI	D
0x712aba8ef8	p_eglReleaseThread	D
0x712aba8f00	p_eglWaitClient	D
0x712aba8f08	p_eglGetCurrentContext	D
0x712aba8f10	p_eglClientWaitSync	D
0x712aba8f18	p_eglCreateImage	D
0x712aba8f20	p_eglCreatePlatformPixmapSurface	D
0x712aba8f28	p_eglCreatePlatformWindowSurface	D
0x712aba8f30	p_eglCreateSync	D
0x712aba8f38	p_eglDestroyImage	D
0x712aba8f40	p_eglDestroySync	D
0x712aba8f48	p_eglGetPlatformDisplay	D
0x712aba8f50	p_eglGetSyncAttrib	D
0x712aba8f58	p_eglWaitSync	D
0x712aba8f60	p_eglSetBlobCacheFuncsANDROID	D
0x712aba8f68	p_eglCreateNativeClientBufferANDROID	D
0x712aba8f70	p_eglDupNativeFenceFDANDROID	D
0x712aba8f78	p_eglPresentationTimeANDROID	D
0x712aba8f80	p_eglQuerySurfacePointerANGLE	D
0x712aba8f88	p_eglQueryDevicesEXT	D
0x712aba8f90	p_eglQueryDeviceAttribEXT	D
0x712aba8f98	p_eglQueryDeviceStringEXT	D
0x712aba8fa0	p_eglQueryDisplayAttribEXT	D
0x712aba8fa8	p_eglQueryDmaBufFormatsEXT	D
0x712aba8fb0	p_eglQueryDmaBufModifiersEXT	D
0x712aba8fb8	p_eglGetOutputLayersEXT	D
0x712aba8fc0	p_eglGetOutputPortsEXT	D
0x712aba8fc8	p_eglOutputLayerAttribEXT	D
0x712aba8fd0	p_eglOutputPortAttribEXT	D
0x712aba8fd8	p_eglQueryOutputLayerAttribEXT	D
0x712aba8fe0	p_eglQueryOutputLayerStringEXT	D
0x712aba8fe8	p_eglQueryOutputPortAttribEXT	D
0x712aba8ff0	p_eglQueryOutputPortStringEXT	D
0x712aba8ff8	p_eglCreatePlatformPixmapSurfaceEXT	D
0x712aba9000	p_eglCreatePlatformWindowSurfaceEXT	D
0x712aba9008	p_eglGetPlatformDisplayEXT	D
0x712aba9010	p_eglStreamConsumerOutputEXT	D
0x712aba9018	p_eglSwapBuffersWithDamageEXT	D
0x712aba9020	p_eglCreatePixmapSurfaceHI	D
0x712aba9028	p_eglCreateSync64KHR	D
0x712aba9030	p_eglDebugMessageControlKHR	D
0x712aba9038	p_eglLabelObjectKHR	D
0x712aba9040	p_eglQueryDebugKHR	D
0x712aba9048	p_eglCreateImageKHR	D
0x712aba9050	p_eglDestroyImageKHR	D
0x712aba9058	p_eglLockSurfaceKHR	D
0x712aba9060	p_eglUnlockSurfaceKHR	D
0x712aba9068	p_eglQuerySurface64KHR	D
0x712aba9070	p_eglSetDamageRegionKHR	D
0x712aba9078	p_eglClientWaitSyncKHR	D
0x712aba9080	p_eglCreateSyncKHR	D
0x712aba9088	p_eglDestroySyncKHR	D
0x712aba9090	p_eglGetSyncAttribKHR	D
0x712aba9098	p_eglSignalSyncKHR	D
0x712aba90a0	p_eglCreateStreamKHR	D
0x712aba90a8	p_eglDestroyStreamKHR	D
0x712aba90b0	p_eglQueryStreamKHR	D
0x712aba90b8	p_eglQueryStreamu64KHR	D
0x712aba90c0	p_eglStreamAttribKHR	D
0x712aba90c8	p_eglCreateStreamAttribKHR	D
0x712aba90d0	p_eglQueryStreamAttribKHR	D
0x712aba90d8	p_eglSetStreamAttribKHR	D
0x712aba90e0	p_eglStreamConsumerAcquireAttribKHR	D
0x712aba90e8	p_eglStreamConsumerReleaseAttribKHR	D
0x712aba90f0	p_eglStreamConsumerAcquireKHR	D
0x712aba90f8	p_eglStreamConsumerGLTextureExternalKHR	D
0x712aba9100	p_eglStreamConsumerReleaseKHR	D
0x712aba9108	p_eglCreateStreamFromFileDescriptorKHR	D
0x712aba9110	p_eglGetStreamFileDescriptorKHR	D
0x712aba9118	p_eglQueryStreamTimeKHR	D
0x712aba9120	p_eglCreateStreamProducerSurfaceKHR	D
0x712aba9128	p_eglSwapBuffersWithDamageKHR	D
0x712aba9130	p_eglWaitSyncKHR	D
0x712aba9138	p_eglCreateDRMImageMESA	D
0x712aba9140	p_eglExportDRMImageMESA	D
0x712aba9148	p_eglExportDMABUFImageMESA	D
0x712aba9150	p_eglExportDMABUFImageQueryMESA	D
0x712aba9158	p_eglSwapBuffersRegionNOK	D
0x712aba9160	p_eglSwapBuffersRegion2NOK	D
0x712aba9168	p_eglQueryNativeDisplayNV	D
0x712aba9170	p_eglQueryNativePixmapNV	D
0x712aba9178	p_eglQueryNativeWindowNV	D
0x712aba9180	p_eglPostSubBufferNV	D
0x712aba9188	p_eglStreamConsumerGLTextureExternalAttribsNV	D
0x712aba9190	p_eglQueryDisplayAttribNV	D
0x712aba9198	p_eglQueryStreamMetadataNV	D
0x712aba91a0	p_eglSetStreamMetadataNV	D
0x712aba91a8	p_eglResetStreamNV	D
0x712aba91b0	p_eglCreateStreamSyncNV	D
0x712aba91b8	p_eglClientWaitSyncNV	D
0x712aba91c0	p_eglCreateFenceSyncNV	D
0x712aba91c8	p_eglDestroySyncNV	D
0x712aba91d0	p_eglFenceNV	D
0x712aba91d8	p_eglGetSyncAttribNV	D
0x712aba91e0	p_eglSignalSyncNV	D
0x712aba91e8	p_eglGetSystemTimeFrequencyNV	D
0x712aba91f0	p_eglGetSystemTimeNV	D
0x712abac040	p_glCullFace	D
0x712abac048	p_glFrontFace	D
0x712abac050	p_glHint	D
0x712abac058	p_glLineWidth	D
0x712abac060	p_glPointSize	D
0x712abac068	p_glPolygonMode	D
0x712abac070	p_glScissor	D
0x712abac078	p_glTexParameterf	D
0x712abac080	p_glTexParameterfv	D
0x712abac088	p_glTexParameteri	D
0x712abac090	p_glTexParameteriv	D
0x712abac098	p_glTexImage1D	D
0x712abac0a0	p_glTexImage2D	D
0x712abac0a8	p_glDrawBuffer	D
0x712abac0b0	p_glClear	D
0x712abac0b8	p_glClearColor	D
0x712abac0c0	p_glClearStencil	D
0x712abac0c8	p_glClearDepth	D
0x712abac0d0	p_glStencilMask	D
0x712abac0d8	p_glColorMask	D
0x712abac0e0	p_glDepthMask	D
0x712abac0e8	p_glDisable	D
0x712abac0f0	p_glEnable	D
0x712abac0f8	p_glFinish	D
0x712abac100	p_glFlush	D
0x712abac108	p_glBlendFunc	D
0x712abac110	p_glLogicOp	D
0x712abac118	p_glStencilFunc	D
0x712abac120	p_glStencilOp	D
0x712abac128	p_glDepthFunc	D
0x712abac130	p_glPixelStoref	D
0x712abac138	p_glPixelStorei	D
0x712abac140	p_glReadBuffer	D
0x712abac148	p_glReadPixels	D
0x712abac150	p_glGetBooleanv	D
0x712abac158	p_glGetDoublev	D
0x712abac160	p_glGetError	D
0x712abac168	p_glGetFloatv	D
0x712abac170	p_glGetIntegerv	D
0x712abac178	p_glGetString	D
0x712abac180	p_glGetTexImage	D
0x712abac188	p_glGetTexParameterfv	D
0x712abac190	p_glGetTexParameteriv	D
0x712abac198	p_glGetTexLevelParameterfv	D
0x712abac1a0	p_glGetTexLevelParameteriv	D
0x712abac1a8	p_glIsEnabled	D
0x712abac1b0	p_glDepthRange	D
0x712abac1b8	p_glViewport	D
0x712abac1c0	p_glNewList	D
0x712abac1c8	p_glEndList	D
0x712abac1d0	p_glCallList	D
0x712abac1d8	p_glCallLists	D
0x712abac1e0	p_glDeleteLists	D
0x712abac1e8	p_glGenLists	D
0x712abac1f0	p_glListBase	D
0x712abac1f8	p_glBegin	D
0x712abac200	p_glBitmap	D
0x712abac208	p_glColor3b	D
0x712abac210	p_glColor3bv	D
0x712abac218	p_glColor3d	D
0x712abac220	p_glColor3dv	D
0x712abac228	p_glColor3f	D
0x712abac230	p_glColor3fv	D
0x712abac238	p_glColor3i	D
0x712abac240	p_glColor3iv	D
0x712abac248	p_glColor3s	D
0x712abac250	p_glColor3sv	D
0x712abac258	p_glColor3ub	D
0x712abac260	p_glColor3ubv	D
0x712abac268	p_glColor3ui	D
0x712abac270	p_glColor3uiv	D
0x712abac278	p_glColor3us	D
0x712abac280	p_glColor3usv	D
0x712abac288	p_glColor4b	D
0x712abac290	p_glColor4bv	D
0x712abac298	p_glColor4d	D
0x712abac2a0	p_glColor4dv	D
0x712abac2a8	p_glColor4f	D
0x712abac2b0	p_glColor4fv	D
0x712abac2b8	p_glColor4i	D
0x712abac2c0	p_glColor4iv	D
0x712abac2c8	p_glColor4s	D
0x712abac2d0	p_glColor4sv	D
0x712abac2d8	p_glColor4ub	D
0x712abac2e0	p_glColor4ubv	D
0x712abac2e8	p_glColor4ui	D
0x712abac2f0	p_glColor4uiv	D
0x712abac2f8	p_glColor4us	D
0x712abac300	p_glColor4usv	D
0x712abac308	p_glEdgeFlag	D
0x712abac310	p_glEdgeFlagv	D
0x712abac318	p_glEnd	D
0x712abac320	p_glIndexd	D
0x712abac328	p_glIndexdv	D
0x712abac330	p_glIndexf	D
0x712abac338	p_glIndexfv	D
0x712abac340	p_glIndexi	D
0x712abac348	p_glIndexiv	D
0x712abac350	p_glIndexs	D
0x712abac358	p_glIndexsv	D
0x712abac360	p_glNormal3b	D
0x712abac368	p_glNormal3bv	D
0x712abac370	p_glNormal3d	D
0x712abac378	p_glNormal3dv	D
0x712abac380	p_glNormal3f	D
0x712abac388	p_glNormal3fv	D
0x712abac390	p_glNormal3i	D
0x712abac398	p_glNormal3iv	D
0x712abac3a0	p_glNormal3s	D
0x712abac3a8	p_glNormal3sv	D
0x712abac3b0	p_glRasterPos2d	D
0x712abac3b8	p_glRasterPos2dv	D
0x712abac3c0	p_glRasterPos2f	D
0x712abac3c8	p_glRasterPos2fv	D
0x712abac3d0	p_glRasterPos2i	D
0x712abac3d8	p_glRasterPos2iv	D
0x712abac3e0	p_glRasterPos2s	D
0x712abac3e8	p_glRasterPos2sv	D
0x712abac3f0	p_glRasterPos3d	D
0x712abac3f8	p_glRasterPos3dv	D
0x712abac400	p_glRasterPos3f	D
0x712abac408	p_glRasterPos3fv	D
0x712abac410	p_glRasterPos3i	D
0x712abac418	p_glRasterPos3iv	D
0x712abac420	p_glRasterPos3s	D
0x712abac428	p_glRasterPos3sv	D
0x712abac430	p_glRasterPos4d	D
0x712abac438	p_glRasterPos4dv	D
0x712abac440	p_glRasterPos4f	D
0x712abac448	p_glRasterPos4fv	D
0x712abac450	p_glRasterPos4i	D
0x712abac458	p_glRasterPos4iv	D
0x712abac460	p_glRasterPos4s	D
0x712abac468	p_glRasterPos4sv	D
0x712abac470	p_glRectd	D
0x712abac478	p_glRectdv	D
0x712abac480	p_glRectf	D
0x712abac488	p_glRectfv	D
0x712abac490	p_glRecti	D
0x712abac498	p_glRectiv	D
0x712abac4a0	p_glRects	D
0x712abac4a8	p_glRectsv	D
0x712abac4b0	p_glTexCoord1d	D
0x712abac4b8	p_glTexCoord1dv	D
0x712abac4c0	p_glTexCoord1f	D
0x712abac4c8	p_glTexCoord1fv	D
0x712abac4d0	p_glTexCoord1i	D
0x712abac4d8	p_glTexCoord1iv	D
0x712abac4e0	p_glTexCoord1s	D
0x712abac4e8	p_glTexCoord1sv	D
0x712abac4f0	p_glTexCoord2d	D
0x712abac4f8	p_glTexCoord2dv	D
0x712abac500	p_glTexCoord2f	D
0x712abac508	p_glTexCoord2fv	D
0x712abac510	p_glTexCoord2i	D
0x712abac518	p_glTexCoord2iv	D
0x712abac520	p_glTexCoord2s	D
0x712abac528	p_glTexCoord2sv	D
0x712abac530	p_glTexCoord3d	D
0x712abac538	p_glTexCoord3dv	D
0x712abac540	p_glTexCoord3f	D
0x712abac548	p_glTexCoord3fv	D
0x712abac550	p_glTexCoord3i	D
0x712abac558	p_glTexCoord3iv	D
0x712abac560	p_glTexCoord3s	D
0x712abac568	p_glTexCoord3sv	D
0x712abac570	p_glTexCoord4d	D
0x712abac578	p_glTexCoord4dv	D
0x712abac580	p_glTexCoord4f	D
0x712abac588	p_glTexCoord4fv	D
0x712abac590	p_glTexCoord4i	D
0x712abac598	p_glTexCoord4iv	D
0x712abac5a0	p_glTexCoord4s	D
0x712abac5a8	p_glTexCoord4sv	D
0x712abac5b0	p_glVertex2d	D
0x712abac5b8	p_glVertex2dv	D
0x712abac5c0	p_glVertex2f	D
0x712abac5c8	p_glVertex2fv	D
0x712abac5d0	p_glVertex2i	D
0x712abac5d8	p_glVertex2iv	D
0x712abac5e0	p_glVertex2s	D
0x712abac5e8	p_glVertex2sv	D
0x712abac5f0	p_glVertex3d	D
0x712abac5f8	p_glVertex3dv	D
0x712abac600	p_glVertex3f	D
0x712abac608	p_glVertex3fv	D
0x712abac610	p_glVertex3i	D
0x712abac618	p_glVertex3iv	D
0x712abac620	p_glVertex3s	D
0x712abac628	p_glVertex3sv	D
0x712abac630	p_glVertex4d	D
0x712abac638	p_glVertex4dv	D
0x712abac640	p_glVertex4f	D
0x712abac648	p_glVertex4fv	D
0x712abac650	p_glVertex4i	D
0x712abac658	p_glVertex4iv	D
0x712abac660	p_glVertex4s	D
0x712abac668	p_glVertex4sv	D
0x712abac670	p_glClipPlane	D
0x712abac678	p_glColorMaterial	D
0x712abac680	p_glFogf	D
0x712abac688	p_glFogfv	D
0x712abac690	p_glFogi	D
0x712abac698	p_glFogiv	D
0x712abac6a0	p_glLightf	D
0x712abac6a8	p_glLightfv	D
0x712abac6b0	p_glLighti	D
0x712abac6b8	p_glLightiv	D
0x712abac6c0	p_glLightModelf	D
0x712abac6c8	p_glLightModelfv	D
0x712abac6d0	p_glLightModeli	D
0x712abac6d8	p_glLightModeliv	D
0x712abac6e0	p_glLineStipple	D
0x712abac6e8	p_glMaterialf	D
0x712abac6f0	p_glMaterialfv	D
0x712abac6f8	p_glMateriali	D
0x712abac700	p_glMaterialiv	D
0x712abac708	p_glPolygonStipple	D
0x712abac710	p_glShadeModel	D
0x712abac718	p_glTexEnvf	D
0x712abac720	p_glTexEnvfv	D
0x712abac728	p_glTexEnvi	D
0x712abac730	p_glTexEnviv	D
0x712abac738	p_glTexGend	D
0x712abac740	p_glTexGendv	D
0x712abac748	p_glTexGenf	D
0x712abac750	p_glTexGenfv	D
0x712abac758	p_glTexGeni	D
0x712abac760	p_glTexGeniv	D
0x712abac768	p_glFeedbackBuffer	D
0x712abac770	p_glSelectBuffer	D
0x712abac778	p_glRenderMode	D
0x712abac780	p_glInitNames	D
0x712abac788	p_glLoadName	D
0x712abac790	p_glPassThrough	D
0x712abac798	p_glPopName	D
0x712abac7a0	p_glPushName	D
0x712abac7a8	p_glClearAccum	D
0x712abac7b0	p_glClearIndex	D
0x712abac7b8	p_glIndexMask	D
0x712abac7c0	p_glAccum	D
0x712abac7c8	p_glPopAttrib	D
0x712abac7d0	p_glPushAttrib	D
0x712abac7d8	p_glMap1d	D
0x712abac7e0	p_glMap1f	D
0x712abac7e8	p_glMap2d	D
0x712abac7f0	p_glMap2f	D
0x712abac800	p_glMapGrid1f	D
0x712abac808	p_glMapGrid2d	D
0x712abac810	p_glMapGrid2f	D
0x712abac818	p_glEvalCoord1d	D
0x712abac820	p_glEvalCoord1dv	D
0x712abac828	p_glEvalCoord1f	D
0x712abac830	p_glEvalCoord1fv	D
0x712abac838	p_glEvalCoord2d	D
0x712abac840	p_glEvalCoord2dv	D
0x712abac848	p_glEvalCoord2f	D
0x712abac850	p_glEvalCoord2fv	D
0x712abac858	p_glEvalMesh1	D
0x712abac860	p_glEvalPoint1	D
0x712abac868	p_glEvalMesh2	D
0x712abac870	p_glEvalPoint2	D
0x712abac878	p_glAlphaFunc	D
0x712abac880	p_glPixelZoom	D
0x712abac888	p_glPixelTransferf	D
0x712abac890	p_glPixelTransferi	D
0x712abac898	p_glPixelMapfv	D
0x712abac8a0	p_glPixelMapuiv	D
0x712abac8a8	p_glPixelMapusv	D
0x712abac8b0	p_glCopyPixels	D
0x712abac8b8	p_glDrawPixels	D
0x712abac8c0	p_glGetClipPlane	D
0x712abac8c8	p_glGetLightfv	D
0x712abac8d0	p_glGetLightiv	D
0x712abac8d8	p_glGetMapdv	D
0x712abac8e0	p_glGetMapfv	D
0x712abac8e8	p_glGetMapiv	D
0x712abac8f0	p_glGetMaterialfv	D
0x712abac8f8	p_glGetMaterialiv	D
0x712abac900	p_glGetPixelMapfv	D
0x712abac908	p_glGetPixelMapuiv	D
0x712abac910	p_glGetPixelMapusv	D
0x712abac918	p_glGetPolygonStipple	D
0x712abac920	p_glGetTexEnvfv	D
0x712abac928	p_glGetTexEnviv	D
0x712abac930	p_glGetTexGendv	D
0x712abac938	p_glGetTexGenfv	D
0x712abac940	p_glGetTexGeniv	D
0x712abac948	p_glIsList	D
0x712abac950	p_glFrustum	D
0x712abac958	p_glLoadIdentity	D
0x712abac960	p_glLoadMatrixf	D
0x712abac968	p_glLoadMatrixd	D
0x712abac970	p_glMatrixMode	D
0x712abac978	p_glMultMatrixf	D
0x712abac980	p_glMultMatrixd	D
0x712abac988	p_glOrtho	D
0x712abac990	p_glPopMatrix	D
0x712abac998	p_glPushMatrix	D
0x712abac9a0	p_glRotated	D
0x712abac9a8	p_glRotatef	D
0x712abac9b0	p_glScaled	D
0x712abac9b8	p_glScalef	D
0x712abac9c0	p_glTranslated	D
0x712abac9c8	p_glTranslatef	D
0x712abac9d0	p_glDrawArrays	D
0x712abac9d8	p_glDrawElements	D
0x712abac9e0	p_glGetPointerv	D
0x712abac9e8	p_glPolygonOffset	D
0x712abac9f0	p_glCopyTexImage1D	D
0x712abac9f8	p_glCopyTexImage2D	D
0x712abaca00	p_glCopyTexSubImage1D	D
0x712abaca08	p_glCopyTexSubImage2D	D
0x712abaca10	p_glTexSubImage1D	D
0x712abaca18	p_glTexSubImage2D	D
0x712abaca20	p_glBindTexture	D
0x712abaca28	p_glDeleteTextures	D
0x712abaca30	p_glGenTextures	D
0x712abaca38	p_glIsTexture	D
0x712abaca40	p_glArrayElement	D
0x712abaca48	p_glColorPointer	D
0x712abaca50	p_glDisableClientState	D
0x712abaca58	p_glEdgeFlagPointer	D
0x712abaca60	p_glEnableClientState	D
0x712abaca68	p_glIndexPointer	D
0x712abaca70	p_glInterleavedArrays	D
0x712abaca78	p_glNormalPointer	D
0x712abaca80	p_glTexCoordPointer	D
0x712abaca88	p_glVertexPointer	D
0x712abaca90	p_glAreTexturesResident	D
0x712abaca98	p_glPrioritizeTextures	D
0x712abacaa0	p_glIndexub	D
0x712abacaa8	p_glIndexubv	D
0x712abacab0	p_glPopClientAttrib	D
0x712abacab8	p_glPushClientAttrib	D
0x712abacac0	p_glDrawRangeElements	D
0x712abacac8	p_glTexImage3D	D
0x712abacad0	p_glTexSubImage3D	D
0x712abacad8	p_glCopyTexSubImage3D	D
0x712abacae0	p_glActiveTexture	D
0x712abacae8	p_glSampleCoverage	D
0x712abacaf0	p_glCompressedTexImage3D	D
0x712abacaf8	p_glCompressedTexImage2D	D
0x712abacb00	p_glCompressedTexImage1D	D
0x712abacb08	p_glCompressedTexSubImage3D	D
0x712abacb10	p_glCompressedTexSubImage2D	D
0x712abacb18	p_glCompressedTexSubImage1D	D
0x712abacb20	p_glGetCompressedTexImage	D
0x712abacb28	p_glClientActiveTexture	D
0x712abacb30	p_glMultiTexCoord1d	D
0x712abacb38	p_glMultiTexCoord1dv	D
0x712abacb40	p_glMultiTexCoord1f	D
0x712abacb48	p_glMultiTexCoord1fv	D
0x712abacb50	p_glMultiTexCoord1i	D
0x712abacb58	p_glMultiTexCoord1iv	D
0x712abacb60	p_glMultiTexCoord1s	D
0x712abacb68	p_glMultiTexCoord1sv	D
0x712abacb70	p_glMultiTexCoord2d	D
0x712abacb78	p_glMultiTexCoord2dv	D
0x712abacb80	p_glMultiTexCoord2f	D
0x712abacb88	p_glMultiTexCoord2fv	D
0x712abacb90	p_glMultiTexCoord2i	D
0x712abacb98	p_glMultiTexCoord2iv	D
0x712abacba0	p_glMultiTexCoord2s	D
0x712abacba8	p_glMultiTexCoord2sv	D
0x712abacbb0	p_glMultiTexCoord3d	D
0x712abacbb8	p_glMultiTexCoord3dv	D
0x712abacbc0	p_glMultiTexCoord3f	D
0x712abacbc8	p_glMultiTexCoord3fv	D
0x712abacbd0	p_glMultiTexCoord3i	D
0x712abacbd8	p_glMultiTexCoord3iv	D
0x712abacbe0	p_glMultiTexCoord3s	D
0x712abacbe8	p_glMultiTexCoord3sv	D
0x712abacbf0	p_glMultiTexCoord4d	D
0x712abacbf8	p_glMultiTexCoord4dv	D
0x712abacc00	p_glMultiTexCoord4f	D
0x712abacc08	p_glMultiTexCoord4fv	D
0x712abacc10	p_glMultiTexCoord4i	D
0x712abacc18	p_glMultiTexCoord4iv	D
0x712abacc20	p_glMultiTexCoord4s	D
0x712abacc28	p_glMultiTexCoord4sv	D
0x712abacc30	p_glLoadTransposeMatrixf	D
0x712abacc38	p_glLoadTransposeMatrixd	D
0x712abacc40	p_glMultTransposeMatrixf	D
0x712abacc48	p_glMultTransposeMatrixd	D
0x712abacc50	p_glBlendFuncSeparate	D
0x712abacc58	p_glMultiDrawArrays	D
0x712abacc60	p_glMultiDrawElements	D
0x712abacc68	p_glPointParameterf	D
0x712abacc70	p_glPointParameterfv	D
0x712abacc78	p_glPointParameteri	D
0x712abacc80	p_glPointParameteriv	D
0x712abacc88	p_glFogCoordf	D
0x712abacc90	p_glFogCoordfv	D
0x712abacc98	p_glFogCoordd	D
0x712abacca0	p_glFogCoorddv	D
0x712abacca8	p_glFogCoordPointer	D
0x712abaccb0	p_glSecondaryColor3b	D
0x712abaccb8	p_glSecondaryColor3bv	D
0x712abaccc0	p_glSecondaryColor3d	D
0x712abaccc8	p_glSecondaryColor3dv	D
0x712abaccd0	p_glSecondaryColor3f	D
0x712abaccd8	p_glSecondaryColor3fv	D
0x712abacce0	p_glSecondaryColor3i	D
0x712abacce8	p_glSecondaryColor3iv	D
0x712abaccf0	p_glSecondaryColor3s	D
0x712abaccf8	p_glSecondaryColor3sv	D
0x712abacd00	p_glSecondaryColor3ub	D
0x712abacd08	p_glSecondaryColor3ubv	D
0x712abacd10	p_glSecondaryColor3ui	D
0x712abacd18	p_glSecondaryColor3uiv	D
0x712abacd20	p_glSecondaryColor3us	D
0x712abacd28	p_glSecondaryColor3usv	D
0x712abacd30	p_glSecondaryColorPointer	D
0x712abacd38	p_glWindowPos2d	D
0x712abacd40	p_glWindowPos2dv	D
0x712abacd48	p_glWindowPos2f	D
0x712abacd50	p_glWindowPos2fv	D
0x712abacd58	p_glWindowPos2i	D
0x712abacd60	p_glWindowPos2iv	D
0x712abacd68	p_glWindowPos2s	D
0x712abacd70	p_glWindowPos2sv	D
0x712abacd78	p_glWindowPos3d	D
0x712abacd80	p_glWindowPos3dv	D
0x712abacd88	p_glWindowPos3f	D
0x712abacd90	p_glWindowPos3fv	D
0x712abacd98	p_glWindowPos3i	D
0x712abacda0	p_glWindowPos3iv	D
0x712abacda8	p_glWindowPos3s	D
0x712abacdb0	p_glWindowPos3sv	D
0x712abacdb8	p_glBlendColor	D
0x712abacdc0	p_glBlendEquation	D
0x712abacdc8	p_glGenQueries	D
0x712abacdd0	p_glDeleteQueries	D
0x712abacdd8	p_glIsQuery	D
0x712abacde0	p_glBeginQuery	D
0x712abacde8	p_glEndQuery	D
0x712abacdf0	p_glGetQueryiv	D
0x712abacdf8	p_glGetQueryObjectiv	D
0x712abace00	p_glGetQueryObjectuiv	D
0x712abace08	p_glBindBuffer	D
0x712abace10	p_glDeleteBuffers	D
0x712abace18	p_glGenBuffers	D
0x712abace20	p_glIsBuffer	D
0x712abace28	p_glBufferData	D
0x712abace30	p_glBufferSubData	D
0x712abace38	p_glGetBufferSubData	D
0x712abace40	p_glMapBuffer	D
0x712abace48	p_glUnmapBuffer	D
0x712abace50	p_glGetBufferParameteriv	D
0x712abace58	p_glGetBufferPointerv	D
0x712abace60	p_glBlendEquationSeparate	D
0x712abace68	p_glDrawBuffers	D
0x712abace70	p_glStencilOpSeparate	D
0x712abace78	p_glStencilFuncSeparate	D
0x712abace80	p_glStencilMaskSeparate	D
0x712abace88	p_glAttachShader	D
0x712abace90	p_glBindAttribLocation	D
0x712abace98	p_glCompileShader	D
0x712abacea0	p_glCreateProgram	D
0x712abacea8	p_glCreateShader	D
0x712abaceb0	p_glDeleteProgram	D
0x712abaceb8	p_glDeleteShader	D
0x712abacec0	p_glDetachShader	D
0x712abacec8	p_glDisableVertexAttribArray	D
0x712abaced0	p_glEnableVertexAttribArray	D
0x712abaced8	p_glGetActiveAttrib	D
0x712abacee0	p_glGetActiveUniform	D
0x712abacee8	p_glGetAttachedShaders	D
0x712abacef0	p_glGetAttribLocation	D
0x712abacef8	p_glGetProgramiv	D
0x712abacf00	p_glGetProgramInfoLog	D
0x712abacf08	p_glGetShaderiv	D
0x712abacf10	p_glGetShaderInfoLog	D
0x712abacf18	p_glGetShaderSource	D
0x712abacf20	p_glGetUniformLocation	D
0x712abacf28	p_glGetUniformfv	D
0x712abacf30	p_glGetUniformiv	D
0x712abacf38	p_glGetVertexAttribdv	D
0x712abacf40	p_glGetVertexAttribfv	D
0x712abacf48	p_glGetVertexAttribiv	D
0x712abacf50	p_glGetVertexAttribPointerv	D
0x712abacf58	p_glIsProgram	D
0x712abacf60	p_glIsShader	D
0x712abacf68	p_glLinkProgram	D
0x712abacf70	p_glShaderSource	D
0x712abacf78	p_glUseProgram	D
0x712abacf80	p_glUniform1f	D
0x712abacf88	p_glUniform2f	D
0x712abacf90	p_glUniform3f	D
0x712abacf98	p_glUniform4f	D
0x712abacfa0	p_glUniform1i	D
0x712abacfa8	p_glUniform2i	D
0x712abacfb0	p_glUniform3i	D
0x712abacfb8	p_glUniform4i	D
0x712abacfc0	p_glUniform1fv	D
0x712abacfc8	p_glUniform2fv	D
0x712abacfd0	p_glUniform3fv	D
0x712abacfd8	p_glUniform4fv	D
0x712abacfe0	p_glUniform1iv	D
0x712abacfe8	p_glUniform2iv	D
0x712abacff0	p_glUniform3iv	D
0x712abacff8	p_glUniform4iv	D
0x712abad000	p_glUniformMatrix2fv	D
0x712abad008	p_glUniformMatrix3fv	D
0x712abad010	p_glUniformMatrix4fv	D
0x712abad018	p_glValidateProgram	D
0x712abad020	p_glVertexAttrib1d	D
0x712abad028	p_glVertexAttrib1dv	D
0x712abad030	p_glVertexAttrib1f	D
0x712abad038	p_glVertexAttrib1fv	D
0x712abad040	p_glVertexAttrib1s	D
0x712abad048	p_glVertexAttrib1sv	D
0x712abad050	p_glVertexAttrib2d	D
0x712abad058	p_glVertexAttrib2dv	D
0x712abad060	p_glVertexAttrib2f	D
0x712abad068	p_glVertexAttrib2fv	D
0x712abad070	p_glVertexAttrib2s	D
0x712abad078	p_glVertexAttrib2sv	D
0x712abad080	p_glVertexAttrib3d	D
0x712abad088	p_glVertexAttrib3dv	D
0x712abad090	p_glVertexAttrib3f	D
0x712abad098	p_glVertexAttrib3fv	D
0x712abad0a0	p_glVertexAttrib3s	D
0x712abad0a8	p_glVertexAttrib3sv	D
0x712abad0b0	p_glVertexAttrib4Nbv	D
0x712abad0b8	p_glVertexAttrib4Niv	D
0x712abad0c0	p_glVertexAttrib4Nsv	D
0x712abad0c8	p_glVertexAttrib4Nub	D
0x712abad0d0	p_glVertexAttrib4Nubv	D
0x712abad0d8	p_glVertexAttrib4Nuiv	D
0x712abad0e0	p_glVertexAttrib4Nusv	D
0x712abad0e8	p_glVertexAttrib4bv	D
0x712abad0f0	p_glVertexAttrib4d	D
0x712abad0f8	p_glVertexAttrib4dv	D
0x712abad100	p_glVertexAttrib4f	D
0x712abad108	p_glVertexAttrib4fv	D
0x712abad110	p_glVertexAttrib4iv	D
0x712abad118	p_glVertexAttrib4s	D
0x712abad120	p_glVertexAttrib4sv	D
0x712abad128	p_glVertexAttrib4ubv	D
0x712abad130	p_glVertexAttrib4uiv	D
0x712abad138	p_glVertexAttrib4usv	D
0x712abad140	p_glVertexAttribPointer	D
0x712abad148	p_glUniformMatrix2x3fv	D
0x712abad150	p_glUniformMatrix3x2fv	D
0x712abad158	p_glUniformMatrix2x4fv	D
0x712abad160	p_glUniformMatrix4x2fv	D
0x712abad168	p_glUniformMatrix3x4fv	D
0x712abad170	p_glUniformMatrix4x3fv	D
0x712abad178	p_glColorMaski	D
0x712abad180	p_glGetBooleani_v	D
0x712abad188	p_glGetIntegeri_v	D
0x712abad190	p_glEnablei	D
0x712abad198	p_glDisablei	D
0x712abad1a0	p_glIsEnabledi	D
0x712abad1a8	p_glBeginTransformFeedback	D
0x712abad1b0	p_glEndTransformFeedback	D
0x712abad1b8	p_glBindBufferRange	D
0x712abad1c0	p_glBindBufferBase	D
0x712abad1c8	p_glTransformFeedbackVaryings	D
0x712abad1d0	p_glGetTransformFeedbackVarying	D
0x712abad1d8	p_glClampColor	D
0x712abad1e0	p_glBeginConditionalRender	D
0x712abad1e8	p_glEndConditionalRender	D
0x712abad1f0	p_glVertexAttribIPointer	D
0x712abad1f8	p_glGetVertexAttribIiv	D
0x712abad200	p_glGetVertexAttribIuiv	D
0x712abad208	p_glVertexAttribI1i	D
0x712abad210	p_glVertexAttribI2i	D
0x712abad218	p_glVertexAttribI3i	D
0x712abad220	p_glVertexAttribI4i	D
0x712abad228	p_glVertexAttribI1ui	D
0x712abad230	p_glVertexAttribI2ui	D
0x712abad238	p_glVertexAttribI3ui	D
0x712abad240	p_glVertexAttribI4ui	D
0x712abad248	p_glVertexAttribI1iv	D
0x712abad250	p_glVertexAttribI2iv	D
0x712abad258	p_glVertexAttribI3iv	D
0x712abad260	p_glVertexAttribI4iv	D
0x712abad268	p_glVertexAttribI1uiv	D
0x712abad270	p_glVertexAttribI2uiv	D
0x712abad278	p_glVertexAttribI3uiv	D
0x712abad280	p_glVertexAttribI4uiv	D
0x712abad288	p_glVertexAttribI4bv	D
0x712abad290	p_glVertexAttribI4sv	D
0x712abad298	p_glVertexAttribI4ubv	D
0x712abad2a0	p_glVertexAttribI4usv	D
0x712abad2a8	p_glGetUniformuiv	D
0x712abad2b0	p_glBindFragDataLocation	D
0x712abad2b8	p_glGetFragDataLocation	D
0x712abad2c0	p_glUniform1ui	D
0x712abad2c8	p_glUniform2ui	D
0x712abad2d0	p_glUniform3ui	D
0x712abad2d8	p_glUniform4ui	D
0x712abad2e0	p_glUniform1uiv	D
0x712abad2e8	p_glUniform2uiv	D
0x712abad2f0	p_glUniform3uiv	D
0x712abad2f8	p_glUniform4uiv	D
0x712abad300	p_glTexParameterIiv	D
0x712abad308	p_glTexParameterIuiv	D
0x712abad310	p_glGetTexParameterIiv	D
0x712abad318	p_glGetTexParameterIuiv	D
0x712abad320	p_glClearBufferiv	D
0x712abad328	p_glClearBufferuiv	D
0x712abad330	p_glClearBufferfv	D
0x712abad338	p_glClearBufferfi	D
0x712abad340	p_glGetStringi	D
0x712abad348	p_glIsRenderbuffer	D
0x712abad350	p_glBindRenderbuffer	D
0x712abad358	p_glDeleteRenderbuffers	D
0x712abad360	p_glGenRenderbuffers	D
0x712abad368	p_glRenderbufferStorage	D
0x712abad370	p_glGetRenderbufferParameteriv	D
0x712abad378	p_glIsFramebuffer	D
0x712abad380	p_glBindFramebuffer	D
0x712abad388	p_glDeleteFramebuffers	D
0x712abad390	p_glGenFramebuffers	D
0x712abad398	p_glCheckFramebufferStatus	D
0x712abad3a0	p_glFramebufferTexture1D	D
0x712abad3a8	p_glFramebufferTexture2D	D
0x712abad3b0	p_glFramebufferTexture3D	D
0x712abad3b8	p_glFramebufferRenderbuffer	D
0x712abad3c0	p_glGetFramebufferAttachmentParameteriv	D
0x712abad3c8	p_glGenerateMipmap	D
0x712abad3d0	p_glBlitFramebuffer	D
0x712abad3d8	p_glRenderbufferStorageMultisample	D
0x712abad3e0	p_glFramebufferTextureLayer	D
0x712abad3e8	p_glMapBufferRange	D
0x712abad3f0	p_glFlushMappedBufferRange	D
0x712abad3f8	p_glBindVertexArray	D
0x712abad400	p_glDeleteVertexArrays	D
0x712abad408	p_glGenVertexArrays	D
0x712abad410	p_glIsVertexArray	D
0x712abad418	p_glDrawArraysInstanced	D
0x712abad420	p_glDrawElementsInstanced	D
0x712abad428	p_glTexBuffer	D
0x712abad430	p_glPrimitiveRestartIndex	D
0x712abad438	p_glCopyBufferSubData	D
0x712abad440	p_glGetUniformIndices	D
0x712abad448	p_glGetActiveUniformsiv	D
0x712abad450	p_glGetActiveUniformName	D
0x712abad458	p_glGetUniformBlockIndex	D
0x712abad460	p_glGetActiveUniformBlockiv	D
0x712abad468	p_glGetActiveUniformBlockName	D
0x712abad470	p_glUniformBlockBinding	D
0x712abad478	p_glDrawElementsBaseVertex	D
0x712abad480	p_glDrawRangeElementsBaseVertex	D
0x712abad488	p_glDrawElementsInstancedBaseVertex	D
0x712abad490	p_glMultiDrawElementsBaseVertex	D
0x712abad498	p_glProvokingVertex	D
0x712abad4a0	p_glFenceSync	D
0x712abad4a8	p_glIsSync	D
0x712abad4b0	p_glDeleteSync	D
0x712abad4b8	p_glClientWaitSync	D
0x712abad4c0	p_glWaitSync	D
0x712abad4c8	p_glGetInteger64v	D
0x712abad4d0	p_glGetSynciv	D
0x712abad4d8	p_glGetInteger64i_v	D
0x712abad4e0	p_glGetBufferParameteri64v	D
0x712abad4e8	p_glFramebufferTexture	D
0x712abad4f0	p_glTexImage2DMultisample	D
0x712abad4f8	p_glTexImage3DMultisample	D
0x712abad500	p_glGetMultisamplefv	D
0x712abad508	p_glSampleMaski	D
0x712abad510	p_glBindFragDataLocationIndexed	D
0x712abad518	p_glGetFragDataIndex	D
0x712abad520	p_glGenSamplers	D
0x712abad528	p_glDeleteSamplers	D
0x712abad530	p_glIsSampler	D
0x712abad538	p_glBindSampler	D
0x712abad540	p_glSamplerParameteri	D
0x712abad548	p_glSamplerParameteriv	D
0x712abad550	p_glSamplerParameterf	D
0x712abad558	p_glSamplerParameterfv	D
0x712abad560	p_glSamplerParameterIiv	D
0x712abad568	p_glSamplerParameterIuiv	D
0x712abad570	p_glGetSamplerParameteriv	D
0x712abad578	p_glGetSamplerParameterIiv	D
0x712abad580	p_glGetSamplerParameterfv	D
0x712abad588	p_glGetSamplerParameterIuiv	D
0x712abad590	p_glQueryCounter	D
0x712abad598	p_glGetQueryObjecti64v	D
0x712abad5a0	p_glGetQueryObjectui64v	D
0x712abad5a8	p_glVertexAttribDivisor	D
0x712abad5b0	p_glVertexAttribP1ui	D
0x712abad5b8	p_glVertexAttribP1uiv	D
0x712abad5c0	p_glVertexAttribP2ui	D
0x712abad5c8	p_glVertexAttribP2uiv	D
0x712abad5d0	p_glVertexAttribP3ui	D
0x712abad5d8	p_glVertexAttribP3uiv	D
0x712abad5e0	p_glVertexAttribP4ui	D
0x712abad5e8	p_glVertexAttribP4uiv	D
0x712abad5f0	p_glVertexP2ui	D
0x712abad5f8	p_glVertexP2uiv	D
0x712abad600	p_glVertexP3ui	D
0x712abad608	p_glVertexP3uiv	D
0x712abad610	p_glVertexP4ui	D
0x712abad618	p_glVertexP4uiv	D
0x712abad620	p_glTexCoordP1ui	D
0x712abad628	p_glTexCoordP1uiv	D
0x712abad630	p_glTexCoordP2ui	D
0x712abad638	p_glTexCoordP2uiv	D
0x712abad640	p_glTexCoordP3ui	D
0x712abad648	p_glTexCoordP3uiv	D
0x712abad650	p_glTexCoordP4ui	D
0x712abad658	p_glTexCoordP4uiv	D
0x712abad660	p_glMultiTexCoordP1ui	D
0x712abad668	p_glMultiTexCoordP1uiv	D
0x712abad670	p_glMultiTexCoordP2ui	D
0x712abad678	p_glMultiTexCoordP2uiv	D
0x712abad680	p_glMultiTexCoordP3ui	D
0x712abad688	p_glMultiTexCoordP3uiv	D
0x712abad690	p_glMultiTexCoordP4ui	D
0x712abad698	p_glMultiTexCoordP4uiv	D
0x712abad6a0	p_glNormalP3ui	D
0x712abad6a8	p_glNormalP3uiv	D
0x712abad6b0	p_glColorP3ui	D
0x712abad6b8	p_glColorP3uiv	D
0x712abad6c0	p_glColorP4ui	D
0x712abad6c8	p_glColorP4uiv	D
0x712abad6d0	p_glSecondaryColorP3ui	D
0x712abad6d8	p_glSecondaryColorP3uiv	D
0x712abad6e0	p_glMinSampleShading	D
0x712abad6e8	p_glBlendEquationi	D
0x712abad6f0	p_glBlendEquationSeparatei	D
0x712abad6f8	p_glBlendFunci	D
0x712abad700	p_glBlendFuncSeparatei	D
0x712abad708	p_glDrawArraysIndirect	D
0x712abad710	p_glDrawElementsIndirect	D
0x712abad718	p_glUniform1d	D
0x712abad720	p_glUniform2d	D
0x712abad728	p_glUniform3d	D
0x712abad730	p_glUniform4d	D
0x712abad738	p_glUniform1dv	D
0x712abad740	p_glUniform2dv	D
0x712abad748	p_glUniform3dv	D
0x712abad750	p_glUniform4dv	D
0x712abad758	p_glUniformMatrix2dv	D
0x712abad760	p_glUniformMatrix3dv	D
0x712abad768	p_glUniformMatrix4dv	D
0x712abad770	p_glUniformMatrix2x3dv	D
0x712abad778	p_glUniformMatrix2x4dv	D
0x712abad780	p_glUniformMatrix3x2dv	D
0x712abad788	p_glUniformMatrix3x4dv	D
0x712abad790	p_glUniformMatrix4x2dv	D
0x712abad798	p_glUniformMatrix4x3dv	D
0x712abad7a0	p_glGetUniformdv	D
0x712abad7a8	p_glGetSubroutineUniformLocation	D
0x712abad7b0	p_glGetSubroutineIndex	D
0x712abad7b8	p_glGetActiveSubroutineUniformiv	D
0x712abad7c0	p_glGetActiveSubroutineUniformName	D
0x712abad7c8	p_glGetActiveSubroutineName	D
0x712abad7d0	p_glUniformSubroutinesuiv	D
0x712abad7d8	p_glGetUniformSubroutineuiv	D
0x712abad7e0	p_glGetProgramStageiv	D
0x712abad7e8	p_glPatchParameteri	D
0x712abad7f0	p_glPatchParameterfv	D
0x712abad7f8	p_glBindTransformFeedback	D
0x712abad800	p_glDeleteTransformFeedbacks	D
0x712abad808	p_glGenTransformFeedbacks	D
0x712abad810	p_glIsTransformFeedback	D
0x712abad818	p_glPauseTransformFeedback	D
0x712abad820	p_glResumeTransformFeedback	D
0x712abad828	p_glDrawTransformFeedback	D
0x712abad830	p_glDrawTransformFeedbackStream	D
0x712abad838	p_glBeginQueryIndexed	D
0x712abad840	p_glEndQueryIndexed	D
0x712abad848	p_glGetQueryIndexediv	D
0x712abad850	p_glReleaseShaderCompiler	D
0x712abad858	p_glShaderBinary	D
0x712abad860	p_glGetShaderPrecisionFormat	D
0x712abad868	p_glDepthRangef	D
0x712abad870	p_glClearDepthf	D
0x712abad878	p_glGetProgramBinary	D
0x712abad880	p_glProgramBinary	D
0x712abad888	p_glProgramParameteri	D
0x712abad890	p_glUseProgramStages	D
0x712abad898	p_glActiveShaderProgram	D
0x712abad8a0	p_glCreateShaderProgramv	D
0x712abad8a8	p_glBindProgramPipeline	D
0x712abad8b0	p_glDeleteProgramPipelines	D
0x712abad8b8	p_glGenProgramPipelines	D
0x712abad8c0	p_glIsProgramPipeline	D
0x712abad8d0	p_glProgramUniform1i	D
0x712abad8d8	p_glProgramUniform1iv	D
0x712abad8e0	p_glProgramUniform1f	D
0x712abad8e8	p_glProgramUniform1fv	D
0x712abad8f0	p_glProgramUniform1d	D
0x712abad8f8	p_glProgramUniform1dv	D
0x712abad900	p_glProgramUniform1ui	D
0x712abad908	p_glProgramUniform1uiv	D
0x712abad910	p_glProgramUniform2i	D
0x712abad918	p_glProgramUniform2iv	D
0x712abad920	p_glProgramUniform2f	D
0x712abad928	p_glProgramUniform2fv	D
0x712abad930	p_glProgramUniform2d	D
0x712abad938	p_glProgramUniform2dv	D
0x712abad940	p_glProgramUniform2ui	D
0x712abad948	p_glProgramUniform2uiv	D
0x712abad950	p_glProgramUniform3i	D
0x712abad958	p_glProgramUniform3iv	D
0x712abad960	p_glProgramUniform3f	D
0x712abad968	p_glProgramUniform3fv	D
0x712abad970	p_glProgramUniform3d	D
0x712abad978	p_glProgramUniform3dv	D
0x712abad980	p_glProgramUniform3ui	D
0x712abad988	p_glProgramUniform3uiv	D
0x712abad990	p_glProgramUniform4i	D
0x712abad998	p_glProgramUniform4iv	D
0x712abad9a0	p_glProgramUniform4f	D
0x712abad9a8	p_glProgramUniform4fv	D
0x712abad9b0	p_glProgramUniform4d	D
0x712abad9b8	p_glProgramUniform4dv	D
0x712abad9c0	p_glProgramUniform4ui	D
0x712abad9c8	p_glProgramUniform4uiv	D
0x712abad9d0	p_glProgramUniformMatrix2fv	D
0x712abad9d8	p_glProgramUniformMatrix3fv	D
0x712abad9e0	p_glProgramUniformMatrix4fv	D
0x712abad9e8	p_glProgramUniformMatrix2dv	D
0x712abad9f0	p_glProgramUniformMatrix3dv	D
0x712abad9f8	p_glProgramUniformMatrix4dv	D
0x712abada00	p_glProgramUniformMatrix2x3fv	D
0x712abada08	p_glProgramUniformMatrix3x2fv	D
0x712abada10	p_glProgramUniformMatrix2x4fv	D
0x712abada18	p_glProgramUniformMatrix4x2fv	D
0x712abada20	p_glProgramUniformMatrix3x4fv	D
0x712abada28	p_glProgramUniformMatrix4x3fv	D
0x712abada30	p_glProgramUniformMatrix2x3dv	D
0x712abada38	p_glProgramUniformMatrix3x2dv	D
0x712abada40	p_glProgramUniformMatrix2x4dv	D
0x712abada48	p_glProgramUniformMatrix4x2dv	D
0x712abada50	p_glProgramUniformMatrix3x4dv	D
0x712abada58	p_glProgramUniformMatrix4x3dv	D
0x712abada60	p_glValidateProgramPipeline	D
0x712abada68	p_glGetProgramPipelineInfoLog	D
0x712abada70	p_glVertexAttribL1d	D
0x712abada78	p_glVertexAttribL2d	D
0x712abada80	p_glVertexAttribL3d	D
0x712abada88	p_glVertexAttribL4d	D
0x712abada90	p_glVertexAttribL1dv	D
0x712abada98	p_glVertexAttribL2dv	D
0x712abadaa0	p_glVertexAttribL3dv	D
0x712abadaa8	p_glVertexAttribL4dv	D
0x712abadab0	p_glVertexAttribLPointer	D
0x712abadab8	p_glGetVertexAttribLdv	D
0x712abadac0	p_glViewportArrayv	D
0x712abadac8	p_glViewportIndexedf	D
0x712abadad0	p_glViewportIndexedfv	D
0x712abadad8	p_glScissorArrayv	D
0x712abadae0	p_glScissorIndexed	D
0x712abadae8	p_glScissorIndexedv	D
0x712abadaf0	p_glDepthRangeArrayv	D
0x712abadaf8	p_glDepthRangeIndexed	D
0x712abadb00	p_glGetFloati_v	D
0x712abadb08	p_glGetDoublei_v	D
0x712abadb10	p_glDrawArraysInstancedBaseInstance	D
0x712abadb18	p_glDrawElementsInstancedBaseInstance	D
0x712abadb20	p_glDrawElementsInstancedBaseVertexBaseInstance	D
0x712abadb28	p_glGetInternalformativ	D
0x712abadb30	p_glGetActiveAtomicCounterBufferiv	D
0x712abadb38	p_glBindImageTexture	D
0x712abadb40	p_glMemoryBarrier	D
0x712abadb48	p_glTexStorage1D	D
0x712abadb50	p_glTexStorage2D	D
0x712abadb58	p_glTexStorage3D	D
0x712abadb60	p_glDrawTransformFeedbackInstanced	D
0x712abadb68	p_glDrawTransformFeedbackStreamInstanced	D
0x712abadb70	p_glClearBufferData	D
0x712abadb78	p_glClearBufferSubData	D
0x712abadb80	p_glDispatchCompute	D
0x712abadb88	p_glDispatchComputeIndirect	D
0x712abadb90	p_glCopyImageSubData	D
0x712abadb98	p_glFramebufferParameteri	D
0x712abadba0	p_glGetFramebufferParameteriv	D
0x712abadba8	p_glGetInternalformati64v	D
0x712abadbb0	p_glInvalidateTexSubImage	D
0x712abadbb8	p_glInvalidateTexImage	D
0x712abadbc0	p_glInvalidateBufferSubData	D
0x712abadbc8	p_glInvalidateBufferData	D
0x712abadbd0	p_glInvalidateFramebuffer	D
0x712abadbd8	p_glInvalidateSubFramebuffer	D
0x712abadbe0	p_glMultiDrawArraysIndirect	D
0x712abadbe8	p_glMultiDrawElementsIndirect	D
0x712abadbf0	p_glGetProgramInterfaceiv	D
0x712abadbf8	p_glGetProgramResourceIndex	D
0x712abadc00	p_glGetProgramResourceName	D
0x712abadc08	p_glGetProgramResourceiv	D
0x712abadc10	p_glGetProgramResourceLocation	D
0x712abadc18	p_glGetProgramResourceLocationIndex	D
0x712abadc20	p_glShaderStorageBlockBinding	D
0x712abadc28	p_glTexBufferRange	D
0x712abadc30	p_glTexStorage2DMultisample	D
0x712abadc38	p_glTexStorage3DMultisample	D
0x712abadc40	p_glTextureView	D
0x712abadc48	p_glBindVertexBuffer	D
0x712abadc50	p_glVertexAttribFormat	D
0x712abadc58	p_glVertexAttribIFormat	D
0x712abadc60	p_glVertexAttribLFormat	D
0x712abadc68	p_glVertexAttribBinding	D
0x712abadc70	p_glVertexBindingDivisor	D
0x712abadc78	p_glDebugMessageControl	D
0x712abadc80	p_glDebugMessageInsert	D
0x712abadc88	p_glDebugMessageCallback	D
0x712abadc90	p_glGetDebugMessageLog	D
0x712abadc98	p_glPushDebugGroup	D
0x712abadca0	p_glPopDebugGroup	D
0x712abadca8	p_glObjectLabel	D
0x712abadcb0	p_glGetObjectLabel	D
0x712abadcb8	p_glObjectPtrLabel	D
0x712abadcc0	p_glGetObjectPtrLabel	D
0x712abadcc8	p_glBufferStorage	D
0x712abadcd0	p_glClearTexImage	D
0x712abadcd8	p_glClearTexSubImage	D
0x712abadce0	p_glBindBuffersBase	D
0x712abadce8	p_glBindBuffersRange	D
0x712abadcf0	p_glBindTextures	D
0x712abadcf8	p_glBindSamplers	D
0x712abadd00	p_glBindImageTextures	D
0x712abadd08	p_glBindVertexBuffers	D
0x712abadd10	p_glClipControl	D
0x712abadd18	p_glCreateTransformFeedbacks	D
0x712abadd20	p_glTransformFeedbackBufferBase	D
0x712abadd28	p_glTransformFeedbackBufferRange	D
0x712abadd30	p_glGetTransformFeedbackiv	D
0x712abadd38	p_glGetTransformFeedbacki_v	D
0x712abadd40	p_glGetTransformFeedbacki64_v	D
0x712abadd48	p_glCreateBuffers	D
0x712abadd50	p_glNamedBufferStorage	D
0x712abadd58	p_glNamedBufferData	D
0x712abadd60	p_glNamedBufferSubData	D
0x712abadd68	p_glCopyNamedBufferSubData	D
0x712abadd70	p_glClearNamedBufferData	D
0x712abadd78	p_glClearNamedBufferSubData	D
0x712abadd80	p_glMapNamedBuffer	D
0x712abadd88	p_glMapNamedBufferRange	D
0x712abadd90	p_glUnmapNamedBuffer	D
0x712abadd98	p_glFlushMappedNamedBufferRange	D
0x712abadda0	p_glGetNamedBufferParameteriv	D
0x712abadda8	p_glGetNamedBufferParameteri64v	D
0x712abaddb0	p_glGetNamedBufferPointerv	D
0x712abaddb8	p_glGetNamedBufferSubData	D
0x712abaddc0	p_glCreateFramebuffers	D
0x712abaddc8	p_glNamedFramebufferRenderbuffer	D
0x712abaddd0	p_glNamedFramebufferParameteri	D
0x712abaddd8	p_glNamedFramebufferTexture	D
0x712abadde0	p_glNamedFramebufferTextureLayer	D
0x712abadde8	p_glNamedFramebufferDrawBuffer	D
0x712abaddf0	p_glNamedFramebufferDrawBuffers	D
0x712abaddf8	p_glNamedFramebufferReadBuffer	D
0x712abade00	p_glInvalidateNamedFramebufferData	D
0x712abade08	p_glInvalidateNamedFramebufferSubData	D
0x712abade10	p_glClearNamedFramebufferiv	D
0x712abade18	p_glClearNamedFramebufferuiv	D
0x712abade20	p_glClearNamedFramebufferfv	D
0x712abade28	p_glClearNamedFramebufferfi	D
0x712abade30	p_glBlitNamedFramebuffer	D
0x712abade38	p_glCheckNamedFramebufferStatus	D
0x712abade40	p_glGetNamedFramebufferParameteriv	D
0x712abade48	p_glGetNamedFramebufferAttachmentParameteriv	D
0x712abade50	p_glCreateRenderbuffers	D
0x712abade58	p_glNamedRenderbufferStorage	D
0x712abade60	p_glNamedRenderbufferStorageMultisample	D
0x712abade68	p_glGetNamedRenderbufferParameteriv	D
0x712abade70	p_glCreateTextures	D
0x712abade78	p_glTextureBuffer	D
0x712abade80	p_glTextureBufferRange	D
0x712abade88	p_glTextureStorage1D	D
0x712abade90	p_glTextureStorage2D	D
0x712abade98	p_glTextureStorage3D	D
0x712abadea0	p_glTextureStorage2DMultisample	D
0x712abadea8	p_glTextureStorage3DMultisample	D
0x712abadeb0	p_glTextureSubImage1D	D
0x712abadeb8	p_glTextureSubImage2D	D
0x712abadec0	p_glTextureSubImage3D	D
0x712abadec8	p_glCompressedTextureSubImage1D	D
0x712abaded0	p_glCompressedTextureSubImage2D	D
0x712abaded8	p_glCompressedTextureSubImage3D	D
0x712abadee0	p_glCopyTextureSubImage1D	D
0x712abadee8	p_glCopyTextureSubImage2D	D
0x712abadef0	p_glCopyTextureSubImage3D	D
0x712abadef8	p_glTextureParameterf	D
0x712abadf00	p_glTextureParameterfv	D
0x712abadf08	p_glTextureParameteri	D
0x712abadf10	p_glTextureParameterIiv	D
0x712abadf18	p_glTextureParameterIuiv	D
0x712abadf20	p_glTextureParameteriv	D
0x712abadf28	p_glGenerateTextureMipmap	D
0x712abadf30	p_glBindTextureUnit	D
0x712abadf38	p_glGetTextureImage	D
0x712abadf40	p_glGetCompressedTextureImage	D
0x712abadf48	p_glGetTextureLevelParameterfv	D
0x712abadf50	p_glGetTextureLevelParameteriv	D
0x712abadf58	p_glGetTextureParameterfv	D
0x712abadf60	p_glGetTextureParameterIiv	D
0x712abadf68	p_glGetTextureParameterIuiv	D
0x712abadf70	p_glGetTextureParameteriv	D
0x712abadf78	p_glCreateVertexArrays	D
0x712abadf80	p_glDisableVertexArrayAttrib	D
0x712abadf88	p_glEnableVertexArrayAttrib	D
0x712abadf90	p_glVertexArrayElementBuffer	D
0x712abadf98	p_glVertexArrayVertexBuffer	D
0x712abadfa0	p_glVertexArrayVertexBuffers	D
0x712abadfa8	p_glVertexArrayAttribBinding	D
0x712abadfb0	p_glVertexArrayAttribFormat	D
0x712abadfb8	p_glVertexArrayAttribIFormat	D
0x712abadfc0	p_glVertexArrayAttribLFormat	D
0x712abadfc8	p_glVertexArrayBindingDivisor	D
0x712abadfd0	p_glGetVertexArrayiv	D
0x712abadfd8	p_glGetVertexArrayIndexediv	D
0x712abadfe0	p_glGetVertexArrayIndexed64iv	D
0x712abadfe8	p_glCreateSamplers	D
0x712abadff0	p_glCreateProgramPipelines	D
0x712abadff8	p_glCreateQueries	D
0x712abae000	p_glGetQueryBufferObjecti64v	D
0x712abae008	p_glGetQueryBufferObjectiv	D
0x712abae010	p_glGetQueryBufferObjectui64v	D
0x712abae018	p_glGetQueryBufferObjectuiv	D
0x712abae020	p_glMemoryBarrierByRegion	D
0x712abae028	p_glGetTextureSubImage	D
0x712abae030	p_glGetCompressedTextureSubImage	D
0x712abae038	p_glGetGraphicsResetStatus	D
0x712abae040	p_glGetnCompressedTexImage	D
0x712abae048	p_glGetnTexImage	D
0x712abae050	p_glGetnUniformdv	D
0x712abae058	p_glGetnUniformfv	D
0x712abae060	p_glGetnUniformiv	D
0x712abae068	p_glGetnUniformuiv	D
0x712abae070	p_glReadnPixels	D
0x712abae078	p_glGetnMapdv	D
0x712abae080	p_glGetnMapfv	D
0x712abae088	p_glGetnMapiv	D
0x712abae090	p_glGetnPixelMapfv	D
0x712abae098	p_glGetnPixelMapuiv	D
0x712abae0a0	p_glGetnPixelMapusv	D
0x712abae0a8	p_glGetnPolygonStipple	D
0x712abae0b0	p_glGetnColorTable	D
0x712abae0b8	p_glGetnConvolutionFilter	D
0x712abae0c0	p_glGetnSeparableFilter	D
0x712abae0c8	p_glGetnHistogram	D
0x712abae0d0	p_glGetnMinmax	D
0x712abae0d8	p_glTextureBarrier	D
0x712abae0e0	p_glSpecializeShader	D
0x712abae0e8	p_glMultiDrawArraysIndirectCount	D
0x712abae0f0	p_glMultiDrawElementsIndirectCount	D
0x712abae0f8	p_glPolygonOffsetClamp	D
0x712abae100	p_glTbufferMask3DFX	D
0x712abae108	p_glDebugMessageEnableAMD	D
0x712abae110	p_glDebugMessageInsertAMD	D
0x712abae118	p_glDebugMessageCallbackAMD	D
0x712abae120	p_glGetDebugMessageLogAMD	D
0x712abae128	p_glBlendFuncIndexedAMD	D
0x712abae130	p_glBlendFuncSeparateIndexedAMD	D
0x712abae138	p_glBlendEquationIndexedAMD	D
0x712abae140	p_glBlendEquationSeparateIndexedAMD	D
0x712abae148	p_glFramebufferSamplePositionsfvAMD	D
0x712abae150	p_glNamedFramebufferSamplePositionsfvAMD	D
0x712abae158	p_glGetFramebufferParameterfvAMD	D
0x712abae160	p_glGetNamedFramebufferParameterfvAMD	D
0x712abae168	p_glUniform1i64NV	D
0x712abae170	p_glUniform2i64NV	D
0x712abae178	p_glUniform3i64NV	D
0x712abae180	p_glUniform4i64NV	D
0x712abae188	p_glUniform1i64vNV	D
0x712abae190	p_glUniform2i64vNV	D
0x712abae198	p_glUniform3i64vNV	D
0x712abae1a0	p_glUniform4i64vNV	D
0x712abae1a8	p_glUniform1ui64NV	D
0x712abae1b0	p_glUniform2ui64NV	D
0x712abae1b8	p_glUniform3ui64NV	D
0x712abae1c0	p_glUniform4ui64NV	D
0x712abae1c8	p_glUniform1ui64vNV	D
0x712abae1d0	p_glUniform2ui64vNV	D
0x712abae1d8	p_glUniform3ui64vNV	D
0x712abae1e0	p_glUniform4ui64vNV	D
0x712abae1e8	p_glGetUniformi64vNV	D
0x712abae1f0	p_glGetUniformui64vNV	D
0x712abae1f8	p_glProgramUniform1i64NV	D
0x712abae200	p_glProgramUniform2i64NV	D
0x712abae208	p_glProgramUniform3i64NV	D
0x712abae210	p_glProgramUniform4i64NV	D
0x712abae218	p_glProgramUniform1i64vNV	D
0x712abae220	p_glProgramUniform2i64vNV	D
0x712abae228	p_glProgramUniform3i64vNV	D
0x712abae230	p_glProgramUniform4i64vNV	D
0x712abae238	p_glProgramUniform1ui64NV	D
0x712abae240	p_glProgramUniform2ui64NV	D
0x712abae248	p_glProgramUniform3ui64NV	D
0x712abae250	p_glProgramUniform4ui64NV	D
0x712abae258	p_glProgramUniform1ui64vNV	D
0x712abae260	p_glProgramUniform2ui64vNV	D
0x712abae268	p_glProgramUniform3ui64vNV	D
0x712abae270	p_glProgramUniform4ui64vNV	D
0x712abae278	p_glVertexAttribParameteriAMD	D
0x712abae280	p_glMultiDrawArraysIndirectAMD	D
0x712abae288	p_glMultiDrawElementsIndirectAMD	D
0x712abae290	p_glGenNamesAMD	D
0x712abae298	p_glDeleteNamesAMD	D
0x712abae2a0	p_glIsNameAMD	D
0x712abae2a8	p_glQueryObjectParameteruiAMD	D
0x712abae2b0	p_glGetPerfMonitorGroupsAMD	D
0x712abae2b8	p_glGetPerfMonitorCountersAMD	D
0x712abae2c0	p_glGetPerfMonitorGroupStringAMD	D
0x712abae2c8	p_glGetPerfMonitorCounterStringAMD	D
0x712abae2d0	p_glGetPerfMonitorCounterInfoAMD	D
0x712abae2d8	p_glGenPerfMonitorsAMD	D
0x712abae2e0	p_glDeletePerfMonitorsAMD	D
0x712abae2e8	p_glSelectPerfMonitorCountersAMD	D
0x712abae2f0	p_glBeginPerfMonitorAMD	D
0x712abae2f8	p_glEndPerfMonitorAMD	D
0x712abae300	p_glGetPerfMonitorCounterDataAMD	D
0x712abae308	p_glSetMultisamplefvAMD	D
0x712abae310	p_glTexStorageSparseAMD	D
0x712abae318	p_glTextureStorageSparseAMD	D
0x712abae320	p_glStencilOpValueAMD	D
0x712abae328	p_glTessellationFactorAMD	D
0x712abae330	p_glTessellationModeAMD	D
0x712abae338	p_glElementPointerAPPLE	D
0x712abae340	p_glDrawElementArrayAPPLE	D
0x712abae348	p_glDrawRangeElementArrayAPPLE	D
0x712abae350	p_glMultiDrawElementArrayAPPLE	D
0x712abae358	p_glMultiDrawRangeElementArrayAPPLE	D
0x712abae360	p_glGenFencesAPPLE	D
0x712abae368	p_glDeleteFencesAPPLE	D
0x712abae370	p_glSetFenceAPPLE	D
0x712abae378	p_glIsFenceAPPLE	D
0x712abae380	p_glTestFenceAPPLE	D
0x712abae388	p_glFinishFenceAPPLE	D
0x712abae390	p_glTestObjectAPPLE	D
0x712abae398	p_glFinishObjectAPPLE	D
0x712abae3a0	p_glBufferParameteriAPPLE	D
0x712abae3a8	p_glFlushMappedBufferRangeAPPLE	D
0x712abae3b0	p_glObjectPurgeableAPPLE	D
0x712abae3b8	p_glObjectUnpurgeableAPPLE	D
0x712abae3c0	p_glGetObjectParameterivAPPLE	D
0x712abae3c8	p_glTextureRangeAPPLE	D
0x712abae3d0	p_glGetTexParameterPointervAPPLE	D
0x712abae3d8	p_glBindVertexArrayAPPLE	D
0x712abae3e0	p_glDeleteVertexArraysAPPLE	D
0x712abae3e8	p_glGenVertexArraysAPPLE	D
0x712abae3f0	p_glIsVertexArrayAPPLE	D
0x712abae3f8	p_glVertexArrayRangeAPPLE	D
0x712abae400	p_glFlushVertexArrayRangeAPPLE	D
0x712abae408	p_glVertexArrayParameteriAPPLE	D
0x712abae410	p_glEnableVertexAttribAPPLE	D
0x712abae418	p_glDisableVertexAttribAPPLE	D
0x712abae420	p_glIsVertexAttribEnabledAPPLE	D
0x712abae428	p_glMapVertexAttrib1dAPPLE	D
0x712abae430	p_glMapVertexAttrib1fAPPLE	D
0x712abae438	p_glMapVertexAttrib2dAPPLE	D
0x712abae440	p_glMapVertexAttrib2fAPPLE	D
0x712abae448	p_glPrimitiveBoundingBoxARB	D
0x712abae450	p_glGetTextureHandleARB	D
0x712abae458	p_glGetTextureSamplerHandleARB	D
0x712abae460	p_glMakeTextureHandleResidentARB	D
0x712abae468	p_glMakeTextureHandleNonResidentARB	D
0x712abae470	p_glGetImageHandleARB	D
0x712abae478	p_glMakeImageHandleResidentARB	D
0x712abae480	p_glMakeImageHandleNonResidentARB	D
0x712abae488	p_glUniformHandleui64ARB	D
0x712abae490	p_glUniformHandleui64vARB	D
0x712abae498	p_glProgramUniformHandleui64ARB	D
0x712abae4a0	p_glProgramUniformHandleui64vARB	D
0x712abae4a8	p_glIsTextureHandleResidentARB	D
0x712abae4b0	p_glIsImageHandleResidentARB	D
0x712abae4b8	p_glVertexAttribL1ui64ARB	D
0x712abae4c0	p_glVertexAttribL1ui64vARB	D
0x712abae4c8	p_glGetVertexAttribLui64vARB	D
0x712abae4d0	p_glCreateSyncFromCLeventARB	D
0x712abae4d8	p_glClampColorARB	D
0x712abae4e0	p_glDispatchComputeGroupSizeARB	D
0x712abae4e8	p_glDebugMessageControlARB	D
0x712abae4f0	p_glDebugMessageInsertARB	D
0x712abae4f8	p_glDebugMessageCallbackARB	D
0x712abae500	p_glGetDebugMessageLogARB	D
0x712abae508	p_glDrawBuffersARB	D
0x712abae510	p_glBlendEquationiARB	D
0x712abae518	p_glBlendEquationSeparateiARB	D
0x712abae520	p_glBlendFunciARB	D
0x712abae528	p_glBlendFuncSeparateiARB	D
0x712abae530	p_glDrawArraysInstancedARB	D
0x712abae538	p_glDrawElementsInstancedARB	D
0x712abae540	p_glProgramStringARB	D
0x712abae548	p_glBindProgramARB	D
0x712abae550	p_glDeleteProgramsARB	D
0x712abae558	p_glGenProgramsARB	D
0x712abae560	p_glProgramEnvParameter4dARB	D
0x712abae568	p_glProgramEnvParameter4dvARB	D
0x712abae570	p_glProgramEnvParameter4fARB	D
0x712abae578	p_glProgramEnvParameter4fvARB	D
0x712abae580	p_glProgramLocalParameter4dARB	D
0x712abae588	p_glProgramLocalParameter4dvARB	D
0x712abae590	p_glProgramLocalParameter4fARB	D
0x712abae598	p_glProgramLocalParameter4fvARB	D
0x712abae5a0	p_glGetProgramEnvParameterdvARB	D
0x712abae5a8	p_glGetProgramEnvParameterfvARB	D
0x712abae5b0	p_glGetProgramLocalParameterdvARB	D
0x712abae5b8	p_glGetProgramLocalParameterfvARB	D
0x712abae5c0	p_glGetProgramivARB	D
0x712abae5c8	p_glGetProgramStringARB	D
0x712abae5d0	p_glIsProgramARB	D
0x712abae5d8	p_glProgramParameteriARB	D
0x712abae5e0	p_glFramebufferTextureARB	D
0x712abae5e8	p_glFramebufferTextureLayerARB	D
0x712abae5f0	p_glFramebufferTextureFaceARB	D
0x712abae5f8	p_glSpecializeShaderARB	D
0x712abae600	p_glUniform1i64ARB	D
0x712abae608	p_glUniform2i64ARB	D
0x712abae610	p_glUniform3i64ARB	D
0x712abae618	p_glUniform4i64ARB	D
0x712abae620	p_glUniform1i64vARB	D
0x712abae628	p_glUniform2i64vARB	D
0x712abae630	p_glUniform3i64vARB	D
0x712abae638	p_glUniform4i64vARB	D
0x712abae640	p_glUniform1ui64ARB	D
0x712abae648	p_glUniform2ui64ARB	D
0x712abae650	p_glUniform3ui64ARB	D
0x712abae658	p_glUniform4ui64ARB	D
0x712abae660	p_glUniform1ui64vARB	D
0x712abae668	p_glUniform2ui64vARB	D
0x712abae670	p_glUniform3ui64vARB	D
0x712abae678	p_glUniform4ui64vARB	D
0x712abae680	p_glGetUniformi64vARB	D
0x712abae688	p_glGetUniformui64vARB	D
0x712abae690	p_glGetnUniformi64vARB	D
0x712abae698	p_glGetnUniformui64vARB	D
0x712abae6a0	p_glProgramUniform1i64ARB	D
0x712abae6a8	p_glProgramUniform2i64ARB	D
0x712abae6b0	p_glProgramUniform3i64ARB	D
0x712abae6b8	p_glProgramUniform4i64ARB	D
0x712abae6c0	p_glProgramUniform1i64vARB	D
0x712abae6c8	p_glProgramUniform2i64vARB	D
0x712abae6d0	p_glProgramUniform3i64vARB	D
0x712abae6d8	p_glProgramUniform4i64vARB	D
0x712abae6e0	p_glProgramUniform1ui64ARB	D
0x712abae6e8	p_glProgramUniform2ui64ARB	D
0x712abae6f0	p_glProgramUniform3ui64ARB	D
0x712abae6f8	p_glProgramUniform4ui64ARB	D
0x712abae700	p_glProgramUniform1ui64vARB	D
0x712abae708	p_glProgramUniform2ui64vARB	D
0x712abae710	p_glProgramUniform3ui64vARB	D
0x712abae718	p_glProgramUniform4ui64vARB	D
0x712abae720	p_glColorTable	D
0x712abae728	p_glColorTableParameterfv	D
0x712abae730	p_glColorTableParameteriv	D
0x712abae738	p_glCopyColorTable	D
0x712abae740	p_glGetColorTable	D
0x712abae748	p_glGetColorTableParameterfv	D
0x712abae750	p_glGetColorTableParameteriv	D
0x712abae758	p_glColorSubTable	D
0x712abae760	p_glCopyColorSubTable	D
0x712abae768	p_glConvolutionFilter1D	D
0x712abae770	p_glConvolutionFilter2D	D
0x712abae778	p_glConvolutionParameterf	D
0x712abae780	p_glConvolutionParameterfv	D
0x712abae788	p_glConvolutionParameteri	D
0x712abae790	p_glConvolutionParameteriv	D
0x712abae798	p_glCopyConvolutionFilter1D	D
0x712abae7a0	p_glCopyConvolutionFilter2D	D
0x712abae7a8	p_glGetConvolutionFilter	D
0x712abae7b0	p_glGetConvolutionParameterfv	D
0x712abae7b8	p_glGetConvolutionParameteriv	D
0x712abae7c0	p_glGetSeparableFilter	D
0x712abae7c8	p_glSeparableFilter2D	D
0x712abae7d0	p_glGetHistogram	D
0x712abae7d8	p_glGetHistogramParameterfv	D
0x712abae7e0	p_glGetHistogramParameteriv	D
0x712abae7e8	p_glGetMinmax	D
0x712abae7f0	p_glGetMinmaxParameterfv	D
0x712abae7f8	p_glGetMinmaxParameteriv	D
0x712abae800	p_glHistogram	D
0x712abae808	p_glMinmax	D
0x712abae810	p_glResetHistogram	D
0x712abae818	p_glResetMinmax	D
0x712abae820	p_glMultiDrawArraysIndirectCountARB	D
0x712abae828	p_glMultiDrawElementsIndirectCountARB	D
0x712abae830	p_glVertexAttribDivisorARB	D
0x712abae838	p_glCurrentPaletteMatrixARB	D
0x712abae840	p_glMatrixIndexubvARB	D
0x712abae848	p_glMatrixIndexusvARB	D
0x712abae850	p_glMatrixIndexuivARB	D
0x712abae858	p_glMatrixIndexPointerARB	D
0x712abae860	p_glSampleCoverageARB	D
0x712abae868	p_glActiveTextureARB	D
0x712abae870	p_glClientActiveTextureARB	D
0x712abae878	p_glMultiTexCoord1dARB	D
0x712abae880	p_glMultiTexCoord1dvARB	D
0x712abae888	p_glMultiTexCoord1fARB	D
0x712abae890	p_glMultiTexCoord1fvARB	D
0x712abae898	p_glMultiTexCoord1iARB	D
0x712abae8a0	p_glMultiTexCoord1ivARB	D
0x712abae8a8	p_glMultiTexCoord1sARB	D
0x712abae8b0	p_glMultiTexCoord1svARB	D
0x712abae8b8	p_glMultiTexCoord2dARB	D
0x712abae8c0	p_glMultiTexCoord2dvARB	D
0x712abae8c8	p_glMultiTexCoord2fARB	D
0x712abae8d0	p_glMultiTexCoord2fvARB	D
0x712abae8d8	p_glMultiTexCoord2iARB	D
0x712abae8e0	p_glMultiTexCoord2ivARB	D
0x712abae8e8	p_glMultiTexCoord2sARB	D
0x712abae8f8	p_glMultiTexCoord3dARB	D
0x712abae900	p_glMultiTexCoord3dvARB	D
0x712abae908	p_glMultiTexCoord3fARB	D
0x712abae910	p_glMultiTexCoord3fvARB	D
0x712abae918	p_glMultiTexCoord3iARB	D
0x712abae920	p_glMultiTexCoord3ivARB	D
0x712abae928	p_glMultiTexCoord3sARB	D
0x712abae930	p_glMultiTexCoord3svARB	D
0x712abae938	p_glMultiTexCoord4dARB	D
0x712abae940	p_glMultiTexCoord4dvARB	D
0x712abae948	p_glMultiTexCoord4fARB	D
0x712abae950	p_glMultiTexCoord4fvARB	D
0x712abae958	p_glMultiTexCoord4iARB	D
0x712abae960	p_glMultiTexCoord4ivARB	D
0x712abae968	p_glMultiTexCoord4sARB	D
0x712abae970	p_glMultiTexCoord4svARB	D
0x712abae978	p_glGenQueriesARB	D
0x712abae980	p_glDeleteQueriesARB	D
0x712abae988	p_glIsQueryARB	D
0x712abae990	p_glBeginQueryARB	D
0x712abae998	p_glEndQueryARB	D
0x712abae9a0	p_glGetQueryivARB	D
0x712abae9a8	p_glGetQueryObjectivARB	D
0x712abae9b0	p_glGetQueryObjectuivARB	D
0x712abae9b8	p_glMaxShaderCompilerThreadsARB	D
0x712abae9c0	p_glPointParameterfARB	D
0x712abae9c8	p_glPointParameterfvARB	D
0x712abae9d0	p_glGetGraphicsResetStatusARB	D
0x712abae9d8	p_glGetnTexImageARB	D
0x712abae9e0	p_glReadnPixelsARB	D
0x712abae9e8	p_glGetnCompressedTexImageARB	D
0x712abae9f0	p_glGetnUniformfvARB	D
0x712abae9f8	p_glGetnUniformivARB	D
0x712abaea00	p_glGetnUniformuivARB	D
0x712abaea08	p_glGetnUniformdvARB	D
0x712abaea10	p_glGetnMapdvARB	D
0x712abaea18	p_glGetnMapfvARB	D
0x712abaea20	p_glGetnMapivARB	D
0x712abaea28	p_glGetnPixelMapfvARB	D
0x712abaea30	p_glGetnPixelMapuivARB	D
0x712abaea38	p_glGetnPixelMapusvARB	D
0x712abaea40	p_glGetnPolygonStippleARB	D
0x712abaea48	p_glGetnColorTableARB	D
0x712abaea50	p_glGetnConvolutionFilterARB	D
0x712abaea58	p_glGetnSeparableFilterARB	D
0x712abaea60	p_glGetnHistogramARB	D
0x712abaea68	p_glGetnMinmaxARB	D
0x712abaea70	p_glFramebufferSampleLocationsfvARB	D
0x712abaea78	p_glNamedFramebufferSampleLocationsfvARB	D
0x712abaea80	p_glEvaluateDepthValuesARB	D
0x712abaea88	p_glMinSampleShadingARB	D
0x712abaea90	p_glDeleteObjectARB	D
0x712abaea98	p_glGetHandleARB	D
0x712abaeaa0	p_glDetachObjectARB	D
0x712abaeaa8	p_glCreateShaderObjectARB	D
0x712abaeab0	p_glShaderSourceARB	D
0x712abaeab8	p_glCompileShaderARB	D
0x712abaeac0	p_glCreateProgramObjectARB	D
0x712abaeac8	p_glAttachObjectARB	D
0x712abaead0	p_glLinkProgramARB	D
0x712abaead8	p_glUseProgramObjectARB	D
0x712abaeae0	p_glValidateProgramARB	D
0x712abaeae8	p_glUniform1fARB	D
0x712abaeaf0	p_glUniform2fARB	D
0x712abaeaf8	p_glUniform3fARB	D
0x712abaeb00	p_glUniform4fARB	D
0x712abaeb08	p_glUniform1iARB	D
0x712abaeb10	p_glUniform2iARB	D
0x712abaeb18	p_glUniform3iARB	D
0x712abaeb20	p_glUniform4iARB	D
0x712abaeb28	p_glUniform1fvARB	D
0x712abaeb30	p_glUniform2fvARB	D
0x712abaeb38	p_glUniform3fvARB	D
0x712abaeb40	p_glUniform4fvARB	D
0x712abaeb48	p_glUniform1ivARB	D
0x712abaeb50	p_glUniform2ivARB	D
0x712abaeb58	p_glUniform3ivARB	D
0x712abaeb60	p_glUniform4ivARB	D
0x712abaeb68	p_glUniformMatrix2fvARB	D
0x712abaeb70	p_glUniformMatrix3fvARB	D
0x712abaeb78	p_glUniformMatrix4fvARB	D
0x712abaeb80	p_glGetObjectParameterfvARB	D
0x712abaeb88	p_glGetObjectParameterivARB	D
0x712abaeb90	p_glGetInfoLogARB	D
0x712abaeb98	p_glGetAttachedObjectsARB	D
0x712abaeba0	p_glGetUniformLocationARB	D
0x712abaeba8	p_glGetActiveUniformARB	D
0x712abaebb0	p_glGetUniformfvARB	D
0x712abaebb8	p_glGetUniformivARB	D
0x712abaebc0	p_glGetShaderSourceARB	D
0x712abaebc8	p_glNamedStringARB	D
0x712abaebd0	p_glDeleteNamedStringARB	D
0x712abaebd8	p_glCompileShaderIncludeARB	D
0x712abaebe0	p_glIsNamedStringARB	D
0x712abaebe8	p_glGetNamedStringARB	D
0x712abaebf0	p_glGetNamedStringivARB	D
0x712abaebf8	p_glBufferPageCommitmentARB	D
0x712abaec00	p_glNamedBufferPageCommitmentEXT	D
0x712abaec08	p_glNamedBufferPageCommitmentARB	D
0x712abaec10	p_glTexPageCommitmentARB	D
0x712abaec18	p_glTexBufferARB	D
0x712abaec20	p_glCompressedTexImage3DARB	D
0x712abaec28	p_glCompressedTexImage2DARB	D
0x712abaec30	p_glCompressedTexImage1DARB	D
0x712abaec38	p_glCompressedTexSubImage3DARB	D
0x712abaec40	p_glCompressedTexSubImage2DARB	D
0x712abaec48	p_glCompressedTexSubImage1DARB	D
0x712abaec50	p_glGetCompressedTexImageARB	D
0x712abaec58	p_glLoadTransposeMatrixfARB	D
0x712abaec60	p_glLoadTransposeMatrixdARB	D
0x712abaec68	p_glMultTransposeMatrixfARB	D
0x712abaec70	p_glMultTransposeMatrixdARB	D
0x712abaec78	p_glWeightbvARB	D
0x712abaec80	p_glWeightsvARB	D
0x712abaec88	p_glWeightivARB	D
0x712abaec90	p_glWeightfvARB	D
0x712abaec98	p_glWeightdvARB	D
0x712abaeca0	p_glWeightubvARB	D
0x712abaeca8	p_glWeightusvARB	D
0x712abaecb0	p_glWeightuivARB	D
0x712abaecb8	p_glWeightPointerARB	D
0x712abaecc0	p_glVertexBlendARB	D
0x712abaecc8	p_glBindBufferARB	D
0x712abaecd0	p_glDeleteBuffersARB	D
0x712abaecd8	p_glGenBuffersARB	D
0x712abaece0	p_glIsBufferARB	D
0x712abaece8	p_glBufferDataARB	D
0x712abaecf0	p_glBufferSubDataARB	D
0x712abaecf8	p_glGetBufferSubDataARB	D
0x712abaed00	p_glMapBufferARB	D
0x712abaed08	p_glUnmapBufferARB	D
0x712abaed10	p_glGetBufferParameterivARB	D
0x712abaed18	p_glGetBufferPointervARB	D
0x712abaed20	p_glVertexAttrib1dARB	D
0x712abaed28	p_glVertexAttrib1dvARB	D
0x712abaed30	p_glVertexAttrib1fARB	D
0x712abaed38	p_glVertexAttrib1fvARB	D
0x712abaed40	p_glVertexAttrib1sARB	D
0x712abaed48	p_glVertexAttrib1svARB	D
0x712abaed50	p_glVertexAttrib2dARB	D
0x712abaed58	p_glVertexAttrib2dvARB	D
0x712abaed60	p_glVertexAttrib2fARB	D
0x712abaed68	p_glVertexAttrib2fvARB	D
0x712abaed70	p_glVertexAttrib2sARB	D
0x712abaed78	p_glVertexAttrib2svARB	D
0x712abaed80	p_glVertexAttrib3dARB	D
0x712abaed88	p_glVertexAttrib3dvARB	D
0x712abaed90	p_glVertexAttrib3fARB	D
0x712abaed98	p_glVertexAttrib3fvARB	D
0x712abaeda0	p_glVertexAttrib3sARB	D
0x712abaeda8	p_glVertexAttrib3svARB	D
0x712abaedb0	p_glVertexAttrib4NbvARB	D
0x712abaedb8	p_glVertexAttrib4NivARB	D
0x712abaedc0	p_glVertexAttrib4NsvARB	D
0x712abaedc8	p_glVertexAttrib4NubARB	D
0x712abaedd0	p_glVertexAttrib4NubvARB	D
0x712abaedd8	p_glVertexAttrib4NuivARB	D
0x712abaede0	p_glVertexAttrib4NusvARB	D
0x712abaede8	p_glVertexAttrib4bvARB	D
0x712abaedf0	p_glVertexAttrib4dARB	D
0x712abaedf8	p_glVertexAttrib4dvARB	D
0x712abaee00	p_glVertexAttrib4fARB	D
0x712abaee08	p_glVertexAttrib4fvARB	D
0x712abaee10	p_glVertexAttrib4ivARB	D
0x712abaee18	p_glVertexAttrib4sARB	D
0x712abaee20	p_glVertexAttrib4svARB	D
0x712abaee28	p_glVertexAttrib4ubvARB	D
0x712abaee30	p_glVertexAttrib4uivARB	D
0x712abaee38	p_glVertexAttrib4usvARB	D
0x712abaee40	p_glVertexAttribPointerARB	D
0x712abaee48	p_glEnableVertexAttribArrayARB	D
0x712abaee50	p_glDisableVertexAttribArrayARB	D
0x712abaee58	p_glGetVertexAttribdvARB	D
0x712abaee60	p_glGetVertexAttribfvARB	D
0x712abaee68	p_glGetVertexAttribivARB	D
0x712abaee70	p_glGetVertexAttribPointervARB	D
0x712abaee78	p_glBindAttribLocationARB	D
0x712abaee80	p_glGetActiveAttribARB	D
0x712abaee88	p_glGetAttribLocationARB	D
0x712abaee90	p_glWindowPos2dARB	D
0x712abaee98	p_glWindowPos2dvARB	D
0x712abaeea0	p_glWindowPos2fARB	D
0x712abaeea8	p_glWindowPos2fvARB	D
0x712abaeeb0	p_glWindowPos2iARB	D
0x712abaeeb8	p_glWindowPos2ivARB	D
0x712abaeec0	p_glWindowPos2sARB	D
0x712abaeec8	p_glWindowPos2svARB	D
0x712abaeed0	p_glWindowPos3dARB	D
0x712abaeed8	p_glWindowPos3dvARB	D
0x712abaeee0	p_glWindowPos3fARB	D
0x712abaeee8	p_glWindowPos3fvARB	D
0x712abaeef0	p_glWindowPos3iARB	D
0x712abaeef8	p_glWindowPos3ivARB	D
0x712abaef00	p_glWindowPos3sARB	D
0x712abaef08	p_glWindowPos3svARB	D
0x712abaef10	p_glDrawBuffersATI	D
0x712abaef18	p_glElementPointerATI	D
0x712abaef20	p_glDrawElementArrayATI	D
0x712abaef28	p_glDrawRangeElementArrayATI	D
0x712abaef30	p_glTexBumpParameterivATI	D
0x712abaef38	p_glTexBumpParameterfvATI	D
0x712abaef40	p_glGetTexBumpParameterivATI	D
0x712abaef48	p_glGetTexBumpParameterfvATI	D
0x712abaef50	p_glGenFragmentShadersATI	D
0x712abaef58	p_glBindFragmentShaderATI	D
0x712abaef60	p_glDeleteFragmentShaderATI	D
0x712abaef68	p_glBeginFragmentShaderATI	D
0x712abaef70	p_glEndFragmentShaderATI	D
0x712abaef78	p_glPassTexCoordATI	D
0x712abaef80	p_glSampleMapATI	D
0x712abaef88	p_glColorFragmentOp1ATI	D
0x712abaef90	p_glColorFragmentOp2ATI	D
0x712abaef98	p_glColorFragmentOp3ATI	D
0x712abaefa0	p_glAlphaFragmentOp1ATI	D
0x712abaefa8	p_glAlphaFragmentOp2ATI	D
0x712abaefb0	p_glAlphaFragmentOp3ATI	D
0x712abaefb8	p_glSetFragmentShaderConstantATI	D
0x712abaefc0	p_glMapObjectBufferATI	D
0x712abaefc8	p_glUnmapObjectBufferATI	D
0x712abaefd0	p_glPNTrianglesiATI	D
0x712abaefd8	p_glPNTrianglesfATI	D
0x712abaefe0	p_glStencilOpSeparateATI	D
0x712abaefe8	p_glStencilFuncSeparateATI	D
0x712abaeff0	p_glNewObjectBufferATI	D
0x712abaeff8	p_glIsObjectBufferATI	D
0x712abaf000	p_glUpdateObjectBufferATI	D
0x712abaf008	p_glGetObjectBufferfvATI	D
0x712abaf010	p_glGetObjectBufferivATI	D
0x712abaf018	p_glFreeObjectBufferATI	D
0x712abaf020	p_glArrayObjectATI	D
0x712abaf028	p_glGetArrayObjectfvATI	D
0x712abaf030	p_glGetArrayObjectivATI	D
0x712abaf038	p_glVariantArrayObjectATI	D
0x712abaf040	p_glGetVariantArrayObjectfvATI	D
0x712abaf048	p_glGetVariantArrayObjectivATI	D
0x712abaf050	p_glVertexAttribArrayObjectATI	D
0x712abaf058	p_glGetVertexAttribArrayObjectfvATI	D
0x712abaf060	p_glGetVertexAttribArrayObjectivATI	D
0x712abaf068	p_glVertexStream1sATI	D
0x712abaf070	p_glVertexStream1svATI	D
0x712abaf078	p_glVertexStream1iATI	D
0x712abaf080	p_glVertexStream1ivATI	D
0x712abaf088	p_glVertexStream1fATI	D
0x712abaf090	p_glVertexStream1fvATI	D
0x712abaf098	p_glVertexStream1dATI	D
0x712abaf0a0	p_glVertexStream1dvATI	D
0x712abaf0a8	p_glVertexStream2sATI	D
0x712abaf0b0	p_glVertexStream2svATI	D
0x712abaf0b8	p_glVertexStream2iATI	D
0x712abaf0c0	p_glVertexStream2ivATI	D
0x712abaf0c8	p_glVertexStream2fATI	D
0x712abaf0d0	p_glVertexStream2fvATI	D
0x712abaf0d8	p_glVertexStream2dATI	D
0x712abaf0e0	p_glVertexStream2dvATI	D
0x712abaf0e8	p_glVertexStream3sATI	D
0x712abaf0f0	p_glVertexStream3svATI	D
0x712abaf0f8	p_glVertexStream3iATI	D
0x712abaf100	p_glVertexStream3ivATI	D
0x712abaf108	p_glVertexStream3fATI	D
0x712abaf110	p_glVertexStream3fvATI	D
0x712abaf118	p_glVertexStream3dATI	D
0x712abaf120	p_glVertexStream3dvATI	D
0x712abaf128	p_glVertexStream4sATI	D
0x712abaf130	p_glVertexStream4svATI	D
0x712abaf138	p_glVertexStream4iATI	D
0x712abaf140	p_glVertexStream4ivATI	D
0x712abaf148	p_glVertexStream4fATI	D
0x712abaf150	p_glVertexStream4fvATI	D
0x712abaf158	p_glVertexStream4dATI	D
0x712abaf160	p_glVertexStream4dvATI	D
0x712abaf168	p_glNormalStream3bATI	D
0x712abaf170	p_glNormalStream3bvATI	D
0x712abaf178	p_glNormalStream3sATI	D
0x712abaf180	p_glNormalStream3svATI	D
0x712abaf188	p_glNormalStream3iATI	D
0x712abaf190	p_glNormalStream3ivATI	D
0x712abaf198	p_glNormalStream3fATI	D
0x712abaf1a0	p_glNormalStream3fvATI	D
0x712abaf1a8	p_glNormalStream3dATI	D
0x712abaf1b0	p_glNormalStream3dvATI	D
0x712abaf1b8	p_glClientActiveVertexStreamATI	D
0x712abaf1c0	p_glVertexBlendEnviATI	D
0x712abaf1c8	p_glVertexBlendEnvfATI	D
0x712abaf1d0	p_glEGLImageTargetTexStorageEXT	D
0x712abaf1d8	p_glEGLImageTargetTextureStorageEXT	D
0x712abaf1e0	p_glUniformBufferEXT	D
0x712abaf1e8	p_glGetUniformBufferSizeEXT	D
0x712abaf1f0	p_glGetUniformOffsetEXT	D
0x712abaf1f8	p_glBlendColorEXT	D
0x712abaf200	p_glBlendEquationSeparateEXT	D
0x712abaf208	p_glBlendFuncSeparateEXT	D
0x712abaf210	p_glBlendEquationEXT	D
0x712abaf218	p_glColorSubTableEXT	D
0x712abaf220	p_glCopyColorSubTableEXT	D
0x712abaf228	p_glLockArraysEXT	D
0x712abaf230	p_glUnlockArraysEXT	D
0x712abaf238	p_glConvolutionFilter1DEXT	D
0x712abaf240	p_glConvolutionFilter2DEXT	D
0x712abaf248	p_glConvolutionParameterfEXT	D
0x712abaf250	p_glConvolutionParameterfvEXT	D
0x712abaf258	p_glConvolutionParameteriEXT	D
0x712abaf260	p_glConvolutionParameterivEXT	D
0x712abaf268	p_glCopyConvolutionFilter1DEXT	D
0x712abaf270	p_glCopyConvolutionFilter2DEXT	D
0x712abaf278	p_glGetConvolutionFilterEXT	D
0x712abaf280	p_glGetConvolutionParameterfvEXT	D
0x712abaf288	p_glGetConvolutionParameterivEXT	D
0x712abaf290	p_glGetSeparableFilterEXT	D
0x712abaf298	p_glSeparableFilter2DEXT	D
0x712abaf2a0	p_glTangent3bEXT	D
0x712abaf2a8	p_glTangent3bvEXT	D
0x712abaf2b0	p_glTangent3dEXT	D
0x712abaf2b8	p_glTangent3dvEXT	D
0x712abaf2c0	p_glTangent3fEXT	D
0x712abaf2c8	p_glTangent3fvEXT	D
0x712abaf2d0	p_glTangent3iEXT	D
0x712abaf2d8	p_glTangent3ivEXT	D
0x712abaf2e0	p_glTangent3sEXT	D
0x712abaf2e8	p_glTangent3svEXT	D
0x712abaf2f0	p_glBinormal3bEXT	D
0x712abaf2f8	p_glBinormal3bvEXT	D
0x712abaf300	p_glBinormal3dEXT	D
0x712abaf308	p_glBinormal3dvEXT	D
0x712abaf310	p_glBinormal3fEXT	D
0x712abaf318	p_glBinormal3fvEXT	D
0x712abaf320	p_glBinormal3iEXT	D
0x712abaf328	p_glBinormal3ivEXT	D
0x712abaf330	p_glBinormal3sEXT	D
0x712abaf338	p_glBinormal3svEXT	D
0x712abaf340	p_glTangentPointerEXT	D
0x712abaf348	p_glBinormalPointerEXT	D
0x712abaf350	p_glCopyTexImage1DEXT	D
0x712abaf358	p_glCopyTexImage2DEXT	D
0x712abaf360	p_glCopyTexSubImage1DEXT	D
0x712abaf368	p_glCopyTexSubImage2DEXT	D
0x712abaf370	p_glCopyTexSubImage3DEXT	D
0x712abaf378	p_glCullParameterdvEXT	D
0x712abaf380	p_glCullParameterfvEXT	D
0x712abaf388	p_glLabelObjectEXT	D
0x712abaf390	p_glGetObjectLabelEXT	D
0x712abaf398	p_glInsertEventMarkerEXT	D
0x712abaf3a0	p_glPushGroupMarkerEXT	D
0x712abaf3a8	p_glPopGroupMarkerEXT	D
0x712abaf3b0	p_glDepthBoundsEXT	D
0x712abaf3b8	p_glMatrixLoadfEXT	D
0x712abaf3c0	p_glMatrixLoaddEXT	D
0x712abaf3c8	p_glMatrixMultfEXT	D
0x712abaf3d0	p_glMatrixMultdEXT	D
0x712abaf3d8	p_glMatrixLoadIdentityEXT	D
0x712abaf3e0	p_glMatrixRotatefEXT	D
0x712abaf3e8	p_glMatrixRotatedEXT	D
0x712abaf3f0	p_glMatrixScalefEXT	D
0x712abaf3f8	p_glMatrixScaledEXT	D
0x712abaf400	p_glMatrixTranslatefEXT	D
0x712abaf408	p_glMatrixTranslatedEXT	D
0x712abaf410	p_glMatrixFrustumEXT	D
0x712abaf418	p_glMatrixOrthoEXT	D
0x712abaf420	p_glMatrixPopEXT	D
0x712abaf428	p_glMatrixPushEXT	D
0x712abaf430	p_glClientAttribDefaultEXT	D
0x712abaf438	p_glPushClientAttribDefaultEXT	D
0x712abaf440	p_glTextureParameterfEXT	D
0x712abaf448	p_glTextureParameterfvEXT	D
0x712abaf450	p_glTextureParameteriEXT	D
0x712abaf458	p_glTextureParameterivEXT	D
0x712abaf460	p_glTextureImage1DEXT	D
0x712abaf468	p_glTextureImage2DEXT	D
0x712abaf470	p_glTextureSubImage1DEXT	D
0x712abaf478	p_glTextureSubImage2DEXT	D
0x712abaf480	p_glCopyTextureImage1DEXT	D
0x712abaf488	p_glCopyTextureImage2DEXT	D
0x712abaf490	p_glCopyTextureSubImage1DEXT	D
0x712abaf498	p_glCopyTextureSubImage2DEXT	D
0x712abaf4a0	p_glGetTextureImageEXT	D
0x712abaf4a8	p_glGetTextureParameterfvEXT	D
0x712abaf4b0	p_glGetTextureParameterivEXT	D
0x712abaf4b8	p_glGetTextureLevelParameterfvEXT	D
0x712abaf4c0	p_glGetTextureLevelParameterivEXT	D
0x712abaf4c8	p_glTextureImage3DEXT	D
0x712abaf4d0	p_glTextureSubImage3DEXT	D
0x712abaf4d8	p_glCopyTextureSubImage3DEXT	D
0x712abaf4e0	p_glBindMultiTextureEXT	D
0x712abaf4e8	p_glMultiTexCoordPointerEXT	D
0x712abaf4f0	p_glMultiTexEnvfEXT	D
0x712abaf4f8	p_glMultiTexEnvfvEXT	D
0x712abaf500	p_glMultiTexEnviEXT	D
0x712abaf508	p_glMultiTexEnvivEXT	D
0x712abaf510	p_glMultiTexGendEXT	D
0x712abaf518	p_glMultiTexGendvEXT	D
0x712abaf520	p_glMultiTexGenfEXT	D
0x712abaf528	p_glMultiTexGenfvEXT	D
0x712abaf530	p_glMultiTexGeniEXT	D
0x712abaf538	p_glMultiTexGenivEXT	D
0x712abaf540	p_glGetMultiTexEnvfvEXT	D
0x712abaf548	p_glGetMultiTexEnvivEXT	D
0x712abaf550	p_glGetMultiTexGendvEXT	D
0x712abaf558	p_glGetMultiTexGenfvEXT	D
0x712abaf560	p_glGetMultiTexGenivEXT	D
0x712abaf568	p_glMultiTexParameteriEXT	D
0x712abaf570	p_glMultiTexParameterivEXT	D
0x712abaf578	p_glMultiTexParameterfEXT	D
0x712abaf580	p_glMultiTexParameterfvEXT	D
0x712abaf588	p_glMultiTexImage1DEXT	D
0x712abaf590	p_glMultiTexImage2DEXT	D
0x712abaf598	p_glMultiTexSubImage1DEXT	D
0x712abaf5a0	p_glMultiTexSubImage2DEXT	D
0x712abaf5a8	p_glCopyMultiTexImage1DEXT	D
0x712abaf5b0	p_glCopyMultiTexImage2DEXT	D
0x712abaf5b8	p_glCopyMultiTexSubImage1DEXT	D
0x712abaf5c0	p_glCopyMultiTexSubImage2DEXT	D
0x712abaf5c8	p_glGetMultiTexImageEXT	D
0x712abaf5d0	p_glGetMultiTexParameterfvEXT	D
0x712abaf5d8	p_glGetMultiTexParameterivEXT	D
0x712abaf5e0	p_glGetMultiTexLevelParameterfvEXT	D
0x712abaf5e8	p_glGetMultiTexLevelParameterivEXT	D
0x712abaf5f0	p_glMultiTexImage3DEXT	D
0x712abaf5f8	p_glMultiTexSubImage3DEXT	D
0x712abaf600	p_glCopyMultiTexSubImage3DEXT	D
0x712abaf608	p_glEnableClientStateIndexedEXT	D
0x712abaf610	p_glDisableClientStateIndexedEXT	D
0x712abaf618	p_glGetFloatIndexedvEXT	D
0x712abaf620	p_glGetDoubleIndexedvEXT	D
0x712abaf628	p_glGetPointerIndexedvEXT	D
0x712abaf630	p_glEnableIndexedEXT	D
0x712abaf638	p_glDisableIndexedEXT	D
0x712abaf640	p_glIsEnabledIndexedEXT	D
0x712abaf648	p_glGetIntegerIndexedvEXT	D
0x712abaf650	p_glGetBooleanIndexedvEXT	D
0x712abaf658	p_glCompressedTextureImage3DEXT	D
0x712abaf660	p_glCompressedTextureImage2DEXT	D
0x712abaf668	p_glCompressedTextureImage1DEXT	D
0x712abaf670	p_glCompressedTextureSubImage3DEXT	D
0x712abaf678	p_glCompressedTextureSubImage2DEXT	D
0x712abaf680	p_glCompressedTextureSubImage1DEXT	D
0x712abaf688	p_glGetCompressedTextureImageEXT	D
0x712abaf690	p_glCompressedMultiTexImage3DEXT	D
0x712abaf698	p_glCompressedMultiTexImage2DEXT	D
0x712abaf6a0	p_glCompressedMultiTexImage1DEXT	D
0x712abaf6a8	p_glCompressedMultiTexSubImage3DEXT	D
0x712abaf6b0	p_glCompressedMultiTexSubImage2DEXT	D
0x712abaf6b8	p_glCompressedMultiTexSubImage1DEXT	D
0x712abaf6c0	p_glGetCompressedMultiTexImageEXT	D
0x712abaf6c8	p_glMatrixLoadTransposefEXT	D
0x712abaf6d0	p_glMatrixLoadTransposedEXT	D
0x712abaf6d8	p_glMatrixMultTransposefEXT	D
0x712abaf6e0	p_glMatrixMultTransposedEXT	D
0x712abaf6e8	p_glNamedBufferDataEXT	D
0x712abaf6f0	p_glNamedBufferSubDataEXT	D
0x712abaf6f8	p_glMapNamedBufferEXT	D
0x712abaf700	p_glUnmapNamedBufferEXT	D
0x712abaf708	p_glGetNamedBufferParameterivEXT	D
0x712abaf710	p_glGetNamedBufferPointervEXT	D
0x712abaf718	p_glGetNamedBufferSubDataEXT	D
0x712abaf720	p_glProgramUniform1fEXT	D
0x712abaf728	p_glProgramUniform2fEXT	D
0x712abaf730	p_glProgramUniform3fEXT	D
0x712abaf738	p_glProgramUniform4fEXT	D
0x712abaf740	p_glProgramUniform1iEXT	D
0x712abaf748	p_glProgramUniform2iEXT	D
0x712abaf750	p_glProgramUniform3iEXT	D
0x712abaf758	p_glProgramUniform4iEXT	D
0x712abaf760	p_glProgramUniform1fvEXT	D
0x712abaf768	p_glProgramUniform2fvEXT	D
0x712abaf770	p_glProgramUniform3fvEXT	D
0x712abaf778	p_glProgramUniform4fvEXT	D
0x712abaf780	p_glProgramUniform1ivEXT	D
0x712abaf788	p_glProgramUniform2ivEXT	D
0x712abaf790	p_glProgramUniform3ivEXT	D
0x712abaf798	p_glProgramUniform4ivEXT	D
0x712abaf7a0	p_glProgramUniformMatrix2fvEXT	D
0x712abaf7a8	p_glProgramUniformMatrix3fvEXT	D
0x712abaf7b0	p_glProgramUniformMatrix4fvEXT	D
0x712abaf7b8	p_glProgramUniformMatrix2x3fvEXT	D
0x712abaf7c0	p_glProgramUniformMatrix3x2fvEXT	D
0x712abaf7c8	p_glProgramUniformMatrix2x4fvEXT	D
0x712abaf7d0	p_glProgramUniformMatrix4x2fvEXT	D
0x712abaf7d8	p_glProgramUniformMatrix3x4fvEXT	D
0x712abaf7e0	p_glProgramUniformMatrix4x3fvEXT	D
0x712abaf7e8	p_glTextureBufferEXT	D
0x712abaf7f0	p_glMultiTexBufferEXT	D
0x712abaf7f8	p_glTextureParameterIivEXT	D
0x712abaf800	p_glTextureParameterIuivEXT	D
0x712abaf808	p_glGetTextureParameterIivEXT	D
0x712abaf810	p_glGetTextureParameterIuivEXT	D
0x712abaf818	p_glMultiTexParameterIivEXT	D
0x712abaf820	p_glMultiTexParameterIuivEXT	D
0x712abaf828	p_glGetMultiTexParameterIivEXT	D
0x712abaf830	p_glGetMultiTexParameterIuivEXT	D
0x712abaf838	p_glProgramUniform1uiEXT	D
0x712abaf840	p_glProgramUniform2uiEXT	D
0x712abaf848	p_glProgramUniform3uiEXT	D
0x712abaf850	p_glProgramUniform4uiEXT	D
0x712abaf858	p_glProgramUniform1uivEXT	D
0x712abaf860	p_glProgramUniform2uivEXT	D
0x712abaf868	p_glProgramUniform3uivEXT	D
0x712abaf870	p_glProgramUniform4uivEXT	D
0x712abaf878	p_glNamedProgramLocalParameters4fvEXT	D
0x712abaf880	p_glNamedProgramLocalParameterI4iEXT	D
0x712abaf888	p_glNamedProgramLocalParameterI4ivEXT	D
0x712abaf890	p_glNamedProgramLocalParametersI4ivEXT	D
0x712abaf898	p_glNamedProgramLocalParameterI4uiEXT	D
0x712abaf8a0	p_glNamedProgramLocalParameterI4uivEXT	D
0x712abaf8a8	p_glNamedProgramLocalParametersI4uivEXT	D
0x712abaf8b0	p_glGetNamedProgramLocalParameterIivEXT	D
0x712abaf8b8	p_glGetNamedProgramLocalParameterIuivEXT	D
0x712abaf8c0	p_glEnableClientStateiEXT	D
0x712abaf8c8	p_glDisableClientStateiEXT	D
0x712abaf8d0	p_glGetFloati_vEXT	D
0x712abaf8d8	p_glGetDoublei_vEXT	D
0x712abaf8e0	p_glGetPointeri_vEXT	D
0x712abaf8e8	p_glNamedProgramStringEXT	D
0x712abaf8f0	p_glNamedProgramLocalParameter4dEXT	D
0x712abaf900	p_glNamedProgramLocalParameter4fEXT	D
0x712abaf908	p_glNamedProgramLocalParameter4fvEXT	D
0x712abaf910	p_glGetNamedProgramLocalParameterdvEXT	D
0x712abaf918	p_glGetNamedProgramLocalParameterfvEXT	D
0x712abaf920	p_glGetNamedProgramivEXT	D
0x712abaf928	p_glGetNamedProgramStringEXT	D
0x712abaf930	p_glNamedRenderbufferStorageEXT	D
0x712abaf938	p_glGetNamedRenderbufferParameterivEXT	D
0x712abaf940	p_glNamedRenderbufferStorageMultisampleEXT	D
0x712abaf948	p_glNamedRenderbufferStorageMultisampleCoverageEXT	D
0x712abaf950	p_glCheckNamedFramebufferStatusEXT	D
0x712abaf958	p_glNamedFramebufferTexture1DEXT	D
0x712abaf960	p_glNamedFramebufferTexture2DEXT	D
0x712abaf968	p_glNamedFramebufferTexture3DEXT	D
0x712abaf970	p_glNamedFramebufferRenderbufferEXT	D
0x712abaf978	p_glGetNamedFramebufferAttachmentParameterivEXT	D
0x712abaf980	p_glGenerateTextureMipmapEXT	D
0x712abaf988	p_glGenerateMultiTexMipmapEXT	D
0x712abaf990	p_glFramebufferDrawBufferEXT	D
0x712abaf998	p_glFramebufferDrawBuffersEXT	D
0x712abaf9a0	p_glFramebufferReadBufferEXT	D
0x712abaf9a8	p_glGetFramebufferParameterivEXT	D
0x712abaf9b0	p_glNamedCopyBufferSubDataEXT	D
0x712abaf9b8	p_glNamedFramebufferTextureEXT	D
0x712abaf9c0	p_glNamedFramebufferTextureLayerEXT	D
0x712abaf9c8	p_glNamedFramebufferTextureFaceEXT	D
0x712abaf9d0	p_glTextureRenderbufferEXT	D
0x712abaf9d8	p_glMultiTexRenderbufferEXT	D
0x712abaf9e0	p_glVertexArrayVertexOffsetEXT	D
0x712abaf9e8	p_glVertexArrayColorOffsetEXT	D
0x712abaf9f0	p_glVertexArrayEdgeFlagOffsetEXT	D
0x712abaf9f8	p_glVertexArrayIndexOffsetEXT	D
0x712abafa00	p_glVertexArrayNormalOffsetEXT	D
0x712abafa08	p_glVertexArrayTexCoordOffsetEXT	D
0x712abafa10	p_glVertexArrayMultiTexCoordOffsetEXT	D
0x712abafa18	p_glVertexArrayFogCoordOffsetEXT	D
0x712abafa20	p_glVertexArraySecondaryColorOffsetEXT	D
0x712abafa28	p_glVertexArrayVertexAttribOffsetEXT	D
0x712abafa30	p_glVertexArrayVertexAttribIOffsetEXT	D
0x712abafa38	p_glEnableVertexArrayEXT	D
0x712abafa40	p_glDisableVertexArrayEXT	D
0x712abafa48	p_glEnableVertexArrayAttribEXT	D
0x712abafa50	p_glDisableVertexArrayAttribEXT	D
0x712abafa58	p_glGetVertexArrayIntegervEXT	D
0x712abafa60	p_glGetVertexArrayPointervEXT	D
0x712abafa68	p_glGetVertexArrayIntegeri_vEXT	D
0x712abafa70	p_glGetVertexArrayPointeri_vEXT	D
0x712abafa78	p_glMapNamedBufferRangeEXT	D
0x712abafa80	p_glFlushMappedNamedBufferRangeEXT	D
0x712abafa88	p_glNamedBufferStorageEXT	D
0x712abafa90	p_glClearNamedBufferDataEXT	D
0x712abafa98	p_glClearNamedBufferSubDataEXT	D
0x712abafaa0	p_glNamedFramebufferParameteriEXT	D
0x712abafaa8	p_glGetNamedFramebufferParameterivEXT	D
0x712abafab0	p_glProgramUniform1dEXT	D
0x712abafab8	p_glProgramUniform2dEXT	D
0x712abafac0	p_glProgramUniform3dEXT	D
0x712abafac8	p_glProgramUniform4dEXT	D
0x712abafad0	p_glProgramUniform1dvEXT	D
0x712abafad8	p_glProgramUniform2dvEXT	D
0x712abafae0	p_glProgramUniform3dvEXT	D
0x712abafae8	p_glProgramUniform4dvEXT	D
0x712abafaf0	p_glProgramUniformMatrix2dvEXT	D
0x712abafaf8	p_glProgramUniformMatrix3dvEXT	D
0x712abafb00	p_glProgramUniformMatrix4dvEXT	D
0x712abafb08	p_glProgramUniformMatrix2x3dvEXT	D
0x712abafb10	p_glProgramUniformMatrix2x4dvEXT	D
0x712abafb18	p_glProgramUniformMatrix3x2dvEXT	D
0x712abafb20	p_glProgramUniformMatrix3x4dvEXT	D
0x712abafb28	p_glProgramUniformMatrix4x2dvEXT	D
0x712abafb30	p_glProgramUniformMatrix4x3dvEXT	D
0x712abafb38	p_glTextureBufferRangeEXT	D
0x712abafb40	p_glTextureStorage1DEXT	D
0x712abafb48	p_glTextureStorage2DEXT	D
0x712abafb50	p_glTextureStorage3DEXT	D
0x712abafb58	p_glTextureStorage2DMultisampleEXT	D
0x712abafb60	p_glTextureStorage3DMultisampleEXT	D
0x712abafb68	p_glVertexArrayBindVertexBufferEXT	D
0x712abafb70	p_glVertexArrayVertexAttribFormatEXT	D
0x712abafb78	p_glVertexArrayVertexAttribIFormatEXT	D
0x712abafb80	p_glVertexArrayVertexAttribLFormatEXT	D
0x712abafb88	p_glVertexArrayVertexAttribBindingEXT	D
0x712abafb90	p_glVertexArrayVertexBindingDivisorEXT	D
0x712abafb98	p_glVertexArrayVertexAttribLOffsetEXT	D
0x712abafba0	p_glTexturePageCommitmentEXT	D
0x712abafba8	p_glVertexArrayVertexAttribDivisorEXT	D
0x712abafbb0	p_glColorMaskIndexedEXT	D
0x712abafbb8	p_glDrawArraysInstancedEXT	D
0x712abafbc0	p_glDrawElementsInstancedEXT	D
0x712abafbc8	p_glDrawRangeElementsEXT	D
0x712abafbd0	p_glBufferStorageExternalEXT	D
0x712abafbd8	p_glNamedBufferStorageExternalEXT	D
0x712abafbe0	p_glFogCoordfEXT	D
0x712abafbe8	p_glFogCoordfvEXT	D
0x712abafbf0	p_glFogCoorddEXT	D
0x712abafbf8	p_glFogCoorddvEXT	D
0x712abafc00	p_glFogCoordPointerEXT	D
0x712abafc08	p_glBlitFramebufferEXT	D
0x712abafc10	p_glRenderbufferStorageMultisampleEXT	D
0x712abafc18	p_glIsRenderbufferEXT	D
0x712abafc20	p_glBindRenderbufferEXT	D
0x712abafc28	p_glDeleteRenderbuffersEXT	D
0x712abafc30	p_glGenRenderbuffersEXT	D
0x712abafc38	p_glRenderbufferStorageEXT	D
0x712abafc40	p_glGetRenderbufferParameterivEXT	D
0x712abafc48	p_glIsFramebufferEXT	D
0x712abafc50	p_glBindFramebufferEXT	D
0x712abafc58	p_glDeleteFramebuffersEXT	D
0x712abafc60	p_glGenFramebuffersEXT	D
0x712abafc68	p_glCheckFramebufferStatusEXT	D
0x712abafc70	p_glFramebufferTexture1DEXT	D
0x712abafc78	p_glFramebufferTexture2DEXT	D
0x712abafc80	p_glFramebufferTexture3DEXT	D
0x712abafc88	p_glFramebufferRenderbufferEXT	D
0x712abafc90	p_glGetFramebufferAttachmentParameterivEXT	D
0x712abafc98	p_glGenerateMipmapEXT	D
0x712abafca0	p_glProgramParameteriEXT	D
0x712abafca8	p_glProgramEnvParameters4fvEXT	D
0x712abafcb0	p_glProgramLocalParameters4fvEXT	D
0x712abafcb8	p_glGetUniformuivEXT	D
0x712abafcc0	p_glBindFragDataLocationEXT	D
0x712abafcc8	p_glGetFragDataLocationEXT	D
0x712abafcd0	p_glUniform1uiEXT	D
0x712abafcd8	p_glUniform2uiEXT	D
0x712abafce0	p_glUniform3uiEXT	D
0x712abafce8	p_glUniform4uiEXT	D
0x712abafcf0	p_glUniform1uivEXT	D
0x712abafcf8	p_glUniform2uivEXT	D
0x712abafd00	p_glUniform3uivEXT	D
0x712abafd08	p_glUniform4uivEXT	D
0x712abafd10	p_glGetHistogramEXT	D
0x712abafd18	p_glGetHistogramParameterfvEXT	D
0x712abafd20	p_glGetHistogramParameterivEXT	D
0x712abafd28	p_glGetMinmaxEXT	D
0x712abafd30	p_glGetMinmaxParameterfvEXT	D
0x712abafd38	p_glGetMinmaxParameterivEXT	D
0x712abafd40	p_glHistogramEXT	D
0x712abafd48	p_glMinmaxEXT	D
0x712abafd50	p_glResetHistogramEXT	D
0x712abafd58	p_glResetMinmaxEXT	D
0x712abafd60	p_glIndexFuncEXT	D
0x712abafd68	p_glIndexMaterialEXT	D
0x712abafd70	p_glApplyTextureEXT	D
0x712abafd78	p_glTextureLightEXT	D
0x712abafd80	p_glTextureMaterialEXT	D
0x712abafd88	p_glGetUnsignedBytevEXT	D
0x712abafd90	p_glGetUnsignedBytei_vEXT	D
0x712abafd98	p_glDeleteMemoryObjectsEXT	D
0x712abafda0	p_glIsMemoryObjectEXT	D
0x712abafda8	p_glCreateMemoryObjectsEXT	D
0x712abafdb0	p_glMemoryObjectParameterivEXT	D
0x712abafdb8	p_glGetMemoryObjectParameterivEXT	D
0x712abafdc0	p_glTexStorageMem2DEXT	D
0x712abafdc8	p_glTexStorageMem2DMultisampleEXT	D
0x712abafdd0	p_glTexStorageMem3DEXT	D
0x712abafdd8	p_glTexStorageMem3DMultisampleEXT	D
0x712abafde0	p_glBufferStorageMemEXT	D
0x712abafde8	p_glTextureStorageMem2DEXT	D
0x712abafdf0	p_glTextureStorageMem2DMultisampleEXT	D
0x712abafdf8	p_glTextureStorageMem3DEXT	D
0x712abafe00	p_glTextureStorageMem3DMultisampleEXT	D
0x712abafe08	p_glNamedBufferStorageMemEXT	D
0x712abafe10	p_glTexStorageMem1DEXT	D
0x712abafe18	p_glTextureStorageMem1DEXT	D
0x712abafe20	p_glImportMemoryFdEXT	D
0x712abafe28	p_glImportMemoryWin32HandleEXT	D
0x712abafe30	p_glImportMemoryWin32NameEXT	D
0x712abafe38	p_glMultiDrawArraysEXT	D
0x712abafe40	p_glMultiDrawElementsEXT	D
0x712abafe48	p_glSampleMaskEXT	D
0x712abafe50	p_glSamplePatternEXT	D
0x712abafe58	p_glColorTableEXT	D
0x712abafe60	p_glGetColorTableEXT	D
0x712abafe68	p_glGetColorTableParameterivEXT	D
0x712abafe70	p_glGetColorTableParameterfvEXT	D
0x712abafe78	p_glPixelTransformParameteriEXT	D
0x712abafe80	p_glPixelTransformParameterfEXT	D
0x712abafe88	p_glPixelTransformParameterivEXT	D
0x712abafe90	p_glPixelTransformParameterfvEXT	D
0x712abafe98	p_glGetPixelTransformParameterivEXT	D
0x712abafea0	p_glGetPixelTransformParameterfvEXT	D
0x712abafea8	p_glPointParameterfEXT	D
0x712abafeb0	p_glPointParameterfvEXT	D
0x712abafeb8	p_glPolygonOffsetEXT	D
0x712abafec0	p_glPolygonOffsetClampEXT	D
0x712abafec8	p_glProvokingVertexEXT	D
0x712abafed0	p_glRasterSamplesEXT	D
0x712abafed8	p_glGenSemaphoresEXT	D
0x712abafee0	p_glDeleteSemaphoresEXT	D
0x712abafee8	p_glIsSemaphoreEXT	D
0x712abafef0	p_glSemaphoreParameterui64vEXT	D
0x712abafef8	p_glGetSemaphoreParameterui64vEXT	D
0x712abaff00	p_glWaitSemaphoreEXT	D
0x712abaff08	p_glSignalSemaphoreEXT	D
0x712abaff10	p_glImportSemaphoreFdEXT	D
0x712abaff18	p_glImportSemaphoreWin32HandleEXT	D
0x712abaff20	p_glImportSemaphoreWin32NameEXT	D
0x712abaff28	p_glSecondaryColor3bEXT	D
0x712abaff30	p_glSecondaryColor3bvEXT	D
0x712abaff38	p_glSecondaryColor3dEXT	D
0x712abaff40	p_glSecondaryColor3dvEXT	D
0x712abaff48	p_glSecondaryColor3fEXT	D
0x712abaff50	p_glSecondaryColor3fvEXT	D
0x712abaff58	p_glSecondaryColor3iEXT	D
0x712abaff60	p_glSecondaryColor3ivEXT	D
0x712abaff68	p_glSecondaryColor3sEXT	D
0x712abaff70	p_glSecondaryColor3svEXT	D
0x712abaff78	p_glSecondaryColor3ubEXT	D
0x712abaff80	p_glSecondaryColor3ubvEXT	D
0x712abaff88	p_glSecondaryColor3uiEXT	D
0x712abaff90	p_glSecondaryColor3uivEXT	D
0x712abaff98	p_glSecondaryColor3usEXT	D
0x712abaffa0	p_glSecondaryColor3usvEXT	D
0x712abaffa8	p_glSecondaryColorPointerEXT	D
0x712abaffb0	p_glUseShaderProgramEXT	D
0x712abaffb8	p_glActiveProgramEXT	D
0x712abaffc0	p_glCreateShaderProgramEXT	D
0x712abaffc8	p_glActiveShaderProgramEXT	D
0x712abaffd0	p_glBindProgramPipelineEXT	D
0x712abaffd8	p_glCreateShaderProgramvEXT	D
0x712abaffe0	p_glDeleteProgramPipelinesEXT	D
0x712abaffe8	p_glGenProgramPipelinesEXT	D
0x712abafff0	p_glGetProgramPipelineInfoLogEXT	D
0x712abafff8	p_glGetProgramPipelineivEXT	D
0x712abb0000	p_glIsProgramPipelineEXT	D
0x712abb0008	p_glUseProgramStagesEXT	D
0x712abb0010	p_glValidateProgramPipelineEXT	D
0x712abb0018	p_glFramebufferFetchBarrierEXT	D
0x712abb0020	p_glBindImageTextureEXT	D
0x712abb0028	p_glMemoryBarrierEXT	D
0x712abb0030	p_glStencilClearTagEXT	D
0x712abb0038	p_glActiveStencilFaceEXT	D
0x712abb0040	p_glTexSubImage1DEXT	D
0x712abb0048	p_glTexSubImage2DEXT	D
0x712abb0050	p_glTexImage3DEXT	D
0x712abb0058	p_glTexSubImage3DEXT	D
0x712abb0060	p_glFramebufferTextureLayerEXT	D
0x712abb0068	p_glTexBufferEXT	D
0x712abb0070	p_glTexParameterIivEXT	D
0x712abb0078	p_glTexParameterIuivEXT	D
0x712abb0080	p_glGetTexParameterIivEXT	D
0x712abb0088	p_glGetTexParameterIuivEXT	D
0x712abb0090	p_glClearColorIiEXT	D
0x712abb0098	p_glClearColorIuiEXT	D
0x712abb00a0	p_glAreTexturesResidentEXT	D
0x712abb00a8	p_glBindTextureEXT	D
0x712abb00b0	p_glDeleteTexturesEXT	D
0x712abb00b8	p_glGenTexturesEXT	D
0x712abb00c0	p_glIsTextureEXT	D
0x712abb00c8	p_glPrioritizeTexturesEXT	D
0x712abb00d0	p_glTextureNormalEXT	D
0x712abb00d8	p_glGetQueryObjecti64vEXT	D
0x712abb00e0	p_glGetQueryObjectui64vEXT	D
0x712abb00e8	p_glBeginTransformFeedbackEXT	D
0x712abb00f0	p_glEndTransformFeedbackEXT	D
0x712abb00f8	p_glBindBufferRangeEXT	D
0x712abb0100	p_glBindBufferOffsetEXT	D
0x712abb0108	p_glBindBufferBaseEXT	D
0x712abb0110	p_glTransformFeedbackVaryingsEXT	D
0x712abb0118	p_glGetTransformFeedbackVaryingEXT	D
0x712abb0120	p_glArrayElementEXT	D
0x712abb0128	p_glColorPointerEXT	D
0x712abb0130	p_glDrawArraysEXT	D
0x712abb0138	p_glEdgeFlagPointerEXT	D
0x712abb0140	p_glGetPointervEXT	D
0x712abb0148	p_glIndexPointerEXT	D
0x712abb0150	p_glNormalPointerEXT	D
0x712abb0158	p_glTexCoordPointerEXT	D
0x712abb0160	p_glVertexPointerEXT	D
0x712abb0168	p_glVertexAttribL1dEXT	D
0x712abb0170	p_glVertexAttribL2dEXT	D
0x712abb0178	p_glVertexAttribL3dEXT	D
0x712abb0180	p_glVertexAttribL4dEXT	D
0x712abb0188	p_glVertexAttribL1dvEXT	D
0x712abb0190	p_glVertexAttribL2dvEXT	D
0x712abb0198	p_glVertexAttribL3dvEXT	D
0x712abb01a0	p_glVertexAttribL4dvEXT	D
0x712abb01a8	p_glVertexAttribLPointerEXT	D
0x712abb01b0	p_glGetVertexAttribLdvEXT	D
0x712abb01b8	p_glBeginVertexShaderEXT	D
0x712abb01c0	p_glEndVertexShaderEXT	D
0x712abb01c8	p_glBindVertexShaderEXT	D
0x712abb01d0	p_glGenVertexShadersEXT	D
0x712abb01d8	p_glDeleteVertexShaderEXT	D
0x712abb01e0	p_glShaderOp1EXT	D
0x712abb01e8	p_glShaderOp2EXT	D
0x712abb01f0	p_glShaderOp3EXT	D
0x712abb01f8	p_glSwizzleEXT	D
0x712abb0200	p_glWriteMaskEXT	D
0x712abb0208	p_glInsertComponentEXT	D
0x712abb0210	p_glExtractComponentEXT	D
0x712abb0218	p_glGenSymbolsEXT	D
0x712abb0220	p_glSetInvariantEXT	D
0x712abb0228	p_glSetLocalConstantEXT	D
0x712abb0230	p_glVariantbvEXT	D
0x712abb0238	p_glVariantsvEXT	D
0x712abb0240	p_glVariantivEXT	D
0x712abb0248	p_glVariantfvEXT	D
0x712abb0250	p_glVariantdvEXT	D
0x712abb0258	p_glVariantubvEXT	D
0x712abb0260	p_glVariantusvEXT	D
0x712abb0268	p_glVariantuivEXT	D
0x712abb0270	p_glVariantPointerEXT	D
0x712abb0278	p_glEnableVariantClientStateEXT	D
0x712abb0280	p_glDisableVariantClientStateEXT	D
0x712abb0288	p_glBindLightParameterEXT	D
0x712abb0290	p_glBindMaterialParameterEXT	D
0x712abb0298	p_glBindTexGenParameterEXT	D
0x712abb02a0	p_glBindTextureUnitParameterEXT	D
0x712abb02a8	p_glBindParameterEXT	D
0x712abb02b0	p_glIsVariantEnabledEXT	D
0x712abb02b8	p_glGetVariantBooleanvEXT	D
0x712abb02c0	p_glGetVariantIntegervEXT	D
0x712abb02c8	p_glGetVariantFloatvEXT	D
0x712abb02d0	p_glGetVariantPointervEXT	D
0x712abb02d8	p_glGetInvariantBooleanvEXT	D
0x712abb02e0	p_glGetInvariantIntegervEXT	D
0x712abb02e8	p_glGetInvariantFloatvEXT	D
0x712abb02f0	p_glGetLocalConstantBooleanvEXT	D
0x712abb02f8	p_glGetLocalConstantIntegervEXT	D
0x712abb0300	p_glGetLocalConstantFloatvEXT	D
0x712abb0308	p_glVertexWeightfEXT	D
0x712abb0310	p_glVertexWeightfvEXT	D
0x712abb0318	p_glVertexWeightPointerEXT	D
0x712abb0320	p_glAcquireKeyedMutexWin32EXT	D
0x712abb0328	p_glReleaseKeyedMutexWin32EXT	D
0x712abb0330	p_glWindowRectanglesEXT	D
0x712abb0338	p_glImportSyncEXT	D
0x712abb0340	p_glFrameTerminatorGREMEDY	D
0x712abb0348	p_glStringMarkerGREMEDY	D
0x712abb0350	p_glImageTransformParameteriHP	D
0x712abb0358	p_glImageTransformParameterfHP	D
0x712abb0360	p_glImageTransformParameterivHP	D
0x712abb0368	p_glImageTransformParameterfvHP	D
0x712abb0370	p_glGetImageTransformParameterivHP	D
0x712abb0378	p_glGetImageTransformParameterfvHP	D
0x712abb0380	p_glMultiModeDrawArraysIBM	D
0x712abb0388	p_glMultiModeDrawElementsIBM	D
0x712abb0390	p_glFlushStaticDataIBM	D
0x712abb0398	p_glColorPointerListIBM	D
0x712abb03a0	p_glSecondaryColorPointerListIBM	D
0x712abb03a8	p_glEdgeFlagPointerListIBM	D
0x712abb03b0	p_glFogCoordPointerListIBM	D
0x712abb03b8	p_glIndexPointerListIBM	D
0x712abb03c0	p_glNormalPointerListIBM	D
0x712abb03c8	p_glTexCoordPointerListIBM	D
0x712abb03d0	p_glVertexPointerListIBM	D
0x712abb03d8	p_glBlendFuncSeparateINGR	D
0x712abb03e0	p_glApplyFramebufferAttachmentCMAAINTEL	D
0x712abb03e8	p_glSyncTextureINTEL	D
0x712abb03f0	p_glUnmapTexture2DINTEL	D
0x712abb03f8	p_glMapTexture2DINTEL	D
0x712abb0400	p_glVertexPointervINTEL	D
0x712abb0408	p_glNormalPointervINTEL	D
0x712abb0410	p_glColorPointervINTEL	D
0x712abb0418	p_glTexCoordPointervINTEL	D
0x712abb0420	p_glBeginPerfQueryINTEL	D
0x712abb0428	p_glCreatePerfQueryINTEL	D
0x712abb0430	p_glDeletePerfQueryINTEL	D
0x712abb0438	p_glEndPerfQueryINTEL	D
0x712abb0440	p_glGetFirstPerfQueryIdINTEL	D
0x712abb0448	p_glGetNextPerfQueryIdINTEL	D
0x712abb0450	p_glGetPerfCounterInfoINTEL	D
0x712abb0458	p_glGetPerfQueryDataINTEL	D
0x712abb0460	p_glGetPerfQueryIdByNameINTEL	D
0x712abb0468	p_glGetPerfQueryInfoINTEL	D
0x712abb0470	p_glBlendBarrierKHR	D
0x712abb0478	p_glDebugMessageControlKHR	D
0x712abb0480	p_glDebugMessageInsertKHR	D
0x712abb0488	p_glDebugMessageCallbackKHR	D
0x712abb0490	p_glGetDebugMessageLogKHR	D
0x712abb0498	p_glPushDebugGroupKHR	D
0x712abb04a0	p_glPopDebugGroupKHR	D
0x712abb04a8	p_glObjectLabelKHR	D
0x712abb04b0	p_glGetObjectLabelKHR	D
0x712abb04b8	p_glObjectPtrLabelKHR	D
0x712abb04c0	p_glGetObjectPtrLabelKHR	D
0x712abb04c8	p_glGetPointervKHR	D
0x712abb04d0	p_glGetGraphicsResetStatusKHR	D
0x712abb04d8	p_glReadnPixelsKHR	D
0x712abb04e0	p_glGetnUniformfvKHR	D
0x712abb04e8	p_glGetnUniformivKHR	D
0x712abb04f0	p_glGetnUniformuivKHR	D
0x712abb04f8	p_glMaxShaderCompilerThreadsKHR	D
0x712abb0500	p_glResizeBuffersMESA	D
0x712abb0508	p_glWindowPos2dMESA	D
0x712abb0510	p_glWindowPos2dvMESA	D
0x712abb0518	p_glWindowPos2fMESA	D
0x712abb0520	p_glWindowPos2fvMESA	D
0x712abb0528	p_glWindowPos2iMESA	D
0x712abb0530	p_glWindowPos2ivMESA	D
0x712abb0538	p_glWindowPos2sMESA	D
0x712abb0540	p_glWindowPos2svMESA	D
0x712abb0548	p_glWindowPos3dMESA	D
0x712abb0550	p_glWindowPos3dvMESA	D
0x712abb0558	p_glWindowPos3fMESA	D
0x712abb0560	p_glWindowPos3fvMESA	D
0x712abb0568	p_glWindowPos3iMESA	D
0x712abb0570	p_glWindowPos3ivMESA	D
0x712abb0578	p_glWindowPos3sMESA	D
0x712abb0580	p_glWindowPos3svMESA	D
0x712abb0588	p_glWindowPos4dMESA	D
0x712abb0590	p_glWindowPos4dvMESA	D
0x712abb0598	p_glWindowPos4fMESA	D
0x712abb05a0	p_glWindowPos4fvMESA	D
0x712abb05a8	p_glWindowPos4iMESA	D
0x712abb05b0	p_glWindowPos4ivMESA	D
0x712abb05b8	p_glWindowPos4sMESA	D
0x712abb05c0	p_glWindowPos4svMESA	D
0x712abb05c8	p_glBeginConditionalRenderNVX	D
0x712abb05d0	p_glEndConditionalRenderNVX	D
0x712abb05d8	p_glLGPUNamedBufferSubDataNVX	D
0x712abb05e0	p_glLGPUCopyImageSubDataNVX	D
0x712abb05e8	p_glLGPUInterlockNVX	D
0x712abb05f0	p_glAlphaToCoverageDitherControlNV	D
0x712abb05f8	p_glMultiDrawArraysIndirectBindlessNV	D
0x712abb0600	p_glMultiDrawElementsIndirectBindlessNV	D
0x712abb0608	p_glMultiDrawArraysIndirectBindlessCountNV	D
0x712abb0610	p_glMultiDrawElementsIndirectBindlessCountNV	D
0x712abb0618	p_glGetTextureHandleNV	D
0x712abb0620	p_glGetTextureSamplerHandleNV	D
0x712abb0628	p_glMakeTextureHandleResidentNV	D
0x712abb0630	p_glMakeTextureHandleNonResidentNV	D
0x712abb0638	p_glGetImageHandleNV	D
0x712abb0640	p_glMakeImageHandleResidentNV	D
0x712abb0648	p_glMakeImageHandleNonResidentNV	D
0x712abb0650	p_glUniformHandleui64NV	D
0x712abb0658	p_glUniformHandleui64vNV	D
0x712abb0660	p_glProgramUniformHandleui64NV	D
0x712abb0668	p_glProgramUniformHandleui64vNV	D
0x712abb0670	p_glIsTextureHandleResidentNV	D
0x712abb0678	p_glIsImageHandleResidentNV	D
0x712abb0680	p_glBlendParameteriNV	D
0x712abb0688	p_glBlendBarrierNV	D
0x712abb0690	p_glViewportPositionWScaleNV	D
0x712abb0698	p_glCreateStatesNV	D
0x712abb06a0	p_glDeleteStatesNV	D
0x712abb06a8	p_glIsStateNV	D
0x712abb06b0	p_glStateCaptureNV	D
0x712abb06b8	p_glGetCommandHeaderNV	D
0x712abb06c0	p_glGetStageIndexNV	D
0x712abb06c8	p_glDrawCommandsNV	D
0x712abb06d0	p_glDrawCommandsAddressNV	D
0x712abb06d8	p_glDrawCommandsStatesNV	D
0x712abb06e0	p_glDrawCommandsStatesAddressNV	D
0x712abb06e8	p_glCreateCommandListsNV	D
0x712abb06f0	p_glDeleteCommandListsNV	D
0x712abb06f8	p_glIsCommandListNV	D
0x712abb0700	p_glListDrawCommandsStatesClientNV	D
0x712abb0708	p_glCommandListSegmentsNV	D
0x712abb0710	p_glCompileCommandListNV	D
0x712abb0718	p_glCallCommandListNV	D
0x712abb0720	p_glBeginConditionalRenderNV	D
0x712abb0728	p_glEndConditionalRenderNV	D
0x712abb0730	p_glSubpixelPrecisionBiasNV	D
0x712abb0738	p_glConservativeRasterParameterfNV	D
0x712abb0740	p_glConservativeRasterParameteriNV	D
0x712abb0748	p_glCopyImageSubDataNV	D
0x712abb0750	p_glDepthRangedNV	D
0x712abb0758	p_glClearDepthdNV	D
0x712abb0760	p_glDepthBoundsdNV	D
0x712abb0768	p_glDrawTextureNV	D
0x712abb0770	p_glDrawVkImageNV	D
0x712abb0778	p_glGetVkProcAddrNV	D
0x712abb0780	p_glWaitVkSemaphoreNV	D
0x712abb0788	p_glSignalVkSemaphoreNV	D
0x712abb0790	p_glSignalVkFenceNV	D
0x712abb0798	p_glMapControlPointsNV	D
0x712abb07a0	p_glMapParameterivNV	D
0x712abb07a8	p_glMapParameterfvNV	D
0x712abb07b0	p_glGetMapControlPointsNV	D
0x712abb07b8	p_glGetMapParameterivNV	D
0x712abb07c0	p_glGetMapParameterfvNV	D
0x712abb07c8	p_glGetMapAttribParameterivNV	D
0x712abb07d0	p_glGetMapAttribParameterfvNV	D
0x712abb07d8	p_glEvalMapsNV	D
0x712abb07e0	p_glGetMultisamplefvNV	D
0x712abb07e8	p_glSampleMaskIndexedNV	D
0x712abb07f0	p_glTexRenderbufferNV	D
0x712abb07f8	p_glDeleteFencesNV	D
0x712abb0800	p_glGenFencesNV	D
0x712abb0808	p_glIsFenceNV	D
0x712abb0810	p_glTestFenceNV	D
0x712abb0818	p_glGetFenceivNV	D
0x712abb0820	p_glFinishFenceNV	D
0x712abb0828	p_glSetFenceNV	D
0x712abb0830	p_glFragmentCoverageColorNV	D
0x712abb0838	p_glProgramNamedParameter4fNV	D
0x712abb0840	p_glProgramNamedParameter4fvNV	D
0x712abb0848	p_glProgramNamedParameter4dNV	D
0x712abb0850	p_glProgramNamedParameter4dvNV	D
0x712abb0858	p_glGetProgramNamedParameterfvNV	D
0x712abb0860	p_glGetProgramNamedParameterdvNV	D
0x712abb0868	p_glCoverageModulationTableNV	D
0x712abb0870	p_glGetCoverageModulationTableNV	D
0x712abb0878	p_glCoverageModulationNV	D
0x712abb0880	p_glRenderbufferStorageMultisampleCoverageNV	D
0x712abb0888	p_glProgramVertexLimitNV	D
0x712abb0890	p_glFramebufferTextureEXT	D
0x712abb0898	p_glFramebufferTextureFaceEXT	D
0x712abb08a0	p_glProgramLocalParameterI4iNV	D
0x712abb08a8	p_glProgramLocalParameterI4ivNV	D
0x712abb08b0	p_glProgramLocalParametersI4ivNV	D
0x712abb08b8	p_glProgramLocalParameterI4uiNV	D
0x712abb08c0	p_glProgramLocalParameterI4uivNV	D
0x712abb08c8	p_glProgramLocalParametersI4uivNV	D
0x712abb08d0	p_glProgramEnvParameterI4iNV	D
0x712abb08d8	p_glProgramEnvParameterI4ivNV	D
0x712abb08e0	p_glProgramEnvParametersI4ivNV	D
0x712abb08e8	p_glProgramEnvParameterI4uiNV	D
0x712abb08f0	p_glProgramEnvParameterI4uivNV	D
0x712abb0900	p_glGetProgramLocalParameterIivNV	D
0x712abb0908	p_glGetProgramLocalParameterIuivNV	D
0x712abb0910	p_glGetProgramEnvParameterIivNV	D
0x712abb0918	p_glGetProgramEnvParameterIuivNV	D
0x712abb0920	p_glProgramSubroutineParametersuivNV	D
0x712abb0928	p_glGetProgramSubroutineParameteruivNV	D
0x712abb0930	p_glVertex2hNV	D
0x712abb0938	p_glVertex2hvNV	D
0x712abb0940	p_glVertex3hNV	D
0x712abb0948	p_glVertex3hvNV	D
0x712abb0950	p_glVertex4hNV	D
0x712abb0958	p_glVertex4hvNV	D
0x712abb0960	p_glNormal3hNV	D
0x712abb0968	p_glNormal3hvNV	D
0x712abb0970	p_glColor3hNV	D
0x712abb0978	p_glColor3hvNV	D
0x712abb0980	p_glColor4hNV	D
0x712abb0988	p_glColor4hvNV	D
0x712abb0990	p_glTexCoord1hNV	D
0x712abb0998	p_glTexCoord1hvNV	D
0x712abb09a0	p_glTexCoord2hNV	D
0x712abb09a8	p_glTexCoord2hvNV	D
0x712abb09b0	p_glTexCoord3hNV	D
0x712abb09b8	p_glTexCoord3hvNV	D
0x712abb09c0	p_glTexCoord4hNV	D
0x712abb09c8	p_glTexCoord4hvNV	D
0x712abb09d0	p_glMultiTexCoord1hNV	D
0x712abb09d8	p_glMultiTexCoord1hvNV	D
0x712abb09e0	p_glMultiTexCoord2hNV	D
0x712abb09e8	p_glMultiTexCoord2hvNV	D
0x712abb09f0	p_glMultiTexCoord3hNV	D
0x712abb09f8	p_glMultiTexCoord3hvNV	D
0x712abb0a00	p_glMultiTexCoord4hNV	D
0x712abb0a08	p_glMultiTexCoord4hvNV	D
0x712abb0a10	p_glFogCoordhNV	D
0x712abb0a18	p_glFogCoordhvNV	D
0x712abb0a20	p_glSecondaryColor3hNV	D
0x712abb0a28	p_glSecondaryColor3hvNV	D
0x712abb0a30	p_glVertexWeighthNV	D
0x712abb0a38	p_glVertexWeighthvNV	D
0x712abb0a40	p_glVertexAttrib1hNV	D
0x712abb0a48	p_glVertexAttrib1hvNV	D
0x712abb0a50	p_glVertexAttrib2hNV	D
0x712abb0a58	p_glVertexAttrib2hvNV	D
0x712abb0a60	p_glVertexAttrib3hNV	D
0x712abb0a68	p_glVertexAttrib3hvNV	D
0x712abb0a70	p_glVertexAttrib4hNV	D
0x712abb0a78	p_glVertexAttrib4hvNV	D
0x712abb0a80	p_glVertexAttribs1hvNV	D
0x712abb0a88	p_glVertexAttribs2hvNV	D
0x712abb0a90	p_glVertexAttribs3hvNV	D
0x712abb0a98	p_glVertexAttribs4hvNV	D
0x712abb0aa0	p_glGetInternalformatSampleivNV	D
0x712abb0aa8	p_glRenderGpuMaskNV	D
0x712abb0ab0	p_glMulticastBufferSubDataNV	D
0x712abb0ab8	p_glMulticastCopyBufferSubDataNV	D
0x712abb0ac0	p_glMulticastCopyImageSubDataNV	D
0x712abb0ac8	p_glMulticastBlitFramebufferNV	D
0x712abb0ad0	p_glMulticastFramebufferSampleLocationsfvNV	D
0x712abb0ad8	p_glMulticastBarrierNV	D
0x712abb0ae0	p_glMulticastWaitSyncNV	D
0x712abb0ae8	p_glMulticastGetQueryObjectivNV	D
0x712abb0af0	p_glMulticastGetQueryObjectuivNV	D
0x712abb0af8	p_glMulticastGetQueryObjecti64vNV	D
0x712abb0b00	p_glMulticastGetQueryObjectui64vNV	D
0x712abb0b08	p_glGenOcclusionQueriesNV	D
0x712abb0b10	p_glDeleteOcclusionQueriesNV	D
0x712abb0b18	p_glIsOcclusionQueryNV	D
0x712abb0b20	p_glBeginOcclusionQueryNV	D
0x712abb0b28	p_glEndOcclusionQueryNV	D
0x712abb0b30	p_glGetOcclusionQueryivNV	D
0x712abb0b38	p_glGetOcclusionQueryuivNV	D
0x712abb0b40	p_glProgramBufferParametersfvNV	D
0x712abb0b48	p_glProgramBufferParametersIivNV	D
0x712abb0b50	p_glProgramBufferParametersIuivNV	D
0x712abb0b58	p_glGenPathsNV	D
0x712abb0b60	p_glDeletePathsNV	D
0x712abb0b68	p_glIsPathNV	D
0x712abb0b70	p_glPathCommandsNV	D
0x712abb0b78	p_glPathCoordsNV	D
0x712abb0b80	p_glPathSubCommandsNV	D
0x712abb0b88	p_glPathSubCoordsNV	D
0x712abb0b90	p_glPathStringNV	D
0x712abb0b98	p_glPathGlyphsNV	D
0x712abb0ba0	p_glPathGlyphRangeNV	D
0x712abb0ba8	p_glWeightPathsNV	D
0x712abb0bb0	p_glCopyPathNV	D
0x712abb0bb8	p_glInterpolatePathsNV	D
0x712abb0bc0	p_glTransformPathNV	D
0x712abb0bc8	p_glPathParameterivNV	D
0x712abb0bd0	p_glPathParameteriNV	D
0x712abb0bd8	p_glPathParameterfvNV	D
0x712abb0be0	p_glPathParameterfNV	D
0x712abb0be8	p_glPathDashArrayNV	D
0x712abb0bf0	p_glPathStencilFuncNV	D
0x712abb0bf8	p_glPathStencilDepthOffsetNV	D
0x712abb0c00	p_glStencilFillPathNV	D
0x712abb0c08	p_glStencilStrokePathNV	D
0x712abb0c10	p_glStencilFillPathInstancedNV	D
0x712abb0c18	p_glStencilStrokePathInstancedNV	D
0x712abb0c20	p_glPathCoverDepthFuncNV	D
0x712abb0c28	p_glCoverFillPathNV	D
0x712abb0c30	p_glCoverStrokePathNV	D
0x712abb0c38	p_glCoverFillPathInstancedNV	D
0x712abb0c40	p_glCoverStrokePathInstancedNV	D
0x712abb0c48	p_glGetPathParameterivNV	D
0x712abb0c50	p_glGetPathParameterfvNV	D
0x712abb0c58	p_glGetPathCommandsNV	D
0x712abb0c60	p_glGetPathCoordsNV	D
0x712abb0c68	p_glGetPathDashArrayNV	D
0x712abb0c70	p_glGetPathMetricsNV	D
0x712abb0c78	p_glGetPathMetricRangeNV	D
0x712abb0c80	p_glGetPathSpacingNV	D
0x712abb0c88	p_glIsPointInFillPathNV	D
0x712abb0c90	p_glIsPointInStrokePathNV	D
0x712abb0c98	p_glGetPathLengthNV	D
0x712abb0ca0	p_glPointAlongPathNV	D
0x712abb0ca8	p_glMatrixLoad3x2fNV	D
0x712abb0cb0	p_glMatrixLoad3x3fNV	D
0x712abb0cb8	p_glMatrixLoadTranspose3x3fNV	D
0x712abb0cc0	p_glMatrixMult3x2fNV	D
0x712abb0cc8	p_glMatrixMult3x3fNV	D
0x712abb0cd0	p_glMatrixMultTranspose3x3fNV	D
0x712abb0cd8	p_glStencilThenCoverFillPathNV	D
0x712abb0ce0	p_glStencilThenCoverStrokePathNV	D
0x712abb0ce8	p_glStencilThenCoverFillPathInstancedNV	D
0x712abb0cf0	p_glStencilThenCoverStrokePathInstancedNV	D
0x712abb0cf8	p_glPathGlyphIndexRangeNV	D
0x712abb0d00	p_glPathGlyphIndexArrayNV	D
0x712abb0d08	p_glPathMemoryGlyphIndexArrayNV	D
0x712abb0d10	p_glProgramPathFragmentInputGenNV	D
0x712abb0d18	p_glGetProgramResourcefvNV	D
0x712abb0d20	p_glPathColorGenNV	D
0x712abb0d28	p_glPathTexGenNV	D
0x712abb0d30	p_glPathFogGenNV	D
0x712abb0d38	p_glGetPathColorGenivNV	D
0x712abb0d40	p_glGetPathColorGenfvNV	D
0x712abb0d48	p_glGetPathTexGenivNV	D
0x712abb0d50	p_glGetPathTexGenfvNV	D
0x712abb0d58	p_glPixelDataRangeNV	D
0x712abb0d60	p_glFlushPixelDataRangeNV	D
0x712abb0d68	p_glPointParameteriNV	D
0x712abb0d70	p_glPointParameterivNV	D
0x712abb0d78	p_glPresentFrameKeyedNV	D
0x712abb0d80	p_glPresentFrameDualFillNV	D
0x712abb0d88	p_glGetVideoivNV	D
0x712abb0d90	p_glGetVideouivNV	D
0x712abb0d98	p_glGetVideoi64vNV	D
0x712abb0da0	p_glGetVideoui64vNV	D
0x712abb0da8	p_glPrimitiveRestartNV	D
0x712abb0db0	p_glPrimitiveRestartIndexNV	D
0x712abb0db8	p_glQueryResourceNV	D
0x712abb0dc0	p_glGenQueryResourceTagNV	D
0x712abb0dc8	p_glDeleteQueryResourceTagNV	D
0x712abb0dd0	p_glQueryResourceTagNV	D
0x712abb0dd8	p_glCombinerParameterfvNV	D
0x712abb0de0	p_glCombinerParameterfNV	D
0x712abb0de8	p_glCombinerParameterivNV	D
0x712abb0df0	p_glCombinerParameteriNV	D
0x712abb0df8	p_glCombinerInputNV	D
0x712abb0e00	p_glCombinerOutputNV	D
0x712abb0e08	p_glFinalCombinerInputNV	D
0x712abb0e10	p_glGetCombinerInputParameterfvNV	D
0x712abb0e18	p_glGetCombinerInputParameterivNV	D
0x712abb0e20	p_glGetCombinerOutputParameterfvNV	D
0x712abb0e28	p_glGetCombinerOutputParameterivNV	D
0x712abb0e30	p_glGetFinalCombinerInputParameterfvNV	D
0x712abb0e38	p_glGetFinalCombinerInputParameterivNV	D
0x712abb0e40	p_glCombinerStageParameterfvNV	D
0x712abb0e48	p_glGetCombinerStageParameterfvNV	D
0x712abb0e50	p_glFramebufferSampleLocationsfvNV	D
0x712abb0e58	p_glNamedFramebufferSampleLocationsfvNV	D
0x712abb0e60	p_glResolveDepthValuesNV	D
0x712abb0e68	p_glMakeBufferResidentNV	D
0x712abb0e70	p_glMakeBufferNonResidentNV	D
0x712abb0e78	p_glIsBufferResidentNV	D
0x712abb0e80	p_glMakeNamedBufferResidentNV	D
0x712abb0e88	p_glMakeNamedBufferNonResidentNV	D
0x712abb0e90	p_glIsNamedBufferResidentNV	D
0x712abb0e98	p_glGetBufferParameterui64vNV	D
0x712abb0ea0	p_glGetNamedBufferParameterui64vNV	D
0x712abb0ea8	p_glGetIntegerui64vNV	D
0x712abb0eb0	p_glUniformui64NV	D
0x712abb0eb8	p_glUniformui64vNV	D
0x712abb0ec0	p_glProgramUniformui64NV	D
0x712abb0ec8	p_glProgramUniformui64vNV	D
0x712abb0ed0	p_glTextureBarrierNV	D
0x712abb0ed8	p_glTexImage2DMultisampleCoverageNV	D
0x712abb0ee0	p_glTexImage3DMultisampleCoverageNV	D
0x712abb0ee8	p_glTextureImage2DMultisampleNV	D
0x712abb0ef0	p_glTextureImage3DMultisampleNV	D
0x712abb0ef8	p_glTextureImage2DMultisampleCoverageNV	D
0x712abb0f00	p_glTextureImage3DMultisampleCoverageNV	D
0x712abb0f08	p_glBeginTransformFeedbackNV	D
0x712abb0f10	p_glEndTransformFeedbackNV	D
0x712abb0f18	p_glTransformFeedbackAttribsNV	D
0x712abb0f20	p_glBindBufferRangeNV	D
0x712abb0f28	p_glBindBufferOffsetNV	D
0x712abb0f30	p_glBindBufferBaseNV	D
0x712abb0f38	p_glTransformFeedbackVaryingsNV	D
0x712abb0f40	p_glActiveVaryingNV	D
0x712abb0f48	p_glGetVaryingLocationNV	D
0x712abb0f50	p_glGetActiveVaryingNV	D
0x712abb0f58	p_glGetTransformFeedbackVaryingNV	D
0x712abb0f60	p_glTransformFeedbackStreamAttribsNV	D
0x712abb0f68	p_glBindTransformFeedbackNV	D
0x712abb0f70	p_glDeleteTransformFeedbacksNV	D
0x712abb0f78	p_glGenTransformFeedbacksNV	D
0x712abb0f80	p_glIsTransformFeedbackNV	D
0x712abb0f88	p_glPauseTransformFeedbackNV	D
0x712abb0f90	p_glResumeTransformFeedbackNV	D
0x712abb0f98	p_glDrawTransformFeedbackNV	D
0x712abb0fa0	p_glVDPAUInitNV	D
0x712abb0fa8	p_glVDPAUFiniNV	D
0x712abb0fb0	p_glVDPAURegisterVideoSurfaceNV	D
0x712abb0fb8	p_glVDPAURegisterOutputSurfaceNV	D
0x712abb0fc0	p_glVDPAUIsSurfaceNV	D
0x712abb0fc8	p_glVDPAUUnregisterSurfaceNV	D
0x712abb0fd0	p_glVDPAUGetSurfaceivNV	D
0x712abb0fd8	p_glVDPAUSurfaceAccessNV	D
0x712abb0fe0	p_glVDPAUMapSurfacesNV	D
0x712abb0fe8	p_glVDPAUUnmapSurfacesNV	D
0x712abb0ff0	p_glFlushVertexArrayRangeNV	D
0x712abb0ff8	p_glVertexArrayRangeNV	D
0x712abb1000	p_glVertexAttribL1i64NV	D
0x712abb1008	p_glVertexAttribL2i64NV	D
0x712abb1010	p_glVertexAttribL3i64NV	D
0x712abb1018	p_glVertexAttribL4i64NV	D
0x712abb1020	p_glVertexAttribL1i64vNV	D
0x712abb1028	p_glVertexAttribL2i64vNV	D
0x712abb1030	p_glVertexAttribL3i64vNV	D
0x712abb1038	p_glVertexAttribL4i64vNV	D
0x712abb1040	p_glVertexAttribL1ui64NV	D
0x712abb1048	p_glVertexAttribL2ui64NV	D
0x712abb1050	p_glVertexAttribL3ui64NV	D
0x712abb1058	p_glVertexAttribL4ui64NV	D
0x712abb1060	p_glVertexAttribL1ui64vNV	D
0x712abb1068	p_glVertexAttribL2ui64vNV	D
0x712abb1070	p_glVertexAttribL3ui64vNV	D
0x712abb1078	p_glVertexAttribL4ui64vNV	D
0x712abb1080	p_glGetVertexAttribLi64vNV	D
0x712abb1088	p_glGetVertexAttribLui64vNV	D
0x712abb1090	p_glVertexAttribLFormatNV	D
0x712abb1098	p_glBufferAddressRangeNV	D
0x712abb10a0	p_glVertexFormatNV	D
0x712abb10a8	p_glNormalFormatNV	D
0x712abb10b0	p_glColorFormatNV	D
0x712abb10b8	p_glIndexFormatNV	D
0x712abb10c0	p_glTexCoordFormatNV	D
0x712abb10c8	p_glEdgeFlagFormatNV	D
0x712abb10d0	p_glSecondaryColorFormatNV	D
0x712abb10d8	p_glFogCoordFormatNV	D
0x712abb10e0	p_glVertexAttribFormatNV	D
0x712abb10e8	p_glVertexAttribIFormatNV	D
0x712abb10f0	p_glGetIntegerui64i_vNV	D
0x712abb10f8	p_glAreProgramsResidentNV	D
0x712abb1100	p_glBindProgramNV	D
0x712abb1108	p_glDeleteProgramsNV	D
0x712abb1110	p_glExecuteProgramNV	D
0x712abb1118	p_glGenProgramsNV	D
0x712abb1120	p_glGetProgramParameterdvNV	D
0x712abb1128	p_glGetProgramParameterfvNV	D
0x712abb1130	p_glGetProgramivNV	D
0x712abb1138	p_glGetProgramStringNV	D
0x712abb1140	p_glGetTrackMatrixivNV	D
0x712abb1148	p_glGetVertexAttribdvNV	D
0x712abb1150	p_glGetVertexAttribfvNV	D
0x712abb1158	p_glGetVertexAttribivNV	D
0x712abb1160	p_glGetVertexAttribPointervNV	D
0x712abb1168	p_glIsProgramNV	D
0x712abb1170	p_glLoadProgramNV	D
0x712abb1178	p_glProgramParameter4dNV	D
0x712abb1180	p_glProgramParameter4dvNV	D
0x712abb1188	p_glProgramParameter4fNV	D
0x712abb1190	p_glProgramParameter4fvNV	D
0x712abb1198	p_glProgramParameters4dvNV	D
0x712abb11a0	p_glProgramParameters4fvNV	D
0x712abb11a8	p_glRequestResidentProgramsNV	D
0x712abb11b0	p_glTrackMatrixNV	D
0x712abb11b8	p_glVertexAttribPointerNV	D
0x712abb11c0	p_glVertexAttrib1dNV	D
0x712abb11c8	p_glVertexAttrib1dvNV	D
0x712abb11d0	p_glVertexAttrib1fNV	D
0x712abb11d8	p_glVertexAttrib1fvNV	D
0x712abb11e0	p_glVertexAttrib1sNV	D
0x712abb11e8	p_glVertexAttrib1svNV	D
0x712abb11f0	p_glVertexAttrib2dNV	D
0x712abb11f8	p_glVertexAttrib2dvNV	D
0x712abb1200	p_glVertexAttrib2fNV	D
0x712abb1208	p_glVertexAttrib2fvNV	D
0x712abb1210	p_glVertexAttrib2sNV	D
0x712abb1218	p_glVertexAttrib2svNV	D
0x712abb1220	p_glVertexAttrib3dNV	D
0x712abb1228	p_glVertexAttrib3dvNV	D
0x712abb1230	p_glVertexAttrib3fNV	D
0x712abb1238	p_glVertexAttrib3fvNV	D
0x712abb1240	p_glVertexAttrib3sNV	D
0x712abb1248	p_glVertexAttrib3svNV	D
0x712abb1250	p_glVertexAttrib4dNV	D
0x712abb1258	p_glVertexAttrib4dvNV	D
0x712abb1260	p_glVertexAttrib4fNV	D
0x712abb1268	p_glVertexAttrib4fvNV	D
0x712abb1270	p_glVertexAttrib4sNV	D
0x712abb1278	p_glVertexAttrib4svNV	D
0x712abb1280	p_glVertexAttrib4ubNV	D
0x712abb1288	p_glVertexAttrib4ubvNV	D
0x712abb1290	p_glVertexAttribs1dvNV	D
0x712abb1298	p_glVertexAttribs1fvNV	D
0x712abb12a0	p_glVertexAttribs1svNV	D
0x712abb12a8	p_glVertexAttribs2dvNV	D
0x712abb12b0	p_glVertexAttribs2fvNV	D
0x712abb12b8	p_glVertexAttribs2svNV	D
0x712abb12c0	p_glVertexAttribs3dvNV	D
0x712abb12c8	p_glVertexAttribs3fvNV	D
0x712abb12d0	p_glVertexAttribs3svNV	D
0x712abb12d8	p_glVertexAttribs4dvNV	D
0x712abb12e0	p_glVertexAttribs4fvNV	D
0x712abb12e8	p_glVertexAttribs4svNV	D
0x712abb12f0	p_glVertexAttribs4ubvNV	D
0x712abb12f8	p_glVertexAttribI1iEXT	D
0x712abb1300	p_glVertexAttribI2iEXT	D
0x712abb1308	p_glVertexAttribI3iEXT	D
0x712abb1310	p_glVertexAttribI4iEXT	D
0x712abb1318	p_glVertexAttribI1uiEXT	D
0x712abb1320	p_glVertexAttribI2uiEXT	D
0x712abb1328	p_glVertexAttribI3uiEXT	D
0x712abb1330	p_glVertexAttribI4uiEXT	D
0x712abb1338	p_glVertexAttribI1ivEXT	D
0x712abb1340	p_glVertexAttribI2ivEXT	D
0x712abb1348	p_glVertexAttribI3ivEXT	D
0x712abb1350	p_glVertexAttribI4ivEXT	D
0x712abb1358	p_glVertexAttribI1uivEXT	D
0x712abb1360	p_glVertexAttribI2uivEXT	D
0x712abb1368	p_glVertexAttribI3uivEXT	D
0x712abb1370	p_glVertexAttribI4uivEXT	D
0x712abb1378	p_glVertexAttribI4bvEXT	D
0x712abb1380	p_glVertexAttribI4svEXT	D
0x712abb1388	p_glVertexAttribI4ubvEXT	D
0x712abb1390	p_glVertexAttribI4usvEXT	D
0x712abb1398	p_glVertexAttribIPointerEXT	D
0x712abb13a0	p_glGetVertexAttribIivEXT	D
0x712abb13a8	p_glGetVertexAttribIuivEXT	D
0x712abb13b0	p_glBeginVideoCaptureNV	D
0x712abb13b8	p_glBindVideoCaptureStreamBufferNV	D
0x712abb13c0	p_glBindVideoCaptureStreamTextureNV	D
0x712abb13c8	p_glEndVideoCaptureNV	D
0x712abb13d0	p_glGetVideoCaptureivNV	D
0x712abb13d8	p_glGetVideoCaptureStreamivNV	D
0x712abb13e0	p_glGetVideoCaptureStreamfvNV	D
0x712abb13e8	p_glGetVideoCaptureStreamdvNV	D
0x712abb13f0	p_glVideoCaptureNV	D
0x712abb13f8	p_glVideoCaptureStreamParameterivNV	D
0x712abb1400	p_glVideoCaptureStreamParameterfvNV	D
0x712abb1408	p_glVideoCaptureStreamParameterdvNV	D
0x712abb1410	p_glViewportSwizzleNV	D
0x712abb1418	p_glMultiTexCoord1bOES	D
0x712abb1420	p_glMultiTexCoord1bvOES	D
0x712abb1428	p_glMultiTexCoord2bOES	D
0x712abb1430	p_glMultiTexCoord2bvOES	D
0x712abb1438	p_glMultiTexCoord3bOES	D
0x712abb1440	p_glMultiTexCoord3bvOES	D
0x712abb1448	p_glMultiTexCoord4bOES	D
0x712abb1450	p_glMultiTexCoord4bvOES	D
0x712abb1458	p_glTexCoord1bOES	D
0x712abb1460	p_glTexCoord1bvOES	D
0x712abb1468	p_glTexCoord2bOES	D
0x712abb1470	p_glTexCoord2bvOES	D
0x712abb1478	p_glTexCoord3bOES	D
0x712abb1480	p_glTexCoord3bvOES	D
0x712abb1488	p_glTexCoord4bOES	D
0x712abb1490	p_glTexCoord4bvOES	D
0x712abb1498	p_glVertex2bOES	D
0x712abb14a0	p_glVertex2bvOES	D
0x712abb14a8	p_glVertex3bOES	D
0x712abb14b0	p_glVertex3bvOES	D
0x712abb14b8	p_glVertex4bOES	D
0x712abb14c0	p_glVertex4bvOES	D
0x712abb14c8	p_glAlphaFuncxOES	D
0x712abb14d0	p_glClearColorxOES	D
0x712abb14d8	p_glClearDepthxOES	D
0x712abb14e0	p_glClipPlanexOES	D
0x712abb14e8	p_glColor4xOES	D
0x712abb14f0	p_glDepthRangexOES	D
0x712abb14f8	p_glFogxOES	D
0x712abb1500	p_glFogxvOES	D
0x712abb1508	p_glFrustumxOES	D
0x712abb1510	p_glGetClipPlanexOES	D
0x712abb1518	p_glGetFixedvOES	D
0x712abb1520	p_glGetTexEnvxvOES	D
0x712abb1528	p_glGetTexParameterxvOES	D
0x712abb1530	p_glLightModelxOES	D
0x712abb1538	p_glLightModelxvOES	D
0x712abb1540	p_glLightxOES	D
0x712abb1548	p_glLightxvOES	D
0x712abb1550	p_glLineWidthxOES	D
0x712abb1558	p_glLoadMatrixxOES	D
0x712abb1560	p_glMaterialxOES	D
0x712abb1568	p_glMaterialxvOES	D
0x712abb1570	p_glMultMatrixxOES	D
0x712abb1578	p_glMultiTexCoord4xOES	D
0x712abb1580	p_glNormal3xOES	D
0x712abb1588	p_glOrthoxOES	D
0x712abb1590	p_glPointParameterxvOES	D
0x712abb1598	p_glPointSizexOES	D
0x712abb15a0	p_glPolygonOffsetxOES	D
0x712abb15a8	p_glRotatexOES	D
0x712abb15b0	p_glScalexOES	D
0x712abb15b8	p_glTexEnvxOES	D
0x712abb15c0	p_glTexEnvxvOES	D
0x712abb15c8	p_glTexParameterxOES	D
0x712abb15d0	p_glTexParameterxvOES	D
0x712abb15d8	p_glTranslatexOES	D
0x712abb15e0	p_glGetLightxvOES	D
0x712abb15e8	p_glGetMaterialxvOES	D
0x712abb15f0	p_glPointParameterxOES	D
0x712abb15f8	p_glSampleCoveragexOES	D
0x712abb1600	p_glAccumxOES	D
0x712abb1608	p_glBitmapxOES	D
0x712abb1610	p_glBlendColorxOES	D
0x712abb1618	p_glClearAccumxOES	D
0x712abb1620	p_glColor3xOES	D
0x712abb1628	p_glColor3xvOES	D
0x712abb1630	p_glColor4xvOES	D
0x712abb1638	p_glConvolutionParameterxOES	D
0x712abb1640	p_glConvolutionParameterxvOES	D
0x712abb1648	p_glEvalCoord1xOES	D
0x712abb1650	p_glEvalCoord1xvOES	D
0x712abb1658	p_glEvalCoord2xOES	D
0x712abb1660	p_glEvalCoord2xvOES	D
0x712abb1668	p_glFeedbackBufferxOES	D
0x712abb1670	p_glGetConvolutionParameterxvOES	D
0x712abb1678	p_glGetHistogramParameterxvOES	D
0x712abb1680	p_glGetLightxOES	D
0x712abb1688	p_glGetMapxvOES	D
0x712abb1690	p_glGetMaterialxOES	D
0x712abb1698	p_glGetPixelMapxv	D
0x712abb16a0	p_glGetTexGenxvOES	D
0x712abb16a8	p_glGetTexLevelParameterxvOES	D
0x712abb16b0	p_glIndexxOES	D
0x712abb16b8	p_glIndexxvOES	D
0x712abb16c0	p_glLoadTransposeMatrixxOES	D
0x712abb16c8	p_glMap1xOES	D
0x712abb16d0	p_glMap2xOES	D
0x712abb16d8	p_glMapGrid1xOES	D
0x712abb16e0	p_glMapGrid2xOES	D
0x712abb16e8	p_glMultTransposeMatrixxOES	D
0x712abb16f0	p_glMultiTexCoord1xOES	D
0x712abb16f8	p_glMultiTexCoord1xvOES	D
0x712abb1700	p_glMultiTexCoord2xOES	D
0x712abb1708	p_glMultiTexCoord2xvOES	D
0x712abb1710	p_glMultiTexCoord3xOES	D
0x712abb1718	p_glMultiTexCoord3xvOES	D
0x712abb1720	p_glMultiTexCoord4xvOES	D
0x712abb1728	p_glNormal3xvOES	D
0x712abb1730	p_glPassThroughxOES	D
0x712abb1738	p_glPixelMapx	D
0x712abb1740	p_glPixelStorex	D
0x712abb1748	p_glPixelTransferxOES	D
0x712abb1750	p_glPixelZoomxOES	D
0x712abb1758	p_glPrioritizeTexturesxOES	D
0x712abb1760	p_glRasterPos2xOES	D
0x712abb1768	p_glRasterPos2xvOES	D
0x712abb1770	p_glRasterPos3xOES	D
0x712abb1778	p_glRasterPos3xvOES	D
0x712abb1780	p_glRasterPos4xOES	D
0x712abb1788	p_glRasterPos4xvOES	D
0x712abb1790	p_glRectxOES	D
0x712abb1798	p_glRectxvOES	D
0x712abb17a0	p_glTexCoord1xOES	D
0x712abb17a8	p_glTexCoord1xvOES	D
0x712abb17b0	p_glTexCoord2xOES	D
0x712abb17b8	p_glTexCoord2xvOES	D
0x712abb17c0	p_glTexCoord3xOES	D
0x712abb17c8	p_glTexCoord3xvOES	D
0x712abb17d0	p_glTexCoord4xOES	D
0x712abb17d8	p_glTexCoord4xvOES	D
0x712abb17e0	p_glTexGenxOES	D
0x712abb17e8	p_glTexGenxvOES	D
0x712abb17f0	p_glVertex2xOES	D
0x712abb17f8	p_glVertex2xvOES	D
0x712abb1800	p_glVertex3xOES	D
0x712abb1808	p_glVertex3xvOES	D
0x712abb1810	p_glVertex4xOES	D
0x712abb1818	p_glVertex4xvOES	D
0x712abb1820	p_glQueryMatrixxOES	D
0x712abb1828	p_glClearDepthfOES	D
0x712abb1830	p_glClipPlanefOES	D
0x712abb1838	p_glDepthRangefOES	D
0x712abb1840	p_glFrustumfOES	D
0x712abb1848	p_glGetClipPlanefOES	D
0x712abb1850	p_glOrthofOES	D
0x712abb1858	p_glFramebufferTextureMultiviewOVR	D
0x712abb1860	p_glHintPGI	D
0x712abb1868	p_glDetailTexFuncSGIS	D
0x712abb1870	p_glGetDetailTexFuncSGIS	D
0x712abb1878	p_glFogFuncSGIS	D
0x712abb1880	p_glGetFogFuncSGIS	D
0x712abb1888	p_glSampleMaskSGIS	D
0x712abb1890	p_glSamplePatternSGIS	D
0x712abb1898	p_glPixelTexGenParameteriSGIS	D
0x712abb18a0	p_glPixelTexGenParameterivSGIS	D
0x712abb18a8	p_glPixelTexGenParameterfSGIS	D
0x712abb18b0	p_glPixelTexGenParameterfvSGIS	D
0x712abb18b8	p_glGetPixelTexGenParameterivSGIS	D
0x712abb18c0	p_glGetPixelTexGenParameterfvSGIS	D
0x712abb18c8	p_glPointParameterfSGIS	D
0x712abb18d0	p_glPointParameterfvSGIS	D
0x712abb18d8	p_glSharpenTexFuncSGIS	D
0x712abb18e0	p_glGetSharpenTexFuncSGIS	D
0x712abb18e8	p_glTexImage4DSGIS	D
0x712abb18f0	p_glTexSubImage4DSGIS	D
0x712abb1900	p_glGetTexFilterFuncSGIS	D
0x712abb1908	p_glTexFilterFuncSGIS	D
0x712abb1910	p_glAsyncMarkerSGIX	D
0x712abb1918	p_glFinishAsyncSGIX	D
0x712abb1920	p_glPollAsyncSGIX	D
0x712abb1928	p_glGenAsyncMarkersSGIX	D
0x712abb1930	p_glDeleteAsyncMarkersSGIX	D
0x712abb1938	p_glIsAsyncMarkerSGIX	D
0x712abb1940	p_glFlushRasterSGIX	D
0x712abb1948	p_glFragmentColorMaterialSGIX	D
0x712abb1950	p_glFragmentLightfSGIX	D
0x712abb1958	p_glFragmentLightfvSGIX	D
0x712abb1960	p_glFragmentLightiSGIX	D
0x712abb1968	p_glFragmentLightivSGIX	D
0x712abb1970	p_glFragmentLightModelfSGIX	D
0x712abb1978	p_glFragmentLightModelfvSGIX	D
0x712abb1980	p_glFragmentLightModeliSGIX	D
0x712abb1988	p_glFragmentLightModelivSGIX	D
0x712abb1990	p_glFragmentMaterialfSGIX	D
0x712abb1998	p_glFragmentMaterialfvSGIX	D
0x712abb19a0	p_glFragmentMaterialiSGIX	D
0x712abb19a8	p_glFragmentMaterialivSGIX	D
0x712abb19b0	p_glGetFragmentLightfvSGIX	D
0x712abb19b8	p_glGetFragmentLightivSGIX	D
0x712abb19c0	p_glGetFragmentMaterialfvSGIX	D
0x712abb19c8	p_glGetFragmentMaterialivSGIX	D
0x712abb19d0	p_glLightEnviSGIX	D
0x712abb19d8	p_glFrameZoomSGIX	D
0x712abb19e0	p_glIglooInterfaceSGIX	D
0x712abb19e8	p_glGetInstrumentsSGIX	D
0x712abb19f0	p_glInstrumentsBufferSGIX	D
0x712abb19f8	p_glPollInstrumentsSGIX	D
0x712abb1a00	p_glReadInstrumentsSGIX	D
0x712abb1a08	p_glStartInstrumentsSGIX	D
0x712abb1a10	p_glStopInstrumentsSGIX	D
0x712abb1a18	p_glGetListParameterfvSGIX	D
0x712abb1a20	p_glGetListParameterivSGIX	D
0x712abb1a28	p_glListParameterfSGIX	D
0x712abb1a30	p_glListParameterfvSGIX	D
0x712abb1a38	p_glListParameteriSGIX	D
0x712abb1a40	p_glListParameterivSGIX	D
0x712abb1a48	p_glPixelTexGenSGIX	D
0x712abb1a50	p_glDeformationMap3dSGIX	D
0x712abb1a58	p_glDeformationMap3fSGIX	D
0x712abb1a60	p_glDeformSGIX	D
0x712abb1a68	p_glLoadIdentityDeformationMapSGIX	D
0x712abb1a70	p_glReferencePlaneSGIX	D
0x712abb1a78	p_glSpriteParameterfSGIX	D
0x712abb1a80	p_glSpriteParameterfvSGIX	D
0x712abb1a88	p_glSpriteParameteriSGIX	D
0x712abb1a90	p_glSpriteParameterivSGIX	D
0x712abb1a98	p_glTagSampleBufferSGIX	D
0x712abb1aa0	p_glColorTableSGI	D
0x712abb1aa8	p_glColorTableParameterfvSGI	D
0x712abb1ab0	p_glColorTableParameterivSGI	D
0x712abb1ab8	p_glCopyColorTableSGI	D
0x712abb1ac0	p_glGetColorTableSGI	D
0x712abb1ac8	p_glGetColorTableParameterfvSGI	D
0x712abb1ad0	p_glGetColorTableParameterivSGI	D
0x712abb1ad8	p_glFinishTextureSUNX	D
0x712abb1ae0	p_glGlobalAlphaFactorbSUN	D
0x712abb1ae8	p_glGlobalAlphaFactorsSUN	D
0x712abb1af0	p_glGlobalAlphaFactoriSUN	D
0x712abb1af8	p_glGlobalAlphaFactorfSUN	D
0x712abb1b00	p_glGlobalAlphaFactordSUN	D
0x712abb1b08	p_glGlobalAlphaFactorubSUN	D
0x712abb1b10	p_glGlobalAlphaFactorusSUN	D
0x712abb1b18	p_glGlobalAlphaFactoruiSUN	D
0x712abb1b20	p_glDrawMeshArraysSUN	D
0x712abb1b28	p_glReplacementCodeuiSUN	D
0x712abb1b30	p_glReplacementCodeusSUN	D
0x712abb1b38	p_glReplacementCodeubSUN	D
0x712abb1b40	p_glReplacementCodeuivSUN	D
0x712abb1b48	p_glReplacementCodeusvSUN	D
0x712abb1b50	p_glReplacementCodeubvSUN	D
0x712abb1b58	p_glReplacementCodePointerSUN	D
0x712abb1b60	p_glColor4ubVertex2fSUN	D
0x712abb1b68	p_glColor4ubVertex2fvSUN	D
0x712abb1b70	p_glColor4ubVertex3fSUN	D
0x712abb1b78	p_glColor4ubVertex3fvSUN	D
0x712abb1b80	p_glColor3fVertex3fSUN	D
0x712abb1b88	p_glColor3fVertex3fvSUN	D
0x712abb1b90	p_glNormal3fVertex3fSUN	D
0x712abb1b98	p_glNormal3fVertex3fvSUN	D
0x712abb1ba0	p_glColor4fNormal3fVertex3fSUN	D
0x712abb1ba8	p_glColor4fNormal3fVertex3fvSUN	D
0x712abb1bb0	p_glTexCoord2fVertex3fSUN	D
0x712abb1bb8	p_glTexCoord2fVertex3fvSUN	D
0x712abb1bc0	p_glTexCoord4fVertex4fSUN	D
0x712abb1bc8	p_glTexCoord4fVertex4fvSUN	D
0x712abb1bd0	p_glTexCoord2fColor4ubVertex3fSUN	D
0x712abb1bd8	p_glTexCoord2fColor4ubVertex3fvSUN	D
0x712abb1be0	p_glTexCoord2fColor3fVertex3fSUN	D
0x712abb1be8	p_glTexCoord2fColor3fVertex3fvSUN	D
0x712abb1bf0	p_glTexCoord2fNormal3fVertex3fSUN	D
0x712abb1bf8	p_glTexCoord2fNormal3fVertex3fvSUN	D
0x712abb1c00	p_glTexCoord2fColor4fNormal3fVertex3fSUN	D
0x712abb1c08	p_glTexCoord2fColor4fNormal3fVertex3fvSUN	D
0x712abb1c10	p_glTexCoord4fColor4fNormal3fVertex4fSUN	D
0x712abb1c18	p_glTexCoord4fColor4fNormal3fVertex4fvSUN	D
0x712abb1c20	p_glReplacementCodeuiVertex3fSUN	D
0x712abb1c28	p_glReplacementCodeuiVertex3fvSUN	D
0x712abb1c30	p_glReplacementCodeuiColor4ubVertex3fSUN	D
0x712abb1c38	p_glReplacementCodeuiColor4ubVertex3fvSUN	D
0x712abb1c40	p_glReplacementCodeuiColor3fVertex3fSUN	D
0x712abb1c48	p_glReplacementCodeuiColor3fVertex3fvSUN	D
0x712abb1c50	p_glReplacementCodeuiNormal3fVertex3fSUN	D
0x712abb1c58	p_glReplacementCodeuiNormal3fVertex3fvSUN	D
0x712abb1c60	p_glReplacementCodeuiColor4fNormal3fVertex3fSUN	D
0x712abb1c68	p_glReplacementCodeuiColor4fNormal3fVertex3fvSUN	D
0x712abb1c70	p_glReplacementCodeuiTexCoord2fVertex3fSUN	D
0x712abb1c78	p_glReplacementCodeuiTexCoord2fVertex3fvSUN	D
0x712abb1c80	p_glReplacementCodeuiTexCoord2fNormal3fVertex3fSUN	D
0x712abb1c88	p_glReplacementCodeuiTexCoord2fNormal3fVertex3fvSUN	D
0x712abb1c90	p_glReplacementCodeuiTexCoord2fColor4fNormal3fVertex3fSUN	D
0x712abb1c98	p_glReplacementCodeuiTexCoord2fColor4fNormal3fVertex3fvSUN	D
