7100112008		C:\development\Carbon\Carbon-Gb\NX64\Release\Carbon.nss
7100173730		
7100173731		E:/Development/SDK_10/NintendoSDK/Libraries/NX-NXFP2-a64/Release//glslc.nss
710017377d		E:/Development/SDK_10/NintendoSDK/Libraries/NX-NXFP2-a64/Release//opengl.nss
71001737ca		E:/Development/SDK_10/NintendoSDK/Libraries/NX-NXFP2-a64/Release//multimedia.nss
710017381b		nnSdk.nss
7100173825		__nnDetailNintendoSdkRuntimeObjectFile
710017384c		__nnDetailNintendoSdkRuntimeObjectFileRefer
7100173878		__nnmusl_init_dso
710017388a		__rel_dyn_end
7100173898		__rel_dyn_start
71001738a8		__rel_plt_end
71001738b6		__rel_plt_start
71001738c6		nndetailRoGetRoDataEnd
71001738dd		nndetailRoGetRoDataStart
71001738f6		nnMain
71001738fd		nninitStartup
710017390b		exp2
7100173910		fclose
7100173917		fopen
710017391d		fread
7100173923		free
7100173928		fseek
710017392e		ftell
7100173934		fwrite
710017393b		malloc
7100173942		memalign
710017394b		memcmp
7100173952		memcpy
7100173959		memset
7100173960		strcasecmp
710017396b		strlen
7100173972		strrchr
710017397a		_ZN2nn2os10WaitThreadEPNS0_10ThreadTypeE
71001739a3		_ZN2nn2os11SignalEventEPNS0_9EventTypeE
71001739cb		_ZN2nn2os11StartThreadEPNS0_10ThreadTypeE
71001739f5		_ZN2nn2os11SystemEventD2Ev
7100173a10		_ZN2nn2os12CreateThreadEPNS0_10ThreadTypeEPFvPvES3_S3_mii
7100173a4a		_ZN2nn2os13DestroyThreadEPNS0_10ThreadTypeE
7100173a76		_ZN2nn2os15WaitSystemEventEPNS0_15SystemEventTypeE
7100173aa9		_ZN2nn2os18DestroySystemEventEPNS0_15SystemEventTypeE
7100173adf		_ZN2nn4diag6detail9AbortImplEPKcS3_S3_i
7100173b07		_ZN2nn5audio12StopAudioOutEPNS0_8AudioOutE
7100173b32		_ZN2nn5audio13CloseAudioOutEPNS0_8AudioOutE
7100173b5e		_ZN2nn5audio13StartAudioOutEPNS0_8AudioOutE
7100173b8a		_ZN2nn5audio19OpenDefaultAudioOutEPNS0_8AudioOutEPNS_2os11SystemEventERKNS0_17AudioOutParameterE
7100173beb		_ZN2nn5audio20AppendAudioOutBufferEPNS0_8AudioOutEPNS0_14AudioOutBufferE
7100173c34		_ZN2nn5audio21SetAudioOutBufferInfoEPNS0_14AudioOutBufferEPvmm
7100173c73		_ZN2nn5audio23GetAudioOutChannelCountEPKNS0_8AudioOutE
7100173caa		_ZN2nn5audio23GetAudioOutSampleFormatEPKNS0_8AudioOutE
7100173ce1		_ZN2nn5audio25GetReleasedAudioOutBufferEPNS0_8AudioOutE
7100173d19		_ZN2nn5audio27InitializeAudioOutParameterEPNS0_17AudioOutParameterE
7100173d5d		_ZN2nn5audio28GetAudioOutBufferDataPointerEPKNS0_14AudioOutBufferE
7100173da0		memmove
7100173da8		sprintf
7100173db0		rewind
7100173db7		_ZN2nn3mem17StandardAllocator8AllocateEmm
7100173de1		_ZN2nn3mem17StandardAllocator8FinalizeEv
7100173e0a		_ZN2nn3mem17StandardAllocatorC1EPvm
7100173e2e		__gxx_personality_v0
7100173e43		_Unwind_Resume
7100173e52		_ZN2nn2fs15CreateDirectoryEPKc
7100173e71		_ZN2nn2fs6CommitEPKc
7100173e86		_ZN2nn2fs8OpenFileEPNS0_10FileHandleEPKci
7100173eb0		_ZN2nn2fs8ReadFileEPmNS0_10FileHandleElPvm
7100173edb		_ZN2nn2fs9CloseFileENS0_10FileHandleE
7100173f01		_ZN2nn5audio17SetAudioOutVolumeEPNS0_8AudioOutEf
7100173f32		_ZNSt3__112basic_stringIcNS_11char_traitsIcEENS_9allocatorIcEEE6appendEPKc
7100173f7d		_ZNSt3__112basic_stringIcNS_11char_traitsIcEENS_9allocatorIcEEE6appendEPKcm
7100173fc9		_ZNSt3__112basic_stringIcNS_11char_traitsIcEENS_9allocatorIcEEE6assignEPKc
7100174014		_ZNSt3__112basic_stringIcNS_11char_traitsIcEENS_9allocatorIcEEEC1ERKS5_
710017405c		_ZNSt3__112basic_stringIcNS_11char_traitsIcEENS_9allocatorIcEEEaSERKS5_
71001740a4		_ZNSt3__19to_stringEi
71001740ba		_ZdlPv
71001740c1		_ZdaPv
71001740c8		_Znam
71001740ce		cos
71001740d2		log
71001740d6		pow
71001740da		__cxa_pure_virtual
71001740ed		_ZNKSt3__112basic_stringIcNS_11char_traitsIcEENS_9allocatorIcEEE7compareEmmPKcm
710017413d		_ZNKSt3__121__basic_string_commonILb1EE20__throw_length_errorEv
710017417d		_ZNKSt3__16locale9has_facetERNS0_2idE
71001741a3		_ZNKSt3__16locale9use_facetERNS0_2idE
71001741c9		_ZNKSt3__18ios_base6getlocEv
71001741e6		_ZNSt3__112basic_stringIcNS_11char_traitsIcEENS_9allocatorIcEEEC1ERKS5_mmRKS4_
7100174235		_ZNSt3__113basic_istreamIcNS_11char_traitsIcEEE4readEPcl
710017426e		_ZNSt3__113basic_istreamIcNS_11char_traitsIcEEE5seekgExNS_8ios_base7seekdirE
71001742bb		_ZNSt3__113basic_istreamIcNS_11char_traitsIcEEE5tellgEv
71001742f3		_ZNSt3__113basic_istreamIcNS_11char_traitsIcEEED0Ev
7100174327		_ZNSt3__113basic_istreamIcNS_11char_traitsIcEEED1Ev
710017435b		_ZNSt3__113basic_istreamIcNS_11char_traitsIcEEED2Ev
710017438f		_ZNSt3__113basic_ostreamIcNS_11char_traitsIcEEE5writeEPKcl
71001743ca		_ZNSt3__113basic_ostreamIcNS_11char_traitsIcEEE6sentryC1ERS3_
7100174408		_ZNSt3__113basic_ostreamIcNS_11char_traitsIcEEE6sentryD1Ev
7100174443		_ZNSt3__113basic_ostreamIcNS_11char_traitsIcEEED0Ev
7100174477		_ZNSt3__113basic_ostreamIcNS_11char_traitsIcEEED1Ev
71001744ab		_ZNSt3__113basic_ostreamIcNS_11char_traitsIcEEED2Ev
71001744df		_ZNSt3__115basic_streambufIcNS_11char_traitsIcEEE5uflowEv
7100174519		_ZNSt3__115basic_streambufIcNS_11char_traitsIcEEE6xsgetnEPcl
7100174556		_ZNSt3__115basic_streambufIcNS_11char_traitsIcEEE6xsputnEPKcl
7100174594		_ZNSt3__115basic_streambufIcNS_11char_traitsIcEEE9showmanycEv
71001745d2		_ZNSt3__115basic_streambufIcNS_11char_traitsIcEEEC2Ev
7100174608		_ZNSt3__115basic_streambufIcNS_11char_traitsIcEEED2Ev
710017463e		_ZNSt3__124__put_character_sequenceIcNS_11char_traitsIcEEEERNS_13basic_ostreamIT_T0_EES7_PKS4_m
710017469e		_ZNSt3__14coutE
71001746ae		_ZNSt3__15ctypeIcE2idE
71001746c5		_ZNSt3__16localeC1ERKS0_
71001746de		_ZNSt3__16localeD1Ev
71001746f3		_ZNSt3__17codecvtIcc11__mbstate_tE2idE
710017471a		_ZNSt3__18ios_base33__set_badbit_and_consider_rethrowEv
7100174752		_ZNSt3__18ios_base4initEPv
710017476d		_ZNSt3__18ios_base5clearEj
7100174788		_ZNSt3__19basic_iosIcNS_11char_traitsIcEEED2Ev
71001747b7		_ZNSt8bad_castC1Ev
71001747ca		_ZNSt8bad_castD1Ev
71001747dd		_ZSt9terminatev
71001747ed		_ZTISt8bad_cast
71001747fd		_ZTISt9exception
710017480e		_ZTSSt8bad_cast
710017481e		_ZTSSt9exception
710017482f		_ZTVN10__cxxabiv117__class_type_infoE
7100174855		_ZTVN10__cxxabiv120__si_class_type_infoE
710017487e		_ZTv0_n24_NSt3__113basic_istreamIcNS_11char_traitsIcEEED0Ev
71001748ba		_ZTv0_n24_NSt3__113basic_istreamIcNS_11char_traitsIcEEED1Ev
71001748f6		_ZTv0_n24_NSt3__113basic_ostreamIcNS_11char_traitsIcEEED0Ev
7100174932		_ZTv0_n24_NSt3__113basic_ostreamIcNS_11char_traitsIcEEED1Ev
710017496e		_Znwm
7100174974		__cxa_allocate_exception
710017498d		__cxa_begin_catch
710017499f		__cxa_end_catch
71001749af		__cxa_throw
71001749bb		fflush
71001749c2		fseeko
71001749c9		ftello
71001749d0		snprintf
71001749d9		time
71001749de		_ZN2nn2fs10CreateFileEPKcl
71001749f9		_ZN2nn2fs12GetEntryTypeEPNS0_18DirectoryEntryTypeEPKc
7100174a2f		_ZN2nn2fs9WriteFileENS0_10FileHandleElPKvmRKNS0_11WriteOptionE
7100174a6e		_ZN2nn4time14ToCalendarTimeEPNS0_12CalendarTimeEPNS0_22CalendarAdditionalInfoERKNS0_9PosixTimeE
7100174ace		_ZN2nn4time23StandardUserSystemClock14GetCurrentTimeEPNS0_9PosixTimeE
7100174b14		_ZNSt11logic_errorC2EPKc
7100174b2d		_ZNSt12length_errorD1Ev
7100174b45		_ZTISt11logic_error
7100174b59		_ZTISt12length_error
7100174b6e		_ZTSSt11logic_error
7100174b82		_ZTSSt12length_error
7100174b97		_ZTVSt12length_error
7100174bac		__cxa_free_exception
7100174bc1		realloc
7100174bc9		printf
7100174bd0		_ZN2nn3mem17StandardAllocator10InitializeEPvm
7100174bfe		_ZN2nn5audio17AcquireMemoryPoolEPNS0_19AudioRendererConfigEPNS0_14MemoryPoolTypeEPvm
7100174c53		_ZN2nn5audio17OpenAudioRendererEPNS0_19AudioRendererHandleEPNS_2os11SystemEventERKNS0_22AudioRendererParameterEPvm
7100174cc6		_ZN2nn5audio18StartAudioRendererENS0_19AudioRendererHandleE
7100174d02		_ZN2nn5audio23RequestAttachMemoryPoolEPNS0_14MemoryPoolTypeE
7100174d3f		_ZN2nn5audio26RequestUpdateAudioRendererENS0_19AudioRendererHandleEPKNS0_19AudioRendererConfigE
7100174d9f		_ZN2nn5audio29InitializeAudioRendererConfigEPNS0_19AudioRendererConfigERKNS0_22AudioRendererParameterEPvm
7100174e09		_ZN2nn5audio29IsValidAudioRendererParameterERKNS0_22AudioRendererParameterE
7100174e55		_ZN2nn5audio30GetAudioRendererWorkBufferSizeERKNS0_22AudioRendererParameterE
7100174ea2		_ZN2nn5audio32InitializeAudioRendererParameterEPNS0_22AudioRendererParameterE
7100174ef0		_ZN2nn5audio36GetAudioRendererConfigWorkBufferSizeERKNS0_22AudioRendererParameterE
7100174f43		_ZN5movie37GetH264NalUnitStartPositionAndNalSizeEPPhPmS1_S2_
7100174f80		_ZN2nn2os13GetSystemTickEv
7100174f9b		_ZNSt3__112basic_stringIcNS_11char_traitsIcEENS_9allocatorIcEEE6insertEmPKc
7100174fe7		_ZN2nn2vi10InitializeEv
7100174fff		_ZN2nn2vi11CreateLayerEPPNS0_5LayerEPNS0_7DisplayE
7100175032		_ZN2nn2vi12CloseDisplayEPNS0_7DisplayE
7100175059		_ZN2nn2vi12DestroyLayerEPNS0_5LayerE
710017507e		_ZN2nn2vi15GetNativeWindowEPPvPNS0_5LayerE
71001750a9		_ZN2nn2vi18OpenDefaultDisplayEPPNS0_7DisplayE
71001750d7		_ZN2nn2vi8FinalizeEv
71001750ec		_ZN2nv16FinalizeGraphicsEv
7100175107		eglBindAPI
7100175112		eglChooseConfig
7100175122		eglCreateContext
7100175133		eglCreateWindowSurface
710017514a		eglGetDisplay
7100175158		eglInitialize
7100175166		eglMakeCurrent
7100175175		eglSwapBuffers
7100175184		eglSwapInterval
7100175194		_ZN2nn2fs12SetAllocatorEPFPvmEPFvS1_mE
71001751bb		_ZN2nn2oe25GetProgramTotalActiveTimeEv
71001751e2		_ZN2nn2os10ClearEventEPNS0_9EventTypeE
7100175209		_ZN2nn2os11SleepThreadENS_8TimeSpanE
710017522e		_ZN2nn2os11UnlockMutexEPNS0_9MutexTypeE
7100175256		_ZN2nn2os12CreateThreadEPNS0_10ThreadTypeEPFvPvES3_S3_mi
710017528f		_ZN2nn2os13FinalizeEventEPNS0_9EventTypeE
71001752b9		_ZN2nn2os13FinalizeMutexEPNS0_9MutexTypeE
71001752e3		_ZN2nn2os13SetThreadNameEPNS0_10ThreadTypeEPKc
7100175312		_ZN2nn2os14TimedWaitEventEPNS0_9EventTypeENS_8TimeSpanE
710017534a		_ZN2nn2os15InitializeEventEPNS0_9EventTypeEbNS0_14EventClearModeE
710017538c		_ZN2nn2os15InitializeMutexEPNS0_9MutexTypeEbi
71001753ba		_ZN2nn2os16GetCurrentThreadEv
71001753d8		_ZN2nn2os16SendMessageQueueEPNS0_16MessageQueueTypeEm
710017540e		_ZN2nn2os17FinalizeMultiWaitEPNS0_13MultiWaitTypeE
7100175441		_ZN2nn2os19InitializeMultiWaitEPNS0_13MultiWaitTypeE
7100175476		_ZN2nn2os19LinkMultiWaitHolderEPNS0_13MultiWaitTypeEPNS0_19MultiWaitHolderTypeE
71001754c6		_ZN2nn2os19ReceiveMessageQueueEPmPNS0_16MessageQueueTypeE
7100175500		_ZN2nn2os20FinalizeMessageQueueEPNS0_16MessageQueueTypeE
7100175539		_ZN2nn2os20GetThreadNamePointerEPKNS0_10ThreadTypeE
710017556d		_ZN2nn2os21UnlinkMultiWaitHolderEPNS0_19MultiWaitHolderTypeE
71001755aa		_ZN2nn2os22InitializeMessageQueueEPNS0_16MessageQueueTypeEPmm
71001755e8		_ZN2nn2os23FinalizeMultiWaitHolderEPNS0_19MultiWaitHolderTypeE
7100175627		_ZN2nn2os25InitializeMultiWaitHolderEPNS0_19MultiWaitHolderTypeEPNS0_9EventTypeE
7100175678		_ZN2nn2os7WaitAnyEPNS0_13MultiWaitTypeE
71001756a0		_ZN2nn2os9LockMutexEPNS0_9MutexTypeE
71001756c5		_ZN2nn3mem17StandardAllocator10ReallocateEPvm
71001756f3		_ZN2nn3mem17StandardAllocator4FreeEPv
7100175719		_ZN2nn4lmem13CreateExpHeapEPvmi
7100175739		_ZN2nn4lmem13FreeToExpHeapEPNS0_6detail8HeapHeadEPv
710017576d		_ZN2nn4lmem19AllocateFromExpHeapEPNS0_6detail8HeapHeadEm
71001757a6		_ZN2nv18InitializeGraphicsEPvm
71001757c5		_ZN2nv20SetGraphicsAllocatorEPFPvmmS0_EPFvS0_S0_EPFS0_S0_mS0_ES0_
7100175807		_ZN2nv28SetGraphicsDevtoolsAllocatorEPFPvmmS0_EPFvS0_S0_EPFS0_S0_mS0_ES0_
7100175851		_ZN5movie11SetCoreMaskEm
710017586a		_ZN5movie12SetAllocatorEPFPvmmS0_EPFvS0_S0_EPFS0_S0_mS0_ES0_
71001758a7		_ZN5movie17GetThreadPriorityEv
71001758c6		_ZN5movie6Buffer8SetRangeEii
71001758e3		_ZN5movie6BufferC1Ev
71001758f8		_ZN5movie6BufferD1Ev
710017590d		_ZN5movie7DecoderC1ENS_11DecoderTypeENS_19DecoderOutputFormatENS_11DecoderModeEi
710017595e		_ZN5movie9ExtractorC1ENS_13ContainerTypeE
7100175988		_ZN5movie9MediaData5ClearEv
71001759a4		_ZN5movie9MediaData7VisitorD2Ev
71001759c4		_ZN5movie9MediaDataC1ERKS0_
71001759e0		_ZN5movie9MediaDataC1Ev
71001759f8		_ZN5movie9MediaDataD1Ev
7100175a10		_ZNK5movie6Buffer4BaseEv
7100175a29		_ZNK5movie6Buffer4SizeEv
7100175a42		_ZNK5movie6Buffer6OffsetEv
7100175a5d		_ZNK5movie6Buffer8CapacityEv
7100175a7a		_ZNK5movie9MediaData10FindStringEPKcPS2_
7100175aa3		_ZNK5movie9MediaData5VisitERKNS0_7VisitorE
7100175ace		_ZNK5movie9MediaData9FindInt32EPKcPi
7100175af3		_ZNKSt3__120__vector_base_commonILb1EE20__throw_length_errorEv
7100175b32		_ZnamRKSt9nothrow_t
7100175b46		_ZnwmRKSt9nothrow_t
7100175b5a		__cxa_call_unexpected
7100175b70		__cxa_guard_abort
7100175b82		__cxa_guard_acquire
7100175b96		__cxa_guard_release
7100175baa		aligned_alloc
7100175bb8		calloc
7100175bbf		memchr
7100175bc6		strncasecmp
7100175bd2		_ZN2nn2fs11GetFileSizeEPlNS0_10FileHandleE
7100175bfd		_ZN2nn2fs8ReadFileENS0_10FileHandleElPvm
7100175c26		_ZN2nn3mem17StandardAllocatorC1Ev
7100175c48		_ZN2nn4diag6detail11NotNullImplEm
7100175c6a		_ZN2nn5audio13AddDeviceSinkEPNS0_19AudioRendererConfigEPNS0_14DeviceSinkTypeEPNS0_12FinalMixTypeEPKaiPKc
7100175cd3		_ZN2nn5audio15AcquireFinalMixEPNS0_19AudioRendererConfigEPNS0_12FinalMixTypeEi
7100175d22		_ZN2nn5audio16AcquireVoiceSlotEPNS0_19AudioRendererConfigEPNS0_9VoiceTypeEiiNS0_12SampleFormatEiPKvm
7100175d87		_ZN2nn5audio16AppendWaveBufferEPNS0_9VoiceTypeEPKNS0_10WaveBufferE
7100175dca		_ZN2nn5audio17GetVoiceMixVolumeEPKNS0_9VoiceTypeEPKNS0_12FinalMixTypeEii
7100175e13		_ZN2nn5audio17SetVoiceMixVolumeEPNS0_9VoiceTypeEPNS0_12FinalMixTypeEfii
7100175e5b		_ZN2nn5audio17SetVoicePlayStateEPNS0_9VoiceTypeENS1_9PlayStateE
7100175e9b		_ZN2nn5audio19ListAudioDeviceNameEPNS0_15AudioDeviceNameEi
7100175ed6		_ZN2nn5audio19SetDownMixParameterEPNS0_14DeviceSinkTypeEPKNS1_16DownMixParameterE
7100175f28		_ZN2nn5audio19SetVoiceDestinationEPNS0_19AudioRendererConfigEPNS0_9VoiceTypeEPNS0_12FinalMixTypeE
7100175f8a		_ZN2nn5audio21GetReleasedWaveBufferEPNS0_9VoiceTypeE
7100175fbf		_ZN2nn5audio26SetDownMixParameterEnabledEPNS0_14DeviceSinkTypeEb
7100176000		_ZN2nn5audio39AcquireAudioDeviceNotificationForOutputEPNS_2os11SystemEventE
710017604c		strncmp
7100176054		_ZN2nn3hid12GetNpadStateEPNS0_16NpadFullKeyStateERKj
7100176089		_ZN2nn3hid12GetNpadStateEPNS0_16NpadJoyDualStateERKj
71001760be		_ZN2nn3hid12GetNpadStateEPNS0_17NpadHandheldStateERKj
71001760f4		_ZN2nn3hid14InitializeNpadEv
7100176111		_ZN2nn3hid15GetNpadStyleSetERKj
7100176131		_ZN2nn3hid20ControllerSupportArg10SetDefaultEv
7100176160		_ZN2nn3hid21ShowControllerSupportEPNS0_27ControllerSupportResultInfoERKNS0_20ControllerSupportArgE
71001761c3		_ZN2nn3hid22SetSupportedNpadIdTypeEPKjm
71001761eb		_ZN2nn3hid24SetSupportedNpadStyleSetENS_4util10BitFlagSetILi32ENS0_12NpadStyleTagEEE
7100176240		_ZN2nn2fs13MountSaveDataEPKcRKNS_7account3UidE
710017626f		_ZN2nn2fs14EnsureSaveDataERKNS_7account3UidE
710017629c		_ZN2nn2fs22QueryMountRomCacheSizeEPm
71001762c1		_ZN2nn2fs8MountRomEPKcPvm
71001762db		_ZN2nn4diag6detail9AbortImplEPKcS3_S3_iPKNS_6ResultES3_z
7100176314		_ZN2nn4time10InitializeEv
710017632e		_ZN2nn7account10InitializeEv
710017634b		_ZN2nn7account22TryOpenPreselectedUserEPNS0_10UserHandleE
7100176385		_ZN2nn7account9CloseUserERKNS0_10UserHandleE
71001763b2		_ZN2nn7account9GetUserIdEPNS0_3UidERKNS0_10UserHandleE
71001763e9		_ZSt7nothrow
71001763f6		srand
71001763fc		eglGetProcAddress
710017640e		fprintf
7100176416		stderr
710017641d		_ZNKSt3__115basic_stringbufIcNS_11char_traitsIcEENS_9allocatorIcEEE3strEv
7100176467		_ZNSt3__112basic_stringIcNS_11char_traitsIcEENS_9allocatorIcEEE6resizeEmc
71001764b1		_ZNSt3__112basic_stringIcNS_11char_traitsIcEENS_9allocatorIcEEE9push_backEc
71001764fd		_ZNSt3__113basic_ostreamIcNS_11char_traitsIcEEE3putEc
7100176533		_ZNSt3__113basic_ostreamIcNS_11char_traitsIcEEE5flushEv
710017656b		_ZNSt3__113basic_ostreamIcNS_11char_traitsIcEEElsEPNS_15basic_streambufIcS2_EE
71001765ba		_ZNSt3__114basic_iostreamIcNS_11char_traitsIcEEED0Ev
71001765ef		_ZNSt3__114basic_iostreamIcNS_11char_traitsIcEEED1Ev
7100176624		_ZNSt3__114basic_iostreamIcNS_11char_traitsIcEEED2Ev
7100176659		_ZNSt3__115basic_streambufIcNS_11char_traitsIcEEE4syncEv
7100176692		_ZNSt3__115basic_streambufIcNS_11char_traitsIcEEE5imbueERKNS_6localeE
71001766d8		_ZNSt3__115basic_streambufIcNS_11char_traitsIcEEE6setbufEPcl
7100176715		_ZNSt3__115basic_stringbufIcNS_11char_traitsIcEENS_9allocatorIcEEE7seekoffExNS_8ios_base7seekdirEj
7100176778		_ZNSt3__115basic_stringbufIcNS_11char_traitsIcEENS_9allocatorIcEEE8overflowEi
71001767c6		_ZNSt3__115basic_stringbufIcNS_11char_traitsIcEENS_9allocatorIcEEE9pbackfailEi
7100176815		_ZNSt3__115basic_stringbufIcNS_11char_traitsIcEENS_9allocatorIcEEE9underflowEv
7100176864		_ZNSt3__115basic_stringbufIcNS_11char_traitsIcEENS_9allocatorIcEEED0Ev
71001768ab		_ZNSt3__115basic_stringbufIcNS_11char_traitsIcEENS_9allocatorIcEEED2Ev
71001768f2		_ZNSt3__118basic_stringstreamIcNS_11char_traitsIcEENS_9allocatorIcEEED0Ev
710017693c		_ZNSt3__118basic_stringstreamIcNS_11char_traitsIcEENS_9allocatorIcEEED1Ev
7100176986		_ZNSt3__127__tree_balance_after_insertIPNS_16__tree_node_baseIPvEEEEvT_S5_
71001769d1		_ZNSt9exceptionD1Ev
71001769e5		_ZTCNSt3__118basic_stringstreamIcNS_11char_traitsIcEENS_9allocatorIcEEEE0_NS_13basic_istreamIcS2_EE
7100176a49		_ZTCNSt3__118basic_stringstreamIcNS_11char_traitsIcEENS_9allocatorIcEEEE0_NS_14basic_iostreamIcS2_EE
7100176aae		_ZTCNSt3__118basic_stringstreamIcNS_11char_traitsIcEENS_9allocatorIcEEEE16_NS_13basic_ostreamIcS2_EE
7100176b13		_ZTTNSt3__118basic_stringstreamIcNS_11char_traitsIcEENS_9allocatorIcEEEE
7100176b5c		_ZTVNSt3__115basic_stringbufIcNS_11char_traitsIcEENS_9allocatorIcEEEE
7100176ba2		_ZTVNSt3__118basic_stringstreamIcNS_11char_traitsIcEENS_9allocatorIcEEEE
7100176beb		_ZTVSt9exception
7100176bfc		_ZThn16_NSt3__114basic_iostreamIcNS_11char_traitsIcEEED0Ev
7100176c37		_ZThn16_NSt3__114basic_iostreamIcNS_11char_traitsIcEEED1Ev
7100176c72		_ZThn16_NSt3__118basic_stringstreamIcNS_11char_traitsIcEENS_9allocatorIcEEED0Ev
7100176cc2		_ZThn16_NSt3__118basic_stringstreamIcNS_11char_traitsIcEENS_9allocatorIcEEED1Ev
7100176d12		_ZTv0_n24_NSt3__114basic_iostreamIcNS_11char_traitsIcEEED0Ev
7100176d4f		_ZTv0_n24_NSt3__114basic_iostreamIcNS_11char_traitsIcEEED1Ev
7100176d8c		_ZTv0_n24_NSt3__118basic_stringstreamIcNS_11char_traitsIcEENS_9allocatorIcEEED0Ev
7100176dde		_ZTv0_n24_NSt3__118basic_stringstreamIcNS_11char_traitsIcEENS_9allocatorIcEEED1Ev
7100176e30		__cxa_get_exception_ptr
7100176e48		feof
7100176e4d		ldexpf
7100176e54		powf
7100176e59		strtol
7100176e60		_ZN2nn4util6detail15CosCoefficientsE
7100176e85		_ZN2nn4util6detail15FloatPiDivided2E
7100176eaa		_ZN2nn4util6detail15SinCoefficientsE
7100176ecf		_ZN2nn4util6detail16Float1Divided2PiE
7100176ef5		_ZN2nn4util6detail7FloatPiE
7100176f11		_ZN2nn4util6detail8Float2PiE
7100176f2e		_ZN2nn2oe25TryPopNotificationMessageEPj
7100176f56		_ZN2nn2oe31EnterExitRequestHandlingSectionEv
7100176f83		_ZN2nn2oe31LeaveExitRequestHandlingSectionEv
7100176fb0		_ZN2nn3web19ShowOfflineHtmlPageEPNS0_26OfflineHtmlPageReturnValueERKNS0_22ShowOfflineHtmlPageArgE
7100177012		_ZN2nn3web22ShowOfflineHtmlPageArg16SetFooterEnabledEb
7100177049		_ZN2nn3web22ShowOfflineHtmlPageArg17SetBackgroundKindERKNS0_21OfflineBackgroundKindE
710017709e		_ZN2nn3web22ShowOfflineHtmlPageArg17SetPointerEnabledEb
71001770d6		_ZN2nn3web22ShowOfflineHtmlPageArg18SetWebAudioEnabledEb
710017710f		_ZN2nn3web22ShowOfflineHtmlPageArg21SetJsExtensionEnabledEb
710017714b		_ZN2nn3web22ShowOfflineHtmlPageArg25SetBootLoadingIconEnabledEb
710017718b		_ZN2nn3web22ShowOfflineHtmlPageArg25SetTouchEnabledOnContentsEb
71001771cb		_ZN2nn3web22ShowOfflineHtmlPageArgC1EPKc
71001771f4		_ZN2nn3web26OfflineHtmlPageReturnValueC1Ev
710017721f		_ZN2nn4time13ClockSnapshot29CreateWithStandardSystemClockEPS1_
710017725e		_ZN2nn4time13ClockSnapshotC1Ev
710017727d		_ZN2nn4time20CalculateSpanBetweenEPNS_8TimeSpanERKNS0_13ClockSnapshotES5_
71001772c7		_ZNK2nn3web26OfflineHtmlPageReturnValue20GetOfflineExitReasonEv
7100177307		ferror
710017730e		fgetc
7100177314		isalpha
710017731c		isspace
7100177324		sscanf
710017732b		strchr
7100177332		vsnprintf
710017733c		strcmp
7100177343		_ZN2nn4util11ReferSymbolEPKv
7100177360		_ZN2nn5audio17GetSampleByteSizeENS0_12SampleFormatE
7100177394		_ZN2nn5audio19InitializeResamplerEPNS0_13ResamplerTypeEPvmiii
71001773d2		_ZN2nn5audio19OpenDefaultAudioOutEPNS0_8AudioOutERKNS0_17AudioOutParameterE
710017741e		_ZN2nn5audio21GetAudioOutSampleRateEPKNS0_8AudioOutE
7100177453		_ZN2nn5audio22ProcessResamplerBufferEPNS0_13ResamplerTypeEPiPsmPKsi
7100177497		_ZN2nn5audio25GetAudioOutBufferDataSizeEPKNS0_14AudioOutBufferE
71001774d7		_ZN2nn5audio29GetResamplerOutputSampleCountEPKNS0_13ResamplerTypeEi
710017751b		_ZN2nn5audio33GetRequiredBufferSizeForResamplerEi
710017754d		_ZN5movie6Buffer12SetInt32DataEi
710017756e		_ZN5movie6Buffer12SetInt64DataEl
710017758f		_ZN5movie6Buffer13SetUint32DataEj
71001775b1		_ZN5movie6BufferC1EPvm
71001775c8		_ZN5movie6BufferC1ERKS0_
71001775e1		_ZN5movie6BufferC1Em
71001775f6		_ZN5movie6BufferaSERKS0_
710017760f		_ZNK5movie6Buffer12GetInt64DataEv
7100177631		_ZNK5movie6Buffer13GetUint32DataEv
7100177654		_ZNSt3__16vectorIN5movie6BufferENS_9allocatorIS2_EEE21__push_back_slow_pathIRKS2_EEvOT_
71001776ac		abort
71001776b2		_ZN2nn2os17ConvertToTimeSpanENS0_4TickE
71001776da		_ZN5movie6Buffer10SetNvnSyncEPv
71001776fa		_ZN5movie6Buffer18SetDataAndCapacityEPvm
7100177723		_ZN5movie6Buffer9SetNvnDevEPv
7100177741		glslcCompile
710017774e		glslcFinalize
710017775c		glslcInitialize
710017776c		glslcSetAllocator
710017777e		nvnBootstrapLoader
7100177791		_ZN2nn3hid16GetDebugPadStateEPNS0_13DebugPadStateE
71001777c4		_ZN2nn3hid18InitializeDebugPadEv
71001777e5		_ZN2nn3hid16GetKeyboardStateEPNS0_13KeyboardStateE
7100177818		_ZN2nn3hid18InitializeKeyboardEv
7100177839		_ZN2nn3hid14GetMouseStatesEPNS0_10MouseStateEi
7100177868		_ZN2nn3hid15InitializeMouseEv
7100177886		_ZN2nn3hid20GetTouchScreenStatesILm16EEEiPNS0_16TouchScreenStateIXT_EEEi
71001778cf		_ZN2nn3hid21InitializeTouchScreenEv
71001778f3		end
710017814b	GbSystem_LoadSlotPreviews,	Empty Slot 3
7100178158	Renderer_DrawExtrasMenu,	View the credits!
710017816a	MenuSound_LoadAll,	rom:/assets/sounds/menu_scrub_through_items3.wav
710017819b	Artwork_LoadTextures,	rom:/assets/artwork/2_BonusArtwork_P10.png
71001781c6	Artwork_LoadTextures,	artwork13
71001781d0	71001b2a28,	GL_VERSION_1_5
71001781df	71001b2b98,71001b78a0,	GL_AMD_stencil_operation_extended
7100178201	71001b2bd0,71001b78d8,	GL_AMD_vertex_shader_viewport_index
7100178225	71001b2cf8,71001b7948,	GL_APPLE_vertex_array_range
7100178241	71001b2d08,71001b7958,	GL_APPLE_ycbcr_422
7100178254	71001b2d48,71001b7978,	GL_ARB_blend_func_extended
710017826f	71001b2db8,71001b79e8,	GL_ARB_copy_image
7100178281	71001b30c8,71001b7d10,	GL_ARB_sync
710017828d	71001b3340,	GL_EGL_KHR_context_flush_control
71001782ae	71001b3370,71001b7f40,	GL_EXT_abgr
71001782ba	71001b3398,71001b7f60,	GL_EXT_blend_equation_separate
71001782d9	71001b3560,71001b8088,	GL_EXT_memory_object
71001782ee	71001b3588,	GL_EXT_multi_draw_indirect
7100178309	71001b39b0,71001b83b0,	GL_KHR_texture_compression_astc_hdr
710017832d	71001b39d0,71001b8400,	GL_MESAX_texture_stack
7100178344	71001b39d8,71001b83c8,	GL_MESA_pack_invert
7100178358	71001b39e8,71001b83e0,	GL_MESA_shader_integer_functions
7100178379	71001b3a38,	GL_NV_bgr
7100178383	71001b3ae8,	GL_NV_draw_buffers
7100178396	71001b3c70,	GL_NV_pixel_buffer_object
71001783b0	71001b3c90,	GL_NV_polygon_mode
71001783c3	71001b3ca0,71001b85e8,	GL_NV_primitive_restart
71001783db	71001b3f10,	GL_QCOM_writeonly_rendering
71001783f7	71001b41e0,71001b8968,	GL_SGIX_sprite
7100178406	71001b41e8,	GL_SGIX_subdiv_patch
710017841b	FUN_71000a2860,	eglWaitSync
7100178427	FUN_71000a2860,	eglStreamConsumerOutputEXT
7100178442	FUN_71000a2860,	eglCreateSyncKHR
7100178453	FUN_71000a2860,	eglQueryDisplayAttribNV
710017846b	FUN_71000b2c60,FUN_71000f0e30,	glMultTransposeMatrixf
7100178482	FUN_71000b2c60,FUN_71000f0e30,	glCreateShader
7100178491	FUN_71000b2c60,FUN_71000f0e30,	glDeleteShader
71001784a0	FUN_71000b2c60,FUN_71000f0e30,	glUniform4f
71001784ac	FUN_71000b2c60,FUN_71000f0e30,	glVertexAttrib4Nbv
71001784bf	FUN_71000b2c60,FUN_71000f0e30,	glEndConditionalRender
71001784d6	FUN_71000b2c60,FUN_71000f0e30,	glUniform4ui
71001784e3	FUN_71000b2c60,FUN_71000f0e30,	glFramebufferSamplePositionsfvAMD
7100178505	FUN_71000b2c60,FUN_71000f0e30,	glGetPerfMonitorCounterStringAMD
7100178526	FUN_71000b2c60,FUN_71000f0e30,	glGetPerfMonitorCountersAMD
7100178542	FUN_71000b2c60,FUN_71000f0e30,	glIsFenceAPPLE
7100178551	FUN_71000b2c60,FUN_71000f0e30,	glGetObjectParameterivAPPLE
710017856d	FUN_71000b2c60,	glIsSyncAPPLE
710017857b	FUN_71000b2c60,FUN_71000f0e30,	glClearBufferData
710017858d	FUN_71000b2c60,FUN_71000f0e30,	glClearNamedFramebufferfi
71001785a7	FUN_71000b2c60,FUN_71000f0e30,	glCreateProgramPipelines
71001785c0	FUN_71000b2c60,FUN_71000f0e30,	glMapNamedBufferRange
71001785d6	FUN_71000b2c60,FUN_71000f0e30,	glNamedFramebufferTextureLayer
71001785f5	FUN_71000b2c60,FUN_71000f0e30,	glTextureParameterfv
710017860a	FUN_71000b2c60,FUN_71000f0e30,	glTransformFeedbackBufferBase
7100178628	FUN_71000b2c60,FUN_71000b2c60,FUN_71000f0e30,	glDrawElementsInstancedBaseVertex
710017864a	FUN_71000b2c60,FUN_71000f0e30,	glUniform2dv
7100178657	FUN_71000b2c60,FUN_71000f0e30,	glProgramUniform1ui64vARB
7100178671	FUN_71000b2c60,FUN_71000f0e30,	glUniform2ui64ARB
7100178683	FUN_71000b2c60,FUN_71000f0e30,	glInvalidateBufferSubData
710017869d	FUN_71000b2c60,FUN_71000f0e30,	glMultiTexCoord1sARB
71001786b2	FUN_71000b2c60,FUN_71000f0e30,	glMultiTexCoord3ivARB
71001786c8	FUN_71000b2c60,FUN_71000f0e30,	glGetGraphicsResetStatusARB
71001786e4	FUN_71000b2c60,FUN_71000f0e30,	glSamplerParameterfv
71001786f9	FUN_71000b2c60,FUN_71000f0e30,	glProgramUniformMatrix2x3dv
7100178715	FUN_71000b2c60,FUN_71000f0e30,	glProgramUniformMatrix3dv
710017872f	FUN_71000b2c60,FUN_71000f0e30,	glGetUniformfvARB
7100178741	FUN_71000b2c60,FUN_71000f0e30,	glShaderStorageBlockBinding
710017875d	FUN_71000b2c60,FUN_71000f0e30,	glGetSubroutineUniformLocation
710017877c	FUN_71000b2c60,FUN_71000f0e30,	glUniformSubroutinesuiv
7100178794	FUN_71000b2c60,FUN_71000f0e30,	glQueryCounter
71001787a3	FUN_71000b2c60,FUN_71000f0e30,	glMultTransposeMatrixfARB
71001787bd	FUN_71000b2c60,FUN_71000f0e30,	glWeightivARB
71001787cb	FUN_71000b2c60,FUN_71000f0e30,	glGenBuffersARB
71001787db	FUN_71000f0e30,FUN_71000cbf60,	glProgramEnvParameter4fvARB
71001787f7	FUN_71000f0e30,FUN_71000cbf60,	glVertexAttrib1dvARB
710017880c	FUN_71000f0e30,FUN_71000cbf60,	glVertexAttrib3dARB
7100178820	FUN_71000f0e30,FUN_71000cbf60,	glVertexAttrib3dvARB
7100178835	FUN_71000b2c60,FUN_71000f0e30,	glMultiTexCoordP4uiv
710017884a	FUN_71000b2c60,FUN_71000f0e30,	glTexCoordP4uiv
710017885a	FUN_71000b2c60,FUN_71000f0e30,	glVertexAttribP1ui
710017886d	FUN_71000b2c60,FUN_71000f0e30,	glVertexAttribP3ui
7100178880	FUN_71000b2c60,FUN_71000f0e30,	glFreeObjectBufferATI
7100178896	FUN_71000b2c60,FUN_71000f0e30,	glVertexStream2fATI
71001788aa	FUN_71000b2c60,FUN_71000f0e30,	glVertexStream2fvATI
71001788bf	FUN_71000b2c60,FUN_71000f0e30,	glVertexStream4ivATI
71001788d4	FUN_71000b2c60,FUN_71000f0e30,	glConvolutionFilter2DEXT
71001788ed	FUN_71000b2c60,FUN_71000f0e30,	glConvolutionParameterivEXT
7100178909	FUN_71000b2c60,FUN_71000f0e30,	glDepthBoundsEXT
710017891a	FUN_71000b2c60,FUN_71000f0e30,	glMatrixRotatefEXT
710017892d	FUN_71000b2c60,FUN_71000f0e30,	glMatrixScalefEXT
710017893f	FUN_71000b2c60,FUN_71000f0e30,	glMultiTexCoordPointerEXT
7100178959	FUN_71000b2c60,FUN_71000f0e30,	glMultiTexParameterIuivEXT
7100178974	FUN_71000b2c60,FUN_71000f0e30,	glNamedRenderbufferStorageMultisampleEXT
710017899d	FUN_71000b2c60,FUN_71000f0e30,	glProgramUniform4fvEXT
71001789b4	FUN_71000b2c60,FUN_71000f0e30,	glPushClientAttribDefaultEXT
71001789d1	FUN_71000b2c60,FUN_71000f0e30,	glVertexArrayMultiTexCoordOffsetEXT
71001789f5	FUN_71000b2c60,FUN_71000f0e30,	glFogCoordfvEXT
7100178a05	FUN_71000b2c60,	glGetFragmentMaterialivEXT
7100178a20	FUN_71000b2c60,FUN_71000f0e30,	glFramebufferTexture1DEXT
7100178a3a	FUN_71000b2c60,FUN_71000f0e30,	glVertexAttribI4ivEXT
7100178a50	FUN_71000b2c60,FUN_71000f0e30,	glGetColorTableEXT
7100178a63	FUN_71000b2c60,FUN_71000f0e30,	glPixelTransformParameteriEXT
7100178a81	FUN_71000b2c60,FUN_71000f0e30,	glSecondaryColor3svEXT
7100178a98	FUN_71000b2c60,FUN_71000f0e30,	glImportSemaphoreWin32HandleEXT
7100178ab8	FUN_71000b2c60,FUN_71000f0e30,	glVertexArrayVertexAttribLOffsetEXT
7100178adc	FUN_71000b2c60,FUN_71000f0e30,	glVertexWeightfEXT
7100178aef	FUN_71000b2c60,FUN_71000f0e30,	glReleaseKeyedMutexWin32EXT
7100178b0b	FUN_71000b2c60,FUN_71000f0e30,	glEndPerfQueryINTEL
7100178b1f	FUN_71000b2c60,FUN_71000f0e30,	glWindowPos4fMESA
7100178b31	FUN_71000b2c60,	glStereoParameterfNV
7100178b46	FUN_71000b2c60,FUN_71000f0e30,	glDeleteCommandListsNV
7100178b5d	FUN_71000b2c60,	glCopyBufferSubDataNV
7100178b73	FUN_71000b2c60,FUN_71000f0e30,	glDrawVkImageNV
7100178b83	FUN_71000b2c60,FUN_71000f0e30,	glMulticastBlitFramebufferNV
7100178ba0	FUN_71000b2c60,FUN_71000f0e30,	glMultiTexCoord2hNV
7100178bb4	FUN_71000b2c60,FUN_71000f0e30,	glTexCoord4hvNV
7100178bc4	FUN_71000b2c60,FUN_71000f0e30,	glGenOcclusionQueriesNV
7100178bdc	FUN_71000b2c60,FUN_71000f0e30,	glPathTexGenNV
7100178beb	FUN_71000b2c60,FUN_71000f0e30,	glPresentFrameKeyedNV
7100178c01	FUN_71000b2c60,FUN_71000f0e30,	glGetFinalCombinerInputParameterivNV
7100178c26	FUN_71000b2c60,FUN_71000f0e30,	glGetNamedBufferParameterui64vNV
7100178c47	FUN_71000b2c60,FUN_71000f0e30,	glUniformui64vNV
7100178c58	FUN_71000b2c60,FUN_71000f0e30,	glBindBufferBaseNV
7100178c6b	FUN_71000b2c60,FUN_71000f0e30,	glColorFormatNV
7100178c7b	FUN_71000b2c60,FUN_71000f0e30,	glGetProgramivNV
7100178c8c	FUN_71000b2c60,FUN_71000f0e30,	glProgramParameters4dvNV
7100178ca5	FUN_71000b2c60,	glExtGetRenderbuffersQCOM
7100178cbf	FUN_71000b2c60,	glExtGetTexLevelParameterivQCOM
7100178cdf	FUN_71000b2c60,	glPointParameterxv
7100178cf2	FUN_71000b2c60,FUN_71000f0e30,	glSampleMaskSGIS
7100178d03	FUN_71000b2c60,FUN_71000f0e30,	glSamplePatternSGIS
7100178d17	FUN_71000b2c60,FUN_71000f0e30,	glSpriteParameterivSGIX
7100178d2f	FUN_71000b2c60,	glPixelTransformParameterfSGI
7100178d4d	FUN_71000d93c0,	bad DQT type
7100178d5a	FUN_71000d7f00,	bad SOF len
7100178d66	FUN_71000dad60,	bad DNL len
7100178d72	FUN_71000e2b20,	invalid filter
7100178d86	FUN_71000f0e30,	glListBase
7100178d91	FUN_71000f0e30,	glColor3fv
7100178d9c	FUN_71000f0e30,	glColor4iv
7100178da7	FUN_71000f0e30,	glIndexi
7100178db0	FUN_71000f0e30,	glProgramUniform2dEXT
7100178dc6	FUN_71000f0e30,	glProgramUniform3dEXT
7100178ddc	FUN_71000f0e30,	glCreateShaderProgramvEXT
7100178df6	FUN_71000f0e30,	glGetProgramLocalParameterIuivNV
7100178e17	FUN_71000f0e30,	glMultiTexCoord1bvOES
7100178e2d	FUN_71000f0e30,	glMultiTexCoord3bOES
7100178e42	FUN_71000f0e30,	glVertex4bvOES
7100178e51	FUN_71000f0e30,	glEvalCoord1xOES
7100178e62	FUN_71000f0e30,	glRasterPos3xvOES
7100178e74	FUN_71000f0e30,	glQueryMatrixxOES
7100178e86	71001b8798,	GL_OES_compressed_paletted_texture
7100178ea9	FUN_7100109380,	nvnQueueBuilderGetQueueMemorySize
7100178ecb	FUN_7100109380,	nvnQueueInitialize
7100178ede	FUN_7100109380,	nvnMemoryPoolBuilderGetDevice
7100178efc	FUN_7100109380,	nvnTexturePoolFinalize
7100178f13	FUN_7100109380,	nvnTextureViewGetTarget
7100178f2b	FUN_7100109380,	nvnTextureGetDepth
7100178f3e	FUN_7100109380,	nvnTextureCompare
7100178f50	FUN_7100109380,	nvnSamplerBuilderSetWrapMode
7100178f6d	FUN_7100109380,	nvnSamplerBuilderGetBorderColorui
7100178f8f	FUN_7100109380,	nvnCommandBufferEndRecording
7100178fac	FUN_7100109380,	nvnCommandBufferMultiDrawElementsIndirectCount
7100178fdb	GbSystem_LoadSlotPreviews,	Slot 3
7100178fe2	Renderer_DrawMainMenu,Renderer_DrawMenuBackground,Renderer_Init,GameDef_Load,	MenuSprite
7100178fed	Renderer_Init,Renderer_Init,Renderer_Init,Renderer_Init,	image
7100178ff3	Renderer_DrawPauseMenu,Renderer_Init,GameDef_Load,	SaveStateBox
7100179000	FUN_710009a210,GbSystem_LoadSlotPreviews,GbSystem_LoadSlotPreviews,GbSystem_LoadSlotPreviews,GbSystem_LoadSlotPreviews,GbSystem_LoadSlotPreviews,GbSystem_LoadSlotPreviews,GbSystem_LoadSlotPreviews,GbSystem_LoadSlotPreviews,GbSystem_LoadSlotPreviews,GbSystem_LoadSlotPreviews,GbSystem_LoadSlotPreviews,GbSystem_LoadSlotPreviews,GbSystem_LoadSlotPreviews,GbSystem_LoadSlotPreviews,GbSystem_LoadSlotPreviews,gb_save_state,gb_save_state,gb_save_state,gb_save_state,gb_save_state,gb_load_state,gb_load_state,FUN_710009a210,FUN_710009a210,FUN_710009a210,FUN_710009cff0,FUN_710009da70,Artwork_LoadTextures,Artwork_LoadTextures,Artwork_LoadTextures,Artwork_LoadTextures,GameDef_Load,GameDef_Load,FUN_71000a2860,FUN_71000a2860,FUN_71000a2860,FUN_71000a2860,FUN_71000b2c60,FUN_71000b2c60,FUN_71000b2c60,FUN_71000b2c60,FUN_71000b2c60,FUN_71000b2c60,FUN_71000b2c60,FUN_71000b2c60,FUN_71000b2c60,FUN_71000b2c60,FUN_71000b2c60,FUN_71000b2c60,FUN_71000b2c60,FUN_71000b2c60,FUN_71000b2c60,FUN_71000b2c60,FUN_71000b2c60,FUN_71000b2c60,FUN_71000b2c60,FUN_71000b2c60,FUN_71000b2c60,FUN_71000b2c60,FUN_71000b2c60,FUN_71000b2c60,FUN_71000b2c60,FUN_71000b2c60,FUN_71000b2c60,FUN_71000b2c60,FUN_71000b2c60,FUN_71000b2c60,FUN_71000b2c60,FUN_71000b2c60,FUN_71000b2c60,FUN_71000b2c60,FUN_71000b2c60,FUN_71000b2c60,FUN_71000b2c60,FUN_71000b2c60,FUN_71000b2c60,FUN_71000b2c60,FUN_71000b2c60,FUN_71000b2c60,FUN_71000b2c60,FUN_71000b2c60,FUN_71000b2c60,FUN_71000b2c60,FUN_71000b2c60,FUN_71000b2c60,FUN_71000b2c60,FUN_71000b2c60,FUN_71000b2c60,FUN_71000b2c60,FUN_71000b2c60,FUN_71000b2c60,FUN_71000b2c60,FUN_71000b2c60,FUN_71000b2c60,FUN_71000b2c60,FUN_71000b2c60,FUN_71000b2c60,FUN_71000b2c60,FUN_71000b2c60,FUN_71000b2c60,FUN_71000b2c60,FUN_71000b2c60,FUN_71000b2c60,FUN_71000b2c60,FUN_71000b2c60,FUN_71000b2c60,FUN_71000b2c60,FUN_71000b2c60,FUN_71000b2c60,FUN_71000b2c60,FUN_71000b2c60,FUN_71000b2c60,FUN_71000b2c60,FUN_71000b2c60,FUN_71000b2c60,FUN_71000cbf60,FUN_71000cbf60,TextRenderer_Init,FUN_71000d7230,FUN_71000da810,FUN_71000dad60,FUN_71000ebc90,FUN_71000f0e30,FUN_71000f0e30,FUN_71000f0e30,FUN_71000f0e30,FUN_71000f0e30,FUN_71000f0e30,FUN_71000f0e30,FUN_71000f0e30,FUN_71000f0e30,FUN_71000f0e30,FUN_71000f0e30,FUN_71000f0e30,FUN_71000f0e30,FUN_71000f0e30,FUN_71000f0e30,FUN_71000f0e30,FUN_71000f0e30,FUN_71000f0e30,FUN_71000f0e30,FUN_71000f0e30,FUN_71000f0e30,FUN_71000f0e30,FUN_71000f0e30,FUN_71000f0e30,FUN_71000f0e30,FUN_71000f0e30,FUN_71000f0e30,FUN_71000f0e30,FUN_71000f0e30,FUN_71000f0e30,FUN_71000f0e30,FUN_71000f0e30,FUN_71000f0e30,FUN_71000f0e30,FUN_71000f0e30,FUN_71000f0e30,FUN_71000f0e30,FUN_71000f0e30,FUN_71000f0e30,FUN_71000f0e30,FUN_71000f0e30,FUN_71000f0e30,FUN_71000f0e30,FUN_71000f0e30,FUN_71000f0e30,FUN_71000f0e30,FUN_71000f0e30,FUN_71000f0e30,FUN_71000f0e30,FUN_71000f0e30,FUN_71000f0e30,FUN_71000f0e30,FUN_71000f0e30,FUN_71000f0e30,FUN_71000f0e30,FUN_71000f0e30,FUN_71000f0e30,FUN_71000f0e30,FUN_71000f0e30,FUN_71000f0e30,FUN_71000f0e30,FUN_71000f0e30,FUN_71000f0e30,FUN_71000f0e30,FUN_71000f0e30,FUN_71000f0e30,FUN_71000f0e30,FUN_71000f0e30,FUN_71000f0e30,FUN_71000f0e30,FUN_71000f0e30,FUN_71000f0e30,FUN_71000f0e30,FUN_71000f0e30,FUN_71000f0e30,FUN_71000f0e30,FUN_71000f0e30,FUN_71000f0e30,FUN_71000f0e30,FUN_71000f0e30,FUN_71000f0e30,FUN_71000f0e30,FUN_71000f0e30,FUN_71000f0e30,FUN_71000f0e30,FUN_71000f0e30,FUN_71000f0e30,FUN_71000f0e30,FUN_71000f0e30,FUN_71000f0e30,FUN_71000f0e30,FUN_71000f0e30,FUN_71000f0e30,FUN_71000f0e30,FUN_7100109380,FUN_7100109380,FUN_7100109380,FUN_7100109380,FUN_7100109380,FUN_7100109380,FUN_7100109380,FUN_7100109380,FUN_7100109380,FUN_7100109380,FUN_7100109380,FUN_7100109380,FUN_7100109380,FUN_7100109380,	SAVE STATE
710017900b	FUN_710009a210,	FILTER : LCD
7100179018	FUN_710009a210,	GAME CONTROLS
7100179026	Artwork_LoadTextures,	rom:/assets/artwork/2_BonusArtwork_P03.png
7100179051	Artwork_LoadTextures,	rom:/assets/artwork/2_BonusArtwork_P08.png
7100179081	FUN_71000f0910,FUN_71000f0910,FUN_71000f0910,71001b2a98,71001b77b0,	GL_3DFX_multisample
7100179095	71001b2ae0,71001b77e8,	GL_AMD_draw_buffers_blend
71001790af	71001b2ba8,71001b78b0,	GL_AMD_texture_texture4
71001790c7	71001b2cf0,71001b7940,	GL_APPLE_vertex_array_object
71001790e4	71001b2dd8,71001b7a08,	GL_ARB_depth_clamp
71001790f7	71001b2e00,71001b7a30,	GL_ARB_draw_buffers_blend
7100179111	71001b3180,71001b7dc8,	GL_ARB_texture_non_power_of_two
7100179131	71001b3198,71001b7de0,	GL_ARB_texture_rectangle
710017914a	71001b3218,71001b7e60,	GL_ARB_vertex_array_object
7100179165	71001b3280,	GL_ARM_rgba8
7100179172	71001b33e8,71001b7f90,	GL_EXT_cmyka
710017917f	71001b3440,71001b7fc0,	GL_EXT_cull_vertex
7100179192	71001b34a0,71001b8008,	GL_EXT_external_buffer
71001791a9	71001b3678,71001b8140,	GL_EXT_semaphore_win32
71001791c0	71001b36d0,	GL_EXT_shader_pixel_local_storage
71001791e2	71001b3750,	GL_EXT_texture_compression_astc_decode_mode
710017920e	71001b37a0,	GL_EXT_texture_env
7100179221	71001b3890,	GL_EXT_vertex_array_setXXX
710017923c	71001b39c8,	GL_KTX_buffer_region
7100179251	71001b3a48,71001b8418,	GL_NV_bindless_multi_draw_indirect_count
710017927a	71001b3a88,71001b8458,	GL_NV_compute_program5
7100179291	71001b3b30,71001b84e0,	GL_NV_fill_rectangle
71001792a6	71001b3ca8,	GL_NV_read_depth
71001792b7	71001b3cb8,	GL_NV_read_stencil
71001792ca	71001b3d38,71001b8670,	GL_NV_shader_thread_shuffle
71001792e6	71001b3da8,71001b86a8,	GL_NV_texture_env_combine4
7100179301	71001b3db0,71001b86b0,	GL_NV_texture_expand_normal
710017931d	71001b3df8,71001b86f0,	GL_NV_transform_feedback2
7100179337	71001b3ee0,	GL_QCOM_extended_get
710017934c	71001b3f60,	GL_SGIS_clip_band_hint
7100179363	71001b4220,71001b8998,	GL_SGIX_texture_multi_buffer
7100179380	71001b4300,71001b8a08,	GL_WIN_specular_fog
7100179394	FUN_71000a2860,	eglDestroyContext
71001793a6	FUN_71000a2860,	eglSetStreamAttribKHR
71001793bc	FUN_71000a2860,	eglQueryStreamTimeKHR
71001793d2	FUN_71000a2860,	eglQueryStreamMetadataNV
71001793eb	FUN_71000b2c60,FUN_71000f0e30,	glLoadTransposeMatrixd
7100179402	FUN_71000b2c60,FUN_71000f0e30,	glFogCoordfv
710017940f	FUN_71000b2c60,FUN_71000f0e30,	glWindowPos2fv
710017941e	FUN_71000b2c60,FUN_71000f0e30,	glClearBufferuiv
710017942f	FUN_71000b2c60,FUN_71000f0e30,	glIsEnabledi
710017943c	FUN_71000b2c60,FUN_71000f0e30,	glUniform3uiv
710017944a	FUN_71000b2c60,FUN_71000f0e30,	glGetPerfMonitorCounterDataAMD
7100179469	FUN_71000b2c60,FUN_71000f0e30,	glTexStorageSparseAMD
710017947f	FUN_71000b2c60,FUN_71000f0e30,	glDrawRangeElementArrayAPPLE
710017949c	FUN_71000b2c60,FUN_71000f0e30,	glGetNamedBufferSubData
71001794b4	FUN_71000b2c60,FUN_71000f0e30,	glGetQueryBufferObjecti64v
71001794cf	FUN_71000b2c60,FUN_71000f0e30,	glTextureBuffer
71001794df	FUN_71000b2c60,FUN_71000f0e30,	glVertexArrayAttribFormat
71001794f9	FUN_71000b2c60,FUN_71000f0e30,	glUniformMatrix3x4dv
710017950e	FUN_71000b2c60,FUN_71000f0e30,	glCopyColorTable
710017951f	FUN_71000b2c60,FUN_71000f0e30,	glGetColorTableParameterfv
710017953a	FUN_71000b2c60,FUN_71000f0e30,	glHistogram
7100179546	FUN_71000b2c60,FUN_71000f0e30,	glMultiDrawArraysIndirect
7100179560	FUN_71000b2c60,FUN_71000f0e30,	glMultiTexCoord2svARB
7100179576	FUN_71000b2c60,FUN_71000f0e30,	glDeleteProgramPipelines
710017958f	FUN_71000b2c60,FUN_71000f0e30,	glGenProgramPipelines
71001795a5	FUN_71000b2c60,FUN_71000f0e30,	glGetUniformivARB
71001795b7	FUN_71000b2c60,FUN_71000f0e30,	glUniform1fARB
71001795c6	FUN_71000b2c60,FUN_71000f0e30,	glUniformMatrix4fvARB
71001795dc	FUN_71000b2c60,FUN_71000f0e30,	glBindTransformFeedback
71001795f4	FUN_71000b2c60,FUN_71000f0e30,	glGenTransformFeedbacks
710017960c	FUN_71000b2c60,FUN_71000f0e30,	glEndQueryIndexed
710017961e	FUN_71000b2c60,FUN_71000f0e30,	glGetQueryIndexediv
7100179632	FUN_71000b2c60,FUN_71000f0e30,	glVertexAttribL3dv
7100179645	FUN_71000f0e30,FUN_71000cbf60,	glGetProgramEnvParameterfvARB
7100179663	FUN_71000f0e30,FUN_71000cbf60,	glProgramEnvParameter4dARB
710017967e	FUN_71000b2c60,FUN_71000f0e30,	glVertexP2uiv
710017968c	FUN_71000b2c60,FUN_71000f0e30,	glViewportIndexedf
710017969f	FUN_71000b2c60,FUN_71000f0e30,	glColorFragmentOp1ATI
71001796b5	FUN_71000b2c60,FUN_71000f0e30,	glNormalStream3bvATI
71001796ca	FUN_71000b2c60,FUN_71000f0e30,	glNormalStream3iATI
71001796de	FUN_71000b2c60,FUN_71000f0e30,	glVertexStream2sATI
71001796f2	FUN_71000b2c60,FUN_71000f0e30,	glVertexStream4iATI
7100179706	FUN_71000b2c60,FUN_71000f0e30,	glCopyConvolutionFilter1DEXT
7100179723	FUN_71000b2c60,FUN_71000f0e30,	glGetConvolutionFilterEXT
710017973d	FUN_71000b2c60,FUN_71000f0e30,	glCompressedTextureSubImage1DEXT
710017975e	FUN_71000b2c60,FUN_71000f0e30,	glCopyTextureImage1DEXT
7100179776	FUN_71000b2c60,FUN_71000f0e30,	glDisableVertexArrayEXT
710017978e	FUN_71000b2c60,FUN_71000f0e30,	glGetNamedBufferSubDataEXT
71001797a9	FUN_71000b2c60,FUN_71000f0e30,	glMultiTexGendvEXT
71001797bc	FUN_71000b2c60,FUN_71000f0e30,	glMultiTexGenfEXT
71001797ce	FUN_71000b2c60,FUN_71000f0e30,	glMultiTexRenderbufferEXT
71001797e8	FUN_71000b2c60,FUN_71000f0e30,	glNamedBufferDataEXT
71001797fd	FUN_71000b2c60,FUN_71000f0e30,	glProgramUniform1uiEXT
7100179814	FUN_71000b2c60,FUN_71000f0e30,	glProgramUniformMatrix4x3fvEXT
7100179833	FUN_71000b2c60,	glBlendEquationiEXT
7100179847	FUN_71000b2c60,	glFragmentLightiEXT
710017985b	FUN_71000b2c60,	glEndSceneEXT
7100179869	FUN_71000b2c60,FUN_71000f0e30,	glTexSubImage2DEXT
710017987c	FUN_71000b2c60,FUN_71000f0e30,	glPrioritizeTexturesEXT
7100179894	FUN_71000b2c60,FUN_71000f0e30,	glVertexAttribL4dEXT
71001798a9	FUN_71000b2c60,FUN_71000f0e30,	glBindParameterEXT
71001798bc	FUN_71000b2c60,FUN_71000f0e30,	glShaderOp3EXT
71001798cb	FUN_71000b2c60,FUN_71000f0e30,	glStringMarkerGREMEDY
71001798e1	FUN_71000b2c60,FUN_71000f0e30,	glVertexPointerListIBM
71001798f8	FUN_71000b2c60,FUN_71000f0e30,	glWindowPos4dMESA
710017990a	FUN_71000b2c60,FUN_71000f0e30,	glGetCommandHeaderNV
710017991f	FUN_71000b2c60,FUN_71000f0e30,	glGetMapParameterivNV
7100179935	FUN_71000b2c60,FUN_71000f0e30,	glTexCoord1hvNV
7100179945	FUN_71000b2c60,FUN_71000f0e30,	glInterpolatePathsNV
710017995a	FUN_71000b2c60,FUN_71000f0e30,	glPathDashArrayNV
710017996c	FUN_71000b2c60,FUN_71000f0e30,	glPathParameteriNV
710017997f	FUN_71000b2c60,FUN_71000f0e30,	glTexImage3DMultisampleCoverageNV
71001799a1	FUN_71000b2c60,FUN_71000f0e30,	glEndTransformFeedbackNV
71001799ba	FUN_71000b2c60,FUN_71000f0e30,	glGetVertexAttribdvNV
71001799d0	FUN_71000b2c60,FUN_71000f0e30,	glVertexAttrib4fNV
71001799e3	FUN_71000b2c60,FUN_71000f0e30,	glBindVideoCaptureStreamBufferNV
7100179a04	FUN_71000b2c60,	glExtGetBufferPointervQCOM
7100179a1f	FUN_71000b2c60,	glExtGetShadersQCOM
7100179a33	FUN_71000b2c60,	glClipPlanef
7100179a40	FUN_71000b2c60,	glGetMaterialxv
7100179a50	FUN_71000b2c60,FUN_71000f0e30,	glTexSubImage4DSGIS
7100179a64	FUN_71000b2c60,FUN_71000f0e30,	glGetTexFilterFuncSGIS
7100179a7b	FUN_71000b2c60,	glGetMPEGParameterfvSGIX
7100179a94	FUN_71000b2c60,FUN_71000f0e30,	glSpriteParameteriSGIX
7100179aab	TextRenderer_Init,	Link failed:
%s

7100179abc	FUN_71000da810,	bad code lengths
7100179acd	FUN_71000dad60,	bad SOS component count
7100179aed	71001b6368,	XML_ERROR_MISMATCHED_ELEMENT
7100179b0a	FUN_71000f0e30,	glDisable
7100179b14	FUN_71000f0e30,	glDepthFunc
7100179b20	FUN_71000f0e30,	glPixelStoref
7100179b2e	FUN_71000f0e30,	glEndList
7100179b38	FUN_71000f0e30,	glColor3ubv
7100179b44	FUN_71000f0e30,	glTexCoord1d
7100179b51	FUN_71000f0e30,	glVertex4i
7100179b5c	FUN_71000f0e30,	glPushName
7100179b67	FUN_71000f0e30,	glPushAttrib
7100179b74	FUN_71000f0e30,	glCopyPixels
7100179b81	FUN_71000f0e30,	glGetPixelMapfv
7100179b91	FUN_71000f0e30,	glScalef
7100179b9a	FUN_71000f0e30,	glTangent3bEXT
7100179ba9	FUN_71000f0e30,	glTangent3svEXT
7100179bb9	FUN_71000f0e30,	glProgramUniform1dvEXT
7100179bd0	FUN_71000f0e30,	glFogxvOES
7100179bdb	FUN_71000f0e30,	glTexParameterxOES
7100179bee	FUN_71000f0e30,	glClearAccumxOES
7100179bff	FUN_71000f0e30,	glFeedbackBufferxOES
7100179c14	FUN_71000f0e30,	glMultiTexCoord3xOES
7100179c29	FUN_71000f0e30,	glPixelZoomxOES
7100179c39	FUN_71000f0e30,	glVertex3xvOES
7100179c48	FUN_7100109380,	nvnDeviceGetDepthMode
7100179c5e	FUN_7100109380,	nvnQueueAcquireTexture
7100179c75	FUN_7100109380,	nvnWindowBuilderGetPresentInterval
7100179c98	FUN_7100109380,	nvnWindowGetCrop
7100179ca9	FUN_7100109380,	nvnMemoryPoolGetSize
7100179cbe	FUN_7100109380,	nvnMemoryPoolGetFlags
7100179cd4	FUN_7100109380,	nvnTextureBuilderSetDepthStencilMode
7100179cf9	FUN_7100109380,	nvnTextureViewSetSwizzle
7100179d12	FUN_7100109380,	nvnTextureGetDepthStencilMode
7100179d30	FUN_7100109380,	nvnPolygonStateSetPolygonMode
7100179d4e	FUN_7100109380,	nvnCommandBufferDrawElementsBaseVertex
7100179d75	FUN_7100109380,	nvnCommandBufferSaveZCullData
7100179d93	FUN_7100109380,	nvnProgramSetSubroutineLinkage
7100179db2	FUN_7100109380,	nvnCommandBufferInsertDebugMarker
7100179dd6	FUN_710009da70,	AudioInputReadThread
7100179deb	FUN_710009cff0,	audio/
7100179df2	Artwork_LoadTextures,	artwork11
7100179dfc	Artwork_LoadTextures,	rom:/assets/artwork/artworkUI-Small.png
7100179e24	GameDef_Load,	packageName
7100179e30	71001b2ab0,71001b77c8,	GL_AMD_blend_minmax_factor
7100179e4b	71001b2bb8,71001b78c0,	GL_AMD_transform_feedback4
7100179e66	71001b2d38,71001b7968,	GL_ARB_base_instance
7100179e7b	71001b2e58,71001b7aa8,	GL_ARB_fragment_shader
7100179e92	71001b2e80,71001b7ad0,	GL_ARB_geometry_shader4
7100179eaa	71001b2ea8,71001b7af0,	GL_ARB_gpu_shader_fp64
7100179ec1	71001b2f60,71001b7bb0,	GL_ARB_point_sprite
7100179ed5	71001b2ff0,71001b7c38,	GL_ARB_shader_ballot
7100179eea	71001b3060,71001b7ca8,	GL_ARB_shader_viewport_layer_array
7100179f0d	71001b3140,71001b7d88,	GL_ARB_texture_env_dot3
7100179f25	71001b32e8,71001b7ef0,	GL_ATI_pn_triangles
7100179f39	71001b33b8,71001b7f78,	GL_EXT_blend_minmax
7100179f4d	71001b3528,71001b8060,	GL_EXT_index_array_formats
7100179f68	71001b35d0,71001b80c8,	GL_EXT_packed_pixels
7100179f7d	71001b3728,71001b81b0,	GL_EXT_subtexture
7100179f8f	71001b3740,71001b81c0,	GL_EXT_texture_array
7100179fa4	71001b3778,71001b81d8,	GL_EXT_texture_compression_rgtc
7100179fc4	71001b3980,71001b8380,	GL_KHR_context_flush_control
7100179fe1	71001b3990,71001b8390,	GL_KHR_no_error
7100179ff1	71001b3a40,71001b8410,	GL_NV_bindless_multi_draw_indirect
710017a014	71001b3b00,71001b84c0,	GL_NV_draw_vulkan_image
710017a02c	71001b3bd8,	GL_NV_gpu_program_fp64
710017a043	71001b3c00,71001b8580,	GL_NV_internalformat_sample_query
710017a065	71001b3cc0,71001b8600,	GL_NV_register_combiners
710017a07e	71001b3d00,71001b8638,	GL_NV_shader_atomic_float64
710017a09a	71001b3e30,71001b8728,	GL_NV_vertex_program
710017a0af	71001b3e60,71001b8758,	GL_NV_video_capture
710017a0c3	71001b4128,71001b8910,	GL_SGIX_interlace
710017a0d5	71001b4238,71001b89a0,	GL_SGIX_texture_scale_bias
710017a0f0	71001b4260,	GL_SGIX_vertex_preclip_hint
710017a10c	71001b4288,71001b8810,	GL_SGI_color_table
710017a11f	FUN_71000a2860,	eglQuerySurface
710017a12f	FUN_71000a2860,	eglCreateSync
710017a13d	FUN_71000a2860,	eglCreatePlatformWindowSurfaceEXT
710017a15f	FUN_71000a2860,	eglCreateImageKHR
710017a171	FUN_71000a2860,	eglDestroySyncKHR
710017a183	FUN_71000a2860,	eglStreamConsumerGLTextureExternalKHR
710017a1a9	FUN_71000a2860,	eglQueryNativeWindowNV
710017a1c0	FUN_71000a2860,	eglStreamConsumerGLTextureExternalAttribsNV
710017a1ec	FUN_71000f0910,FUN_71000b2c60,FUN_71000f0e30,	glGetIntegerv
710017a1fa	FUN_71000b2c60,FUN_71000f0e30,	glSecondaryColor3bv
710017a20e	FUN_71000b2c60,FUN_71000f0e30,	glGetBufferSubData
710017a221	FUN_71000b2c60,FUN_71000f0e30,	glVertexAttrib2s
710017a232	FUN_71000b2c60,FUN_71000f0e30,	glGetBooleani_v
710017a242	FUN_71000b2c60,FUN_71000f0e30,	glVertexAttribI4iv
710017a255	FUN_71000b2c60,FUN_71000f0e30,	glMultiDrawArraysIndirectCount
710017a274	FUN_71000b2c60,FUN_71000f0e30,	glBlendEquationIndexedAMD
710017a28e	FUN_71000b2c60,FUN_71000f0e30,	glVertexAttribParameteriAMD
710017a2aa	FUN_71000b2c60,FUN_71000f0e30,	glGetPerfMonitorGroupStringAMD
710017a2c9	FUN_71000b2c60,FUN_71000f0e30,	glElementPointerAPPLE
710017a2df	FUN_71000b2c60,FUN_71000f0e30,	glTestFenceAPPLE
710017a2f0	FUN_71000b2c60,FUN_71000f0e30,	glTestObjectAPPLE
710017a302	FUN_71000b2c60,FUN_71000f0e30,	glBufferParameteriAPPLE
710017a31a	FUN_71000b2c60,	glClientWaitSyncAPPLE
710017a330	FUN_71000b2c60,FUN_71000f0e30,	glClearDepthf
710017a33e	FUN_71000b2c60,FUN_71000f0e30,	glProgramUniformHandleui64vARB
710017a35d	FUN_71000b2c60,FUN_71000f0e30,	glInvalidateNamedFramebufferSubData
710017a381	FUN_71000b2c60,FUN_71000b2c60,FUN_71000f0e30,	glDrawElementsBaseVertex
710017a39a	FUN_71000b2c60,FUN_71000b2c60,FUN_71000f0e30,	glDrawRangeElementsBaseVertex
710017a3b8	FUN_71000b2c60,FUN_71000f0e30,	glMaxShaderCompilerThreadsARB
710017a3d6	FUN_71000b2c60,FUN_71000f0e30,	glGetnHistogramARB
710017a3e9	FUN_71000b2c60,FUN_71000f0e30,	glGetSamplerParameterfv
710017a401	FUN_71000b2c60,FUN_71000f0e30,	glGetSamplerParameteriv
710017a419	FUN_71000b2c60,FUN_71000f0e30,	glSamplerParameterIiv
710017a42f	FUN_71000b2c60,FUN_71000f0e30,	glProgramUniform3fv
710017a443	FUN_71000b2c60,FUN_71000f0e30,	glGetSubroutineIndex
710017a458	FUN_71000b2c60,FUN_71000b2c60,FUN_71000f0e30,	glFenceSync
710017a464	FUN_71000cbde0,FUN_71000f0e30,	glBindBufferRange
710017a476	FUN_71000b2c60,FUN_71000b2c60,FUN_71000f0e30,	glIsVertexArray
710017a486	FUN_71000b2c60,FUN_71000f0e30,	glWeightdvARB
710017a494	FUN_71000f0e30,FUN_71000cbf60,	glProgramEnvParameter4fARB
710017a4af	FUN_71000f0e30,FUN_71000cbf60,	glVertexAttrib2sARB
710017a4c3	FUN_71000f0e30,FUN_71000cbf60,	glVertexAttrib4fARB
710017a4d7	FUN_71000b2c60,FUN_71000f0e30,	glGetAttribLocationARB
710017a4ee	FUN_71000b2c60,FUN_71000f0e30,	glColorP3ui
710017a4fa	FUN_71000b2c60,FUN_71000f0e30,	glMultiTexCoordP2ui
710017a50e	FUN_71000b2c60,FUN_71000f0e30,	glWindowPos2fvARB
710017a520	FUN_71000b2c60,FUN_71000f0e30,	glAlphaFragmentOp1ATI
710017a536	FUN_71000b2c60,FUN_71000f0e30,	glVertexStream3dvATI
710017a54b	FUN_71000b2c60,FUN_71000f0e30,	glCopyColorSubTableEXT
710017a562	FUN_71000b2c60,FUN_71000f0e30,	glConvolutionFilter1DEXT
710017a57b	FUN_71000b2c60,	glCopyImageSubDataEXT
710017a591	FUN_71000b2c60,FUN_71000f0e30,	glFramebufferReadBufferEXT
710017a5ac	FUN_71000b2c60,FUN_71000f0e30,	glGetDoubleIndexedvEXT
710017a5c3	FUN_71000b2c60,FUN_71000f0e30,	glGetMultiTexParameterIivEXT
710017a5e0	FUN_71000b2c60,FUN_71000f0e30,	glGetMultiTexParameterivEXT
710017a5fc	FUN_71000b2c60,FUN_71000f0e30,	glGetTextureParameterIuivEXT
710017a619	FUN_71000b2c60,FUN_71000f0e30,	glMatrixFrustumEXT
710017a62c	FUN_71000b2c60,FUN_71000f0e30,	glMatrixMultTransposedEXT
710017a646	FUN_71000b2c60,FUN_71000f0e30,	glNamedProgramLocalParameterI4uiEXT
710017a66a	FUN_71000b2c60,FUN_71000f0e30,	glNamedRenderbufferStorageMultisampleCoverageEXT
710017a69b	FUN_71000b2c60,FUN_71000f0e30,	glProgramUniform3uivEXT
710017a6b3	FUN_71000b2c60,FUN_71000f0e30,	glTextureSubImage1DEXT
710017a6ca	FUN_71000b2c60,FUN_71000f0e30,	glVertexArrayNormalOffsetEXT
710017a6e7	FUN_71000b2c60,FUN_71000f0e30,	glIsRenderbufferEXT
710017a6fb	FUN_71000b2c60,FUN_71000f0e30,	glVertexAttribI1uiEXT
710017a711	FUN_71000b2c60,FUN_71000f0e30,	glGetUnsignedBytevEXT
710017a727	FUN_71000b2c60,FUN_71000f0e30,	glTexStorageMem2DMultisampleEXT
710017a747	FUN_71000b2c60,FUN_71000f0e30,	glGetPixelTransformParameterfvEXT
710017a769	FUN_71000b2c60,FUN_71000f0e30,	glPolygonOffsetClampEXT
710017a781	FUN_71000b2c60,FUN_71000f0e30,	glGetSemaphoreParameterui64vEXT
710017a7a1	FUN_71000b2c60,FUN_71000f0e30,	glInsertComponentEXT
710017a7b6	FUN_71000b2c60,FUN_71000f0e30,	glAcquireKeyedMutexWin32EXT
710017a7d2	FUN_71000b2c60,FUN_71000f0e30,	glBeginPerfQueryINTEL
710017a7e8	FUN_71000b2c60,FUN_71000f0e30,	glGetFirstPerfQueryIdINTEL
710017a803	FUN_71000b2c60,FUN_71000f0e30,	glMaxShaderCompilerThreadsKHR
710017a821	FUN_71000b2c60,FUN_71000f0e30,	glWindowPos2ivMESA
710017a834	FUN_71000b2c60,FUN_71000f0e30,	glIsImageHandleResidentNV
710017a84e	FUN_71000b2c60,FUN_71000f0e30,	glMakeTextureHandleResidentNV
710017a86c	FUN_71000b2c60,FUN_71000f0e30,	glBlendParameteriNV
710017a880	FUN_71000b2c60,FUN_71000f0e30,	glWaitVkSemaphoreNV
710017a894	FUN_71000b2c60,FUN_71000f0e30,	glProgramVertexLimitNV
710017a8ab	FUN_71000b2c60,FUN_71000f0e30,	glMulticastCopyImageSubDataNV
710017a8c9	FUN_71000b2c60,FUN_71000f0e30,	glProgramEnvParametersI4uivNV
710017a8e7	FUN_71000b2c60,FUN_71000f0e30,	glGetOcclusionQueryivNV
710017a8ff	FUN_71000b2c60,FUN_71000f0e30,	glMatrixLoadTranspose3x3fNV
710017a91b	FUN_71000b2c60,FUN_71000f0e30,	glStencilFillPathNV
710017a92f	FUN_71000b2c60,FUN_71000f0e30,	glStencilStrokePathNV
710017a945	FUN_71000b2c60,FUN_71000f0e30,	glFinalCombinerInputNV
710017a95c	FUN_71000b2c60,FUN_71000f0e30,	glBindBufferOffsetNV
710017a971	FUN_71000b2c60,FUN_71000f0e30,	glBindTransformFeedbackNV
710017a98b	FUN_71000b2c60,FUN_71000f0e30,	glTexCoordFormatNV
710017a99e	FUN_71000b2c60,FUN_71000f0e30,	glPollAsyncSGIX
710017a9ae	FUN_71000b2c60,FUN_71000f0e30,	glFragmentLightiSGIX
710017a9c3	FUN_71000b2c60,	glIsMPEGPredictorSGIX
710017a9d9	FUN_71000b2c60,FUN_71000f0e30,	glTexCoord2fColor3fVertex3fvSUN
710017a9f9	FUN_71000b2c60,FUN_71000f0e30,	glTexCoord4fVertex4fvSUN
710017aa12	FUN_71000dffe0,	bad filter method
710017aa24	FUN_71000d7230,	FORMAT=32-bit_rle_rgbe
710017aa3b	71001b6310,	XML_ERROR_FILE_NOT_FOUND
710017aa54	FUN_71000f0e30,	glFinish
710017aa5d	FUN_71000f0e30,	glDeleteLists
710017aa6b	FUN_71000f0e30,	glBegin
710017aa73	FUN_71000f0e30,	glColor3f
710017aa7d	FUN_71000f0e30,	glColor4d
710017aa87	FUN_71000f0e30,	glIndexiv
710017aa91	FUN_71000f0e30,	glNormal3iv
710017aa9d	FUN_71000f0e30,	glRectsv
710017aaa6	FUN_71000f0e30,	glTexCoord1fv
710017aab4	FUN_71000f0e30,	glVertex2iv
710017aac0	FUN_71000f0e30,	glLightf
710017aac9	FUN_71000f0e30,	glPopName
710017aad3	FUN_71000f0e30,	glPixelMapuiv
710017aae1	FUN_71000f0e30,	glGetPointerv
710017aaef	FUN_71000f0e30,	glCopyTexImage1D
710017ab00	FUN_71000f0e30,	glIndexub
710017ab0a	FUN_71000f0e30,	glGetnPixelMapuiv
710017ab1c	FUN_71000f0e30,	glGetnColorTable
710017ab2d	FUN_71000f0e30,	glGetnMinmax
710017ab3a	FUN_71000f0e30,	glBinormal3fEXT
710017ab4a	FUN_71000f0e30,	glGenProgramPipelinesEXT
710017ab63	FUN_71000f0e30,	glGetObjectPtrLabelKHR
710017ab7a	FUN_71000f0e30,	glGetProgramSubroutineParameteruivNV
710017ab9f	FUN_71000f0e30,	glMultiTexCoord2bvOES
710017abb5	FUN_71000f0e30,	glMultiTexCoord4bvOES
710017abcb	FUN_71000f0e30,	glLineWidthxOES
710017abdb	FUN_71000f0e30,	glMultiTexCoord4xOES
710017abf0	FUN_71000f0e30,	glPointParameterxvOES
710017ac06	FUN_71000f0e30,	glRasterPos3xOES
710017ac17	FUN_71000f0e30,	glRasterPos4xvOES
710017ac29	FUN_71000f0e30,	glListParameterivSGIX
710017ac3f	FUN_71000f0e30,	glDrawMeshArraysSUN
710017ac53	FUN_71001060f0,FUN_7100109380,	nvnDeviceGetProcAddress
710017ac6b	FUN_7100109380,	nvnDeviceWalkDebugDatabase
710017ac86	FUN_7100109380,	nvnSamplerPoolRegisterSampler
710017aca4	FUN_7100109380,	nvnBufferGetAddress
710017acb8	FUN_7100109380,	nvnMultisampleStateSetCoverageToColorOutput
710017ace4	FUN_7100109380,	nvnMultisampleStateGetSampleLocationsGridEnable
710017ad14	FUN_7100109380,	nvnCommandBufferBindTransformFeedbackBuffer
710017ad40	FUN_7100109380,	nvnCommandBufferGetMemoryCallbackData
710017ad66	FUN_7100109380,	nvnSyncFinalize
710017ad76	cart_load,GbaSystem_LoadRom,FUN_710007ebe0,	save:/%s.stt
710017ad83	GbSystem_LoadSlotPreviews,	Empty Slot 2
710017ad90	cart_load,	PM_CRYSTAL
710017ad9b	FUN_710009a210,	LOAD STATE
710017ada6	App_UpdateInput,App_UpdateInput,Renderer_DrawPauseMenu,	PreviewImage2
710017adb4	FUN_710009cff0,	frame-rate
710017adbf	Artwork_LoadTextures,	rom:/assets/artwork/2_BonusArtwork_P02.png
710017adea	Artwork_LoadTextures,	artwork15
710017adf4	GameDef_Load,GameDef_Load,GameDef_Load,GameDef_Load,GameDef_Load,GameDef_Load,GameDef_Load,GameDef_Load,	inGameMenu
710017adff	GameDef_Load,	creditsMenu
710017ae0b	GameDef_Load,	splashData
710017ae16	FUN_71000a2860,	EGL_ANGLE_surface_d3d_texture_2d_share_handle
710017ae44	71001b2bf8,	GL_ANGLE_instanced_arrays
710017ae5e	71001b2c70,71001b78f8,	GL_APPLE_fence
710017ae6d	71001b2e38,71001b7a88,	GL_ARB_fragment_coord_conventions
710017ae8f	71001b2e50,71001b7aa0,	GL_ARB_fragment_program_shadow
710017aeae	71001b2fc8,71001b7c10,	GL_ARB_seamless_cube_map
710017aec7	71001b31a0,71001b7de8,	GL_ARB_texture_rg
710017aed9	71001b32f8,	GL_ATI_shader_texture_lod
710017aef3	71001b3468,	GL_EXT_discard_framebuffer
710017af0e	71001b3628,71001b8118,	GL_EXT_raster_multisample
710017af28	71001b3888,71001b8288,	GL_EXT_vertex_array_bgra
710017af41	71001b3a50,71001b8420,	GL_NV_bindless_texture
710017af58	71001b3bb8,71001b8550,	GL_NV_gpu_multicast
710017af6c	71001b3c28,71001b85a0,	GL_NV_occlusion_query
710017af82	71001b3c30,	GL_NV_pack_subimage
710017af96	71001b3c48,	GL_NV_packed_float_linear
710017afb0	71001b3ea8,71001b87e0,	GL_OVR_multiview2
710017afc2	71001b3ed0,	GL_QCOM_binning_control
710017afda	71001b3ed8,	GL_QCOM_driver_control
710017aff1	71001b41f8,71001b8978,	GL_SGIX_tag_sample_buffer
710017b00b	71001b4248,	GL_SGIX_vector_ops
710017b01e	FUN_71000a2860,	eglGetCurrentContext
710017b033	FUN_71000a2860,	eglQueryOutputPortAttribEXT
710017b04f	FUN_71000a2860,	eglQuerySurface64KHR
710017b064	FUN_71000b2c60,FUN_71000f0e30,	glWindowPos3i
710017b072	FUN_71000b2c60,FUN_71000f0e30,	glVertexAttrib1f
710017b083	FUN_71000b2c60,FUN_71000f0e30,	glVertexAttrib1fv
710017b095	FUN_71000b2c60,FUN_71000f0e30,	glGetVertexAttribIiv
710017b0aa	FUN_71000b2c60,FUN_71000f0e30,	glTexParameterIiv
710017b0bc	FUN_71000b2c60,FUN_71000f0e30,	glUniform1uiv
710017b0ca	FUN_71000b2c60,FUN_71000f0e30,	glBlendFunci
710017b0d7	FUN_71000b2c60,FUN_71000f0e30,	glGetnTexImage
710017b0e6	FUN_71000b2c60,FUN_71000f0e30,	glMultiDrawElementsIndirectCount
710017b107	FUN_71000b2c60,FUN_71000f0e30,	glIsNameAMD
710017b113	FUN_71000b2c60,FUN_71000f0e30,	glSelectPerfMonitorCountersAMD
710017b132	FUN_71000b2c60,FUN_71000f0e30,	glPrimitiveBoundingBoxARB
710017b14c	FUN_71000b2c60,FUN_71000f0e30,	glGetTextureHandleARB
710017b162	FUN_71000b2c60,FUN_71000f0e30,	glMakeImageHandleNonResidentARB
710017b182	FUN_71000b2c60,FUN_71000f0e30,	glClearNamedBufferSubData
710017b19c	FUN_71000b2c60,FUN_71000f0e30,	glCreateFramebuffers
710017b1b1	FUN_71000b2c60,FUN_71000f0e30,	glCreateQueries
710017b1c1	FUN_71000b2c60,FUN_71000f0e30,	glTextureBufferRange
710017b1d6	FUN_71000b2c60,FUN_71000f0e30,	glProgramUniform2ui64vARB
710017b1f0	FUN_71000b2c60,FUN_71000f0e30,	glProgramUniform3i64vARB
710017b209	FUN_71000b2c60,FUN_71000f0e30,	glUniform4ui64vARB
710017b21c	FUN_71000b2c60,FUN_71000f0e30,	glGetColorTableParameteriv
710017b237	FUN_71000b2c60,FUN_71000f0e30,	glBindBuffersBase
710017b249	FUN_71000b2c60,FUN_71000f0e30,	glActiveTextureARB
710017b25c	FUN_71000b2c60,FUN_71000f0e30,	glMultiTexCoord2dARB
710017b271	FUN_71000b2c60,FUN_71000f0e30,	glMultiTexCoord3iARB
710017b286	FUN_71000b2c60,FUN_71000f0e30,	glIsQueryARB
710017b293	FUN_71000b2c60,FUN_71000f0e30,	glGetnColorTableARB
710017b2a7	FUN_71000b2c60,FUN_71000f0e30,	glSamplerParameterf
710017b2bb	FUN_71000b2c60,FUN_71000f0e30,	glProgramUniform4i
710017b2ce	FUN_71000b2c60,FUN_71000f0e30,	glGetActiveUniformARB
710017b2e4	FUN_71000b2c60,FUN_71000f0e30,	glUniform1fvARB
710017b2f4	FUN_71000b2c60,FUN_71000f0e30,	glIsNamedStringARB
710017b307	FUN_71000b2c60,FUN_71000f0e30,	glBeginQueryIndexed
710017b31b	FUN_71000b2c60,FUN_71000f0e30,	glDrawTransformFeedbackStreamInstanced
710017b342	FUN_71000cbde0,FUN_71000f0e30,	glBindBufferBase
710017b353	FUN_71000cbde0,FUN_71000f0e30,	glGetActiveUniformName
710017b36a	FUN_71000b2c60,FUN_71000f0e30,	glDeleteBuffersARB
710017b37d	FUN_71000b2c60,FUN_71000f0e30,	glGetBufferPointervARB
710017b394	FUN_71000b2c60,FUN_71000f0e30,	glGetBufferSubDataARB
710017b3aa	FUN_71000f0e30,FUN_71000cbf60,	glGetVertexAttribivARB
710017b3c1	FUN_71000f0e30,FUN_71000cbf60,	glProgramLocalParameter4fARB
710017b3de	FUN_71000f0e30,FUN_71000cbf60,	glVertexAttrib4dARB
710017b3f2	FUN_71000b2c60,FUN_71000f0e30,	glVertexAttribP2ui
710017b405	FUN_71000b2c60,FUN_71000f0e30,	glWindowPos3ivARB
710017b417	FUN_71000b2c60,FUN_71000f0e30,	glGetUniformBufferSizeEXT
710017b431	FUN_71000b2c60,FUN_71000f0e30,	glBlendColorEXT
710017b441	FUN_71000b2c60,FUN_71000f0e30,	glCopyTexSubImage2DEXT
710017b458	FUN_71000b2c60,FUN_71000f0e30,	glCopyMultiTexSubImage1DEXT
710017b474	FUN_71000b2c60,FUN_71000f0e30,	glGetNamedBufferPointervEXT
710017b490	FUN_71000b2c60,FUN_71000f0e30,	glGetNamedProgramivEXT
710017b4a7	FUN_71000b2c60,FUN_71000f0e30,	glGetTextureLevelParameterfvEXT
710017b4c7	FUN_71000b2c60,FUN_71000f0e30,	glNamedProgramLocalParameter4fEXT
710017b4e9	FUN_71000b2c60,FUN_71000f0e30,	glNamedRenderbufferStorageEXT
710017b507	FUN_71000b2c60,FUN_71000f0e30,	glProgramUniformMatrix4fvEXT
710017b524	FUN_71000b2c60,FUN_71000f0e30,	glIsEnabledIndexedEXT
710017b53a	FUN_71000b2c60,	glBlendEquationSeparateiEXT
710017b556	FUN_71000b2c60,FUN_71000f0e30,	glFogCoordPointerEXT
710017b56b	FUN_71000b2c60,FUN_71000f0e30,	glBlitFramebufferEXT
710017b580	FUN_71000b2c60,FUN_71000f0e30,	glBindRenderbufferEXT
710017b596	FUN_71000b2c60,FUN_71000f0e30,	glMinmaxEXT
710017b5a2	FUN_71000b2c60,	glReadBufferIndexedEXT
710017b5b9	FUN_71000b2c60,FUN_71000f0e30,	glBindBufferOffsetEXT
710017b5cf	FUN_71000b2c60,FUN_71000f0e30,	glEdgeFlagPointerEXT
710017b5e4	FUN_71000b2c60,FUN_71000f0e30,	glNormalPointerEXT
710017b5f7	FUN_71000b2c60,FUN_71000f0e30,	glExtractComponentEXT
710017b60d	FUN_71000b2c60,FUN_71000f0e30,	glGenVertexShadersEXT
710017b623	FUN_71000b2c60,FUN_71000f0e30,	glGetVariantBooleanvEXT
710017b63b	FUN_71000b2c60,FUN_71000f0e30,	glIndexPointerListIBM
710017b651	FUN_71000b2c60,FUN_71000f0e30,	glGetPerfQueryDataINTEL
710017b669	FUN_71000b2c60,FUN_71000f0e30,	glGetDebugMessageLog
710017b67e	FUN_71000b2c60,FUN_71000f0e30,	glBlendBarrierNV
710017b68f	FUN_71000b2c60,FUN_71000f0e30,	glDrawCommandsStatesNV
710017b6a6	FUN_71000b2c60,FUN_71000f0e30,	glGetStageIndexNV
710017b6b8	FUN_71000b2c60,	glDrawBuffersNV
710017b6c8	FUN_71000b2c60,FUN_71000f0e30,	glTexRenderbufferNV
710017b6dc	FUN_71000b2c60,FUN_71000f0e30,	glIsFenceNV
710017b6e8	FUN_71000b2c60,FUN_71000f0e30,	glColor4hvNV
710017b6f5	FUN_71000b2c60,FUN_71000f0e30,	glGetVideoi64vNV
710017b706	FUN_71000b2c60,FUN_71000f0e30,	glUniformui64NV
710017b716	FUN_71000b2c60,FUN_71000f0e30,	glDrawTransformFeedbackNV
710017b730	FUN_71000b2c60,FUN_71000f0e30,	glFlushVertexArrayRangeNV
710017b74a	FUN_71000b2c60,FUN_71000f0e30,	glVertexAttribL3ui64NV
710017b761	FUN_71000b2c60,FUN_71000f0e30,	glGetTrackMatrixivNV
710017b776	FUN_71000b2c60,FUN_71000f0e30,	glVertexAttrib1fNV
710017b789	FUN_71000b2c60,FUN_71000f0e30,	glVertexAttribs3dvNV
710017b79e	FUN_71000b2c60,	glIsEnablediNV
710017b7ad	FUN_71000b2c60,	glPointSizex
710017b7ba	FUN_71000b2c60,	glClipPlanex
710017b7c7	FUN_71000b2c60,FUN_71000f0e30,	glDeformSGIX
710017b7d4	FUN_71000b2c60,FUN_71000f0e30,	glLoadIdentityDeformationMapSGIX
710017b7f5	FUN_71000b2c60,	glMeshStrideSGIX
710017b806	FUN_71000b2c60,FUN_71000f0e30,	glTexCoord2fColor4ubVertex3fSUN
710017b826	FUN_71000d0680,	unknown image type
710017b839	FUN_71000d93c0,	bad APP len
710017b845	FUN_71000d93c0,	unknown marker
710017b854	FUN_71000d0680,	bad masks
710017b85e	FUN_71000d0680,	wrong version
710017b86c	FUN_71000ef9b0,	filename=%s
710017b878	71001b6348,	XML_ERROR_PARSING_COMMENT
710017b892	71001b6388,	XML_ELEMENT_DEPTH_EXCEEDED
710017b8ad	FUN_71000f0e30,	glColor4us
710017b8b8	FUN_71000f0e30,	glRasterPos3fv
710017b8c7	FUN_71000f0e30,	glTexCoord1f
710017b8d4	FUN_71000f0e30,	glTexCoord2f
710017b8e1	FUN_71000f0e30,	glVertex2f
710017b8ec	FUN_71000f0e30,	glOrtho
710017b8f4	FUN_71000f0e30,	glDrawArrays
710017b901	FUN_71000f0e30,	glDeleteTextures
710017b912	FUN_71000f0e30,	glArrayElement
710017b921	FUN_71000f0e30,	glEGLImageTargetTexStorageEXT
710017b93f	FUN_71000f0e30,	glTangent3iEXT
710017b94e	FUN_71000f0e30,	glClearColorxOES
710017b95f	FUN_71000f0e30,	glMapGrid1xOES
710017b96e	FUN_71000f0e30,	glClipPlanefOES
710017b97e	FUN_71000f0e30,	glGetListParameterivSGIX
710017b997	FUN_71000f0e30,	glDeformationMap3fSGIX
710017b9ae	FUN_7100109380,	nvnQueueGetError
710017b9bf	FUN_7100109380,	nvnWindowBuilderSetDefaults
710017b9db	FUN_7100109380,	nvnProgramSetDebugLabel
710017b9f3	FUN_7100109380,	nvnMemoryPoolBuilderSetStorage
710017ba12	FUN_7100109380,	nvnBufferBuilderSetDevice
710017ba2c	FUN_7100109380,	nvnBufferGetMemoryOffset
710017ba45	FUN_7100109380,	nvnTextureBuilderSetFormat
710017ba60	FUN_7100109380,	nvnTextureBuilderGetRawStorageClass
710017ba84	FUN_7100109380,	nvnTextureViewSetTarget
710017ba9c	FUN_7100109380,	nvnTextureViewGetFormat
710017bab4	FUN_7100109380,	nvnSamplerBuilderGetLodSnap
710017bad0	FUN_7100109380,	nvnBlendStateSetAdvancedOverlap
710017baf0	FUN_7100109380,	nvnDepthStencilStateGetDepthFunc
710017bb11	FUN_7100109380,	nvnVertexStreamStateGetDivisor
710017bb30	FUN_7100109380,	nvnCommandBufferSetMemoryCallbackData
710017bb56	FUN_7100109380,	nvnCommandBufferSetCommandMemoryCallbackEnabled
710017bb86	FUN_7100109380,	nvnCommandBufferSetConservativeRasterEnable
710017bbb2	FUN_7100109380,	nvnCommandBufferCopyBufferToTexture
710017bbd6	FUN_7100109380,	nvnCommandBufferCopyTextureToTexture
710017bbfb	FUN_7100109380,	nvnCommandBufferGetCopyRowStride
710017bc1c	FUN_7100109380,	nvnCommandBufferSignalEvent
710017bc38		not implemented
710017bc48	FUN_710009cff0,	video/x-vnd.on2.vp9
710017bc5c	Artwork_LoadTextures,Artwork_Draw,	artworkUI
710017bc66	GameDef_Load,	previewImage
710017bc73	71001b2a80,	GL_VERSION_4_4
710017bc82	71001b2ba0,71001b78a8,	GL_AMD_texture_gather_bias_lod
710017bca1	71001b2c50,	GL_APPLE_clip_distance
710017bcb8	71001b2ca8,71001b7920,	GL_APPLE_row_bytes
710017bccb	71001b2df0,71001b7a20,	GL_ARB_direct_state_access
710017bce6	71001b2e68,71001b7ab8,	GL_ARB_framebuffer_no_attachments
710017bd08	71001b2ed8,71001b7b28,	GL_ARB_instanced_arrays
710017bd20	71001b3158,71001b7da0,	GL_ARB_texture_float
710017bd35	71001b3458,71001b7fd8,	GL_EXT_depth_bounds_test
710017bd4e	71001b34f0,	GL_EXT_geometry_point_size
710017bd69	71001b3668,71001b8130,	GL_EXT_semaphore
710017bd7a	71001b3978,71001b8378,	GL_KHR_blend_equation_advanced_coherent
710017bda2	71001b3d20,	GL_NV_shader_noperspective_interpolation
710017bdcb	71001b3d80,	GL_NV_texture_border_clamp
710017bde6	71001b40b8,	GL_SGIX_fog_layers
710017bdf9	71001b4180,	GL_SGIX_pixel_texture_bits
710017be14	71001b4290,	GL_SGI_complex
710017be23	FUN_71000a2860,	eglBindTexImage
710017be33	FUN_71000a2860,	eglClientWaitSync
710017be45	FUN_71000a2860,	eglCreateNativeClientBufferANDROID
710017be68	FUN_71000a2860,	eglClientWaitSyncKHR
710017be7d	FUN_71000a2860,	eglStreamConsumerAcquireAttribKHR
710017be9f	FUN_71000a2860,	eglSwapBuffersRegionNOK
710017beb7	FUN_71000b2c60,FUN_71000f0e30,	glTexSubImage3D
710017bec7	FUN_71000b2c60,FUN_71000f0e30,	glPointParameteri
710017bed9	FUN_71000b2c60,FUN_71000f0e30,	glSecondaryColor3ubv
710017beee	FUN_71000b2c60,FUN_71000f0e30,	glDeleteBuffers
710017befe	FUN_71000b2c60,FUN_71000f0e30,	glGetProgramInfoLog
710017bf12	FUN_71000b2c60,FUN_71000f0e30,	glGetVertexAttribiv
710017bf26	FUN_71000b2c60,FUN_71000f0e30,	glVertexAttrib2dv
710017bf38	FUN_71000b2c60,FUN_71000f0e30,	glDisablei
710017bf43	FUN_71000b2c60,FUN_71000f0e30,	glUniform3ui
710017bf50	FUN_71000b2c60,FUN_71000f0e30,	glVertexAttribI2uiv
710017bf64	FUN_71000b2c60,FUN_71000f0e30,	glGetPerfMonitorGroupsAMD
710017bf7e	FUN_71000b2c60,FUN_71000f0e30,	glReleaseShaderCompiler
710017bf96	FUN_71000b2c60,FUN_71000f0e30,	glBindFragDataLocationIndexed
710017bfb4	FUN_71000b2c60,FUN_71000f0e30,	glNamedBufferSubData
710017bfc9	FUN_71000b2c60,FUN_71000f0e30,	glTextureStorage2D
710017bfdc	FUN_71000b2c60,FUN_71000f0e30,	glProgramParameteriARB
710017bff3	FUN_71000b2c60,FUN_71000f0e30,	glGetProgramBinary
710017c006	FUN_71000b2c60,FUN_71000f0e30,	glUniform2d
710017c012	FUN_71000b2c60,FUN_71000f0e30,	glMinmax
710017c01b	FUN_71000b2c60,FUN_71000f0e30,	glMultiTexCoord4fvARB
710017c031	FUN_71000b2c60,FUN_71000f0e30,	glMultiTexCoord4svARB
710017c047	FUN_71000b2c60,FUN_71000f0e30,	glGetProgramResourceLocationIndex
710017c069	FUN_71000b2c60,FUN_71000f0e30,	glActiveShaderProgram
710017c07f	FUN_71000b2c60,FUN_71000f0e30,	glProgramUniform3uiv
710017c094	FUN_71000b2c60,FUN_71000f0e30,	glProgramUniform4iv
710017c0a8	FUN_71000b2c60,FUN_71000f0e30,	glProgramUniformMatrix4x3dv
710017c0c4	FUN_71000b2c60,FUN_71000f0e30,	glAttachObjectARB
710017c0d6	FUN_71000b2c60,FUN_71000f0e30,	glGetNamedStringARB
710017c0ea	FUN_71000b2c60,FUN_71000f0e30,	glDrawTransformFeedbackStream
710017c108	FUN_71000b2c60,FUN_71000f0e30,	glVertexAttribL2d
710017c11a	FUN_71000f0e30,FUN_71000cbf60,	glVertexAttrib1fvARB
710017c12f	FUN_71000f0e30,FUN_71000cbf60,	glVertexAttrib4NusvARB
710017c146	FUN_71000b2c60,FUN_71000f0e30,	glVertexAttribP4uiv
710017c15a	FUN_71000b2c60,FUN_71000f0e30,	glWindowPos2iARB
710017c16b	FUN_71000b2c60,FUN_71000f0e30,	glDeleteFragmentShaderATI
710017c185	FUN_71000b2c60,FUN_71000f0e30,	glGetVariantArrayObjectivATI
710017c1a2	FUN_71000b2c60,FUN_71000f0e30,	glNormalStream3bATI
710017c1b6	FUN_71000b2c60,FUN_71000f0e30,	glVertexStream2dATI
710017c1ca	FUN_71000b2c60,FUN_71000f0e30,	glCullParameterdvEXT
710017c1df	FUN_71000b2c60,FUN_71000f0e30,	glLabelObjectEXT
710017c1f0	FUN_71000b2c60,FUN_71000f0e30,	glCompressedTextureSubImage2DEXT
710017c211	FUN_71000b2c60,FUN_71000f0e30,	glGenerateTextureMipmapEXT
710017c22c	FUN_71000b2c60,FUN_71000f0e30,	glGetTextureLevelParameterivEXT
710017c24c	FUN_71000b2c60,FUN_71000f0e30,	glMultiTexGeniEXT
710017c25e	FUN_71000b2c60,FUN_71000f0e30,	glUnmapNamedBufferEXT
710017c274	FUN_71000b2c60,	glGetFragmentLightivEXT
710017c28c	FUN_71000b2c60,FUN_71000f0e30,	glFramebufferTexture3DEXT
710017c2a6	FUN_71000b2c60,FUN_71000f0e30,	glGetFramebufferAttachmentParameterivEXT
710017c2cf	FUN_71000b2c60,FUN_71000f0e30,	glVertexAttribI2uiEXT
710017c2e5	FUN_71000b2c60,FUN_71000f0e30,	glVertexAttribI4ubvEXT
710017c2fc	FUN_71000b2c60,	glMapBufferRangeEXT
710017c310	FUN_71000b2c60,FUN_71000f0e30,	glCreateMemoryObjectsEXT
710017c329	FUN_71000b2c60,FUN_71000f0e30,	glGetMemoryObjectParameterivEXT
710017c349	FUN_71000b2c60,FUN_71000f0e30,	glTexStorageMem3DEXT
710017c35e	FUN_71000b2c60,FUN_71000f0e30,	glGetColorTableParameterivEXT
710017c37c	FUN_71000b2c60,FUN_71000f0e30,	glSecondaryColorPointerEXT
710017c397	FUN_71000b2c60,FUN_71000f0e30,	glTexImage3DEXT
710017c3a7	FUN_71000b2c60,FUN_71000f0e30,	glTexCoordPointerEXT
710017c3bc	FUN_71000b2c60,FUN_71000f0e30,	glVariantbvEXT
710017c3cb	FUN_71000b2c60,FUN_71000f0e30,	glImageTransformParameterfHP
710017c3e8	FUN_71000b2c60,	glNewBufferRegion
710017c3fa	FUN_71000b2c60,FUN_71000f0e30,	glCreateCommandListsNV
710017c411	FUN_71000b2c60,FUN_71000f0e30,	glProgramUniform1ui64NV
710017c429	FUN_71000b2c60,FUN_71000f0e30,	glProgramUniform3i64NV
710017c440	FUN_71000b2c60,FUN_71000f0e30,	glProgramUniform4i64vNV
710017c458	FUN_71000b2c60,FUN_71000f0e30,	glNormal3hvNV
710017c466	FUN_71000b2c60,FUN_71000f0e30,	glProgramBufferParametersfvNV
710017c484	FUN_71000b2c60,FUN_71000f0e30,	glStencilThenCoverFillPathNV
710017c4a1	FUN_71000b2c60,FUN_71000f0e30,	glStencilThenCoverStrokePathInstancedNV
710017c4c9	FUN_71000b2c60,FUN_71000f0e30,	glTransformFeedbackAttribsNV
710017c4e6	FUN_71000b2c60,FUN_71000f0e30,	glVDPAUGetSurfaceivNV
710017c4fc	FUN_71000b2c60,FUN_71000f0e30,	glVideoCaptureStreamParameterdvNV
710017c51e	FUN_71000b2c60,	glDepthRangeArrayfvNV
710017c534	FUN_71000b2c60,	glFramebufferFoveationConfigQCOM
710017c555	FUN_71000b2c60,	glOrthof
710017c55e	FUN_71000b2c60,	glFogLayersSGIX
710017c56e	FUN_71000b2c60,FUN_71000f0e30,	glFragmentLightfSGIX
710017c583	FUN_71000b2c60,FUN_71000f0e30,	glIglooInterfaceSGIX
710017c598	FUN_71000b2c60,	glMeshBreadthSGIX
710017c5aa	FUN_71000b2c60,FUN_71000f0e30,	glColorTableSGI
710017c5ba	FUN_71000b2c60,FUN_71000f0e30,	glReplacementCodePointerSUN
710017c5d6	FUN_71000b2c60,FUN_71000f0e30,	glColor4ubVertex3fvSUN
710017c5ed	FUN_71000b2c60,FUN_71000f0e30,	glTexCoord2fVertex3fvSUN
710017c606	FUN_71000d93c0,	bad DQT table
710017c614	FUN_71000d7230,FUN_71000e2b20,FUN_71000e4ef0,FUN_71000d0680,FUN_71000d7f00,FUN_71000dffe0,	too large
710017c61e	FUN_71000d0680,	#?RADIANCE

710017c636	FUN_71000f0e30,	glHint
710017c63d	FUN_71000f0e30,	glGetTexParameteriv
710017c651	FUN_71000f0e30,	glColor3b
710017c65b	FUN_71000f0e30,	glRasterPos2i
710017c669	FUN_71000f0e30,	glRasterPos3s
710017c677	FUN_71000f0e30,	glTexCoord3i
710017c684	FUN_71000f0e30,	glTexGenfv
710017c68f	FUN_71000f0e30,	glMap2f
710017c697	FUN_71000f0e30,	glEnableClientState
710017c6ab	FUN_71000f0e30,	glBindProgramPipelineEXT
710017c6c4	FUN_71000f0e30,	glGetProgramPipelineivEXT
710017c6de	FUN_71000f0e30,	glGetObjectLabelKHR
710017c6f2	FUN_71000f0e30,	glMaterialxvOES
710017c702	FUN_71000f0e30,	glGetHistogramParameterxvOES
710017c71f	FUN_71000f0e30,	glTexCoord2xvOES
710017c730	FUN_7100109380,	nvnQueueBuilderSetDefaults
710017c74b	FUN_7100109380,	nvnMemoryPoolInvalidateMappedRange
710017c76e	FUN_7100109380,	nvnBufferFlushMappedRange
710017c788	FUN_7100109380,	nvnBufferGetSize
710017c799	FUN_7100109380,	nvnTextureFinalize
710017c7ac	FUN_7100109380,	nvnTextureGetHeight
710017c7c0	FUN_7100109380,	nvnTextureInvalidateTexels
710017c7db	FUN_7100109380,	nvnSamplerBuilderGetBorderColor
710017c7fb	FUN_7100109380,	nvnSamplerGetMaxAnisotropy
710017c816	FUN_7100109380,	nvnBlendStateSetAdvancedNormalizedDst
710017c83c	FUN_7100109380,	nvnBlendStateGetAdvancedOverlap
710017c85c	FUN_7100109380,	nvnColorStateGetAlphaTest
710017c876	FUN_7100109380,	nvnCommandBufferFinalize
710017c88f	FUN_7100109380,	nvnCommandBufferBindChannelMaskState
710017c8b4	FUN_7100109380,	nvnCommandBufferBindImage
710017c8ce	FUN_7100109380,	nvnCommandBufferEndTransformFeedback
710017c8f3	FUN_7100109380,	nvnCommandBufferClearTextureui
710017c912	FUN_7100109380,	nvnCommandBufferRestoreZCullData
710017c933	FUN_7100109380,	nvnCommandBufferPopDebugGroupId
710017c953	FUN_7100109380,	nvnSyncInitialize
710017c965	FUN_7100109380,	nvnSyncSetDebugLabel
710017c97a	FUN_7100109380,	nvnQueueWaitSync
710017c98b	FUN_7100109380,	nvnEventInitialize
710017c99e	FUN_7100109380,	nvnEventGetValue
710017c9bc	Renderer_Init,	rom:/assets/shaders/lcd.fs
710017c9d7	Artwork_LoadTextures,	artwork10
710017c9e1	GameDef_Load,	Splash1
710017c9e9	FUN_71000a2860,FUN_71000b2c30,	eglGetCurrentDisplay
710017c9fe	71001b2b50,71001b7850,	GL_AMD_sample_positions
710017ca16	71001b2c38,	GL_ANGLE_translated_shader_source
710017ca38	71001b2c58,	GL_APPLE_color_buffer_packed_float
710017ca5b	71001b2cd0,	GL_APPLE_texture_max_level
710017ca76	71001b2d58,71001b7988,	GL_ARB_cl_event
710017ca86	71001b2d98,71001b79c8,	GL_ARB_compute_variable_group_size
710017caa9	71001b2e20,71001b7a50,	GL_ARB_enhanced_layouts
710017cac1	71001b3038,71001b7c80,	GL_ARB_shader_stencil_export
710017cade	71001b3078,71001b7cc0,	GL_ARB_shading_language_include
710017cafe	71001b30b8,71001b7d00,	GL_ARB_spirv_extensions
710017cb16	71001b3130,71001b7d78,	GL_ARB_texture_env_combine
710017cb31	71001b31f0,71001b7e28,	GL_ARB_transform_feedback_instanced
710017cb55	71001b33a8,71001b7f68,	GL_EXT_blend_func_separate
710017cb70	71001b33c0,71001b7f80,	GL_EXT_blend_subtract
710017cb86	FUN_71000f0910,FUN_71000f0910,FUN_71000f0910,71001b35e8,71001b80e0,	GL_EXT_pixel_transform
710017cb9d	71001b35f8,71001b80f0,	GL_EXT_point_parameters
710017cbb5	71001b37a8,71001b81f0,	GL_EXT_texture_env_add
710017cbcc	71001b37f8,71001b8230,	GL_EXT_texture_object
710017cbe2	71001b3820,	GL_EXT_texture_sRGB_R8
710017cbf9	71001b3870,71001b8278,	GL_EXT_transform_feedback
710017cc13	71001b3938,71001b8340,	GL_INTEL_conservative_rasterization
710017cc37	71001b3960,71001b8368,	GL_INTEL_performance_query
710017cc52	71001b39b8,71001b83b8,	GL_KHR_texture_compression_astc_ldr
710017cc76	71001b3aa0,71001b8470,	GL_NV_conservative_raster_dilate
710017cc97	71001b3b28,71001b84d8,	GL_NV_fence
710017cca3	71001b3be8,71001b8578,	GL_NV_half_float
710017ccb4	71001b3d10,71001b8648,	GL_NV_shader_atomic_int64
710017ccce	71001b3e40,71001b8738,	GL_NV_vertex_program2
710017cce4	71001b3e48,71001b8740,	GL_NV_vertex_program2_option
710017cd01	71001b3f00,	GL_QCOM_shader_framebuffer_fetch_noncoherent
710017cd2e	71001b41c0,71001b8958,	GL_SGIX_shadow
710017cd3d	71001b4200,71001b8980,	GL_SGIX_texture_add_env
710017cd55	71001b42a0,	GL_SGI_fft
710017cd60	FUN_71000a2860,	eglSurfaceAttrib
710017cd71	FUN_71000a2860,	eglCreateImage
710017cd80	FUN_71000a2860,	eglWaitSyncKHR
710017cd8f	FUN_71000a2860,	eglExportDRMImageMESA
710017cda5	FUN_71000a2860,	eglExportDMABUFImageQueryMESA
710017cdc3	FUN_71000a2860,	eglCreateFenceSyncNV
710017cdd8	FUN_71000b2c60,FUN_71000f0e30,	glMultTransposeMatrixd
710017cdef	FUN_71000b2c60,FUN_71000f0e30,	glMultiTexCoord2sv
710017ce02	FUN_71000b2c60,FUN_71000b2c60,FUN_71000f0e30,	glBlendEquation
710017ce12	FUN_71000b2c60,FUN_71000f0e30,	glWindowPos2s
710017ce20	FUN_71000b2c60,FUN_71000f0e30,	glWindowPos3iv
710017ce2f	FUN_71000b2c60,FUN_71000f0e30,	glUniform1iv
710017ce3c	FUN_71000b2c60,FUN_71000f0e30,	glUniformMatrix4x3fv
710017ce51	FUN_71000b2c60,FUN_71000f0e30,	glVertexAttribI3iv
710017ce64	FUN_71000b2c60,FUN_71000f0e30,	glVertexAttribI4bv
710017ce77	FUN_71000b2c60,FUN_71000f0e30,	glGetNamedFramebufferParameterfvAMD
710017ce9b	FUN_71000b2c60,	glGetQueryObjecti64vANGLE
710017ceb5	FUN_71000b2c60,FUN_71000f0e30,	glDrawArraysInstancedBaseInstance
710017ced7	FUN_71000b2c60,FUN_71000f0e30,	glDispatchComputeIndirect
710017cef1	FUN_71000b2c60,FUN_71000f0e30,	glCopyNamedBufferSubData
710017cf0a	FUN_71000b2c60,FUN_71000f0e30,	glGetTransformFeedbacki64_v
710017cf26	FUN_71000b2c60,FUN_71000f0e30,	glVertexArrayBindingDivisor
710017cf42	FUN_71000cbb00,FUN_71000f0e30,	glGenerateMipmap
710017cf53	FUN_71000b2c60,FUN_71000f0e30,	glProgramUniform4ui64vARB
710017cf6d	FUN_71000b2c60,FUN_71000f0e30,	glGetMinmaxParameteriv
710017cf84	FUN_71000b2c60,FUN_71000f0e30,	glMultiTexCoord1svARB
710017cf9a	FUN_71000b2c60,FUN_71000f0e30,	glMultiTexCoord2iARB
710017cfaf	FUN_71000b2c60,FUN_71000f0e30,	glMultiTexCoord2sARB
710017cfc4	FUN_71000b2c60,FUN_71000f0e30,	glGetProgramStageiv
710017cfd8	FUN_71000b2c60,FUN_71000f0e30,	glGetNamedStringivARB
710017cfee	FUN_71000b2c60,FUN_71000f0e30,	glTextureView
710017cffc	FUN_71000b2c60,FUN_71000f0e30,	glLoadTransposeMatrixdARB
710017d016	FUN_71000f0e30,FUN_71000cbf60,	glVertexAttrib3fvARB
710017d02b	FUN_71000f0e30,FUN_71000cbf60,	glVertexAttrib3svARB
710017d040	FUN_71000b2c60,FUN_71000f0e30,	glTexCoordP2ui
710017d04f	FUN_71000b2c60,FUN_71000f0e30,	glGetFloati_v
710017d05d	FUN_71000b2c60,FUN_71000f0e30,	glViewportIndexedfv
710017d071	FUN_71000b2c60,FUN_71000f0e30,	glWindowPos3dARB
710017d082	FUN_71000b2c60,FUN_71000f0e30,	glWindowPos3fvARB
710017d094	FUN_71000b2c60,FUN_71000f0e30,	glWindowPos3sARB
710017d0a5	FUN_71000b2c60,FUN_71000f0e30,	glBeginFragmentShaderATI
710017d0be	FUN_71000b2c60,FUN_71000f0e30,	glCopyTextureSubImage1DEXT
710017d0d9	FUN_71000b2c60,FUN_71000f0e30,	glMapNamedBufferRangeEXT
710017d0f2	FUN_71000b2c60,FUN_71000f0e30,	glNamedBufferSubDataEXT
710017d10a	FUN_71000b2c60,FUN_71000f0e30,	glProgramUniform3fvEXT
710017d121	FUN_71000b2c60,FUN_71000f0e30,	glTextureParameterIuivEXT
710017d13b	FUN_71000b2c60,FUN_71000f0e30,	glDrawArraysInstancedEXT
710017d154	FUN_71000b2c60,FUN_71000f0e30,	glDeleteRenderbuffersEXT
710017d16d	FUN_71000b2c60,FUN_71000f0e30,	glVertexAttribI3ivEXT
710017d183	FUN_71000b2c60,FUN_71000f0e30,	glDeleteMemoryObjectsEXT
710017d19c	FUN_71000b2c60,FUN_71000f0e30,	glWaitSemaphoreEXT
710017d1af	FUN_71000b2c60,FUN_71000f0e30,	glGetTexParameterIuivEXT
710017d1c8	FUN_71000b2c60,FUN_71000f0e30,	glIsTextureEXT
710017d1d7	FUN_71000b2c60,	glDeleteArraySetsEXT
710017d1ec	FUN_71000b2c60,FUN_71000f0e30,	glVertexAttribL3dEXT
710017d201	FUN_71000b2c60,FUN_71000f0e30,	glBindLightParameterEXT
710017d219	FUN_71000b2c60,FUN_71000f0e30,	glGetInvariantIntegervEXT
710017d233	FUN_71000b2c60,FUN_71000f0e30,	glIsVariantEnabledEXT
710017d249	FUN_71000b2c60,FUN_71000f0e30,	glDeletePerfQueryINTEL
710017d260	FUN_71000b2c60,FUN_71000f0e30,	glWindowPos2dMESA
710017d272	FUN_71000b2c60,FUN_71000f0e30,	glWindowPos2fvMESA
710017d285	FUN_71000b2c60,FUN_71000f0e30,	glTestFenceNV
710017d293	FUN_71000b2c60,FUN_71000f0e30,	glMulticastBufferSubDataNV
710017d2ae	FUN_71000b2c60,FUN_71000f0e30,	glFogCoordhNV
710017d2bc	FUN_71000b2c60,FUN_71000f0e30,	glVertex2hvNV
710017d2ca	FUN_71000b2c60,FUN_71000f0e30,	glGetPathTexGenfvNV
710017d2de	FUN_71000b2c60,FUN_71000f0e30,	glPixelDataRangeNV
710017d2f1	FUN_71000b2c60,	glFramebufferTextureLayerNV
710017d30d	FUN_71000b2c60,FUN_71000f0e30,	glGenTransformFeedbacksNV
710017d327	FUN_71000b2c60,FUN_71000f0e30,	glVertexAttribL4ui64vNV
710017d33f	FUN_71000b2c60,FUN_71000f0e30,	glVertexAttribIFormatNV
710017d357	FUN_71000b2c60,FUN_71000f0e30,	glVertexAttrib3fvNV
710017d36b	FUN_71000b2c60,	glDisableiNV
710017d378	FUN_71000b2c60,	glViewportArrayvNV
710017d38b	FUN_71000b2c60,	glGetDriverControlsQCOM
710017d3a3	FUN_71000b2c60,	glExtGetTexSubImageQCOM
710017d3bb	FUN_71000b2c60,	glGetTexParameterxv
710017d3cf	FUN_71000b2c60,FUN_71000f0e30,	glFinishAsyncSGIX
710017d3e1	FUN_71000b2c60,	glGenMPEGPredictorsSGIX
710017d3f9	FUN_71000b2c60,	glNonlinMaterialfvSGIX
710017d410	FUN_71000b2c60,FUN_71000f0e30,	glReplacementCodeubvSUN
710017d428	FUN_71000b2c60,	glAddSwapHintRectWIN
710017d43d	FUN_71000dad60,	bad AC huff
710017d449	FUN_71000e4ef0,	unknown code
710017d456	71001b6370,	XML_ERROR_PARSING
710017d468	71001b6380,	XML_NO_TEXT_NODE
710017d479	FUN_71000f0e30,	glTexParameterf
710017d489	FUN_71000f0e30,	glTexParameterfv
710017d49a	FUN_71000f0e30,	glDepthMask
710017d4a6	FUN_71000f0e30,	glColor4i
710017d4b0	FUN_71000f0e30,	glRecti
710017d4b8	FUN_71000f0e30,	glTexCoord3sv
710017d4c6	FUN_71000f0e30,	glMap2d
710017d4ce	FUN_71000f0e30,	glGetPixelMapusv
710017d4df	FUN_71000f0e30,	glTexSubImage1D
710017d4ef	FUN_71000f0e30,	glBinormal3bEXT
710017d4ff	FUN_71000f0e30,	glProgramUniform4dvEXT
710017d516	FUN_71000f0e30,	glBlendFuncSeparateINGR
710017d52e	FUN_71000f0e30,	glResolveDepthValuesNV
710017d545	FUN_71000f0e30,	glVertex2bvOES
710017d554	FUN_71000f0e30,	glOrthoxOES
710017d560	FUN_71000f0e30,	glTexEnvxvOES
710017d56e	FUN_71000f0e30,	glTexCoord2xOES
710017d57e	FUN_7100109380,	nvnDeviceRegisterFastClearColori
710017d59f	FUN_7100109380,	nvnQueueBuilderGetCommandMemorySize
710017d5c3	FUN_7100109380,	nvnTextureBuilderSetSamples
710017d5df	FUN_7100109380,	nvnTextureBuilderGetDevice
710017d5fa	FUN_7100109380,	nvnTextureBuilderGetStride
710017d615	FUN_7100109380,	nvnColorStateSetBlendEnable
710017d631	FUN_7100109380,	nvnMultisampleStateSetSamples
710017d64f	FUN_7100109380,	nvnMultisampleStateSetAlphaToCoverageDither
710017d67b	FUN_7100109380,	nvnDepthStencilStateGetStencilTestEnable
710017d6a4	FUN_7100109380,	nvnVertexStreamStateSetStride
710017d6c2	FUN_7100109380,	nvnCommandBufferBeginRecording
710017d6e1	FUN_7100109380,	nvnCommandBufferBindSeparateTexture
710017d705	FUN_7100109380,	nvnCommandBufferDownsampleTextureView
710017d72b	FUN_7100109380,	nvnCommandBufferPopDebugGroup
710017d749	FUN_7100109380,	nvnEventBuilderSetDefaults
710017d764	GbSystem_LoadSlotPreviews,	Slot 1
710017d76b	Renderer_DrawPauseMenu,Renderer_Init,gba_present_frame,	GameBackground
710017d77a	FUN_710009db80,	AudioVideoWorkerThread
710017d791	FUN_710009cff0,	video/
710017d798	MenuSound_LoadAll,	rom:/assets/sounds/sndselect.wav
710017d7b9	GameDef_Load,	document
710017d7c2	71001b2a88,	GL_VERSION_4_5
710017d7d1	71001b2b30,71001b7838,	GL_AMD_performance_monitor
710017d7ec	71001b2b70,71001b7870,	GL_AMD_shader_explicit_vertex_parameter
710017d814	71001b2bc8,71001b78d0,	GL_AMD_vertex_shader_tessellator
710017d835	71001b2d70,71001b79a0,	GL_ARB_clip_control
710017d849	71001b2e48,71001b7a98,	GL_ARB_fragment_program
710017d861	71001b2f30,71001b7b80,	GL_ARB_occlusion_query
710017d878	71001b2f78,71001b7bc8,	GL_ARB_program_interface_query
710017d897	71001b2f88,71001b7bd8,	GL_ARB_query_buffer_object
710017d8b2	71001b3200,71001b7e48,	GL_ARB_transpose_matrix
710017d8ca	71001b3258,71001b7ea0,	GL_ARB_vertex_type_2_10_10_10_rev
710017d8ec	71001b32f0,71001b7ef8,	GL_ATI_separate_stencil
710017d904	71001b3350,71001b7f38,	GL_EXT_422_pixels
710017d916	71001b3500,71001b8040,	GL_EXT_geometry_shader4
710017d92e	71001b3598,71001b80b0,	GL_EXT_multisample
710017d941	71001b3760,	GL_EXT_texture_compression_bptc
710017d961	71001b3798,	GL_EXT_texture_edge_clamp
710017d97b	71001b3948,71001b8350,	GL_INTEL_framebuffer_CMAA
710017d995	71001b3a60,71001b8430,	GL_NV_blend_equation_advanced_coherent
710017d9bc	71001b3a70,71001b8440,	GL_NV_blend_square
710017d9cf	71001b3ab0,	GL_NV_copy_buffer
710017d9e1	71001b3ad8,71001b84b0,	GL_NV_depth_clamp
710017d9f3	71001b3b78,	GL_NV_framebuffer_blit
710017da0a	71001b3c60,71001b85c0,	GL_NV_path_rendering
710017da1f	71001b3da0,71001b86a0,	GL_NV_texture_compression_vtc
710017da3d	71001b3f28,	GL_REGAL_enable
710017da4d	71001b3f48,	GL_REGAL_proc_address
710017da63	71001b4088,71001b88d0,	GL_SGIX_depth_pass_instrument
710017da81	71001b4090,71001b88d8,	GL_SGIX_depth_texture
710017da97	71001b4188,	GL_SGIX_pixel_texture_lod
710017dab1	71001b4268,71001b89b0,	GL_SGIX_ycrcb
710017dabf	71001b42c0,71001b89d0,	GL_SUN_global_alpha
710017dad3	FUN_71000a2860,	eglStreamAttribKHR
710017dae6	FUN_71000a2860,	eglSwapBuffersWithDamageKHR
710017db02	FUN_71000a2860,	eglGetSystemTimeNV
710017db15	FUN_71000b2c60,FUN_71000f0e30,	glTexImage3D
710017db22	FUN_71000b2c60,FUN_71000f0e30,	glMultiTexCoord3d
710017db34	FUN_71000b2c60,FUN_71000f0e30,	glWindowPos2dv
710017db43	FUN_71000b2c60,FUN_71000f0e30,	glWindowPos2iv
710017db52	FUN_71000b2c60,FUN_71000f0e30,	glWindowPos3sv
710017db61	FUN_71000b2c60,FUN_71000f0e30,	glBufferSubData
710017db71	FUN_71000b2c60,FUN_71000f0e30,	glGetUniformLocation
710017db86	FUN_71000b2c60,FUN_71000f0e30,	glUniform2i
710017db92	FUN_71000b2c60,FUN_71000f0e30,	glUniform4i
710017db9e	FUN_71000b2c60,FUN_71000f0e30,	glVertexAttribI2iv
710017dbb1	FUN_71000b2c60,FUN_71000f0e30,	glDrawElementsInstanced
710017dbc9	FUN_71000b2c60,FUN_71000f0e30,	glDebugMessageInsertAMD
710017dbe1	FUN_71000b2c60,	glGetQueryivANGLE
710017dbf3	FUN_71000b2c60,FUN_71000f0e30,	glGetDebugMessageLogARB
710017dc0b	FUN_71000b2c60,FUN_71000f0e30,	glCompressedTextureSubImage1D
710017dc29	FUN_71000b2c60,FUN_71000f0e30,	glCompressedTextureSubImage2D
710017dc47	FUN_71000b2c60,FUN_71000f0e30,	glCompressedTextureSubImage3D
710017dc65	FUN_71000b2c60,FUN_71000f0e30,	glEnableVertexArrayAttrib
710017dc7f	FUN_71000b2c60,FUN_71000f0e30,	glGetQueryBufferObjectui64v
710017dc9b	FUN_71000b2c60,FUN_71000f0e30,	glTextureParameterIiv
710017dcb1	FUN_71000b2c60,FUN_71000f0e30,	glTextureStorage3DMultisample
710017dccf	FUN_71000b2c60,FUN_71000f0e30,	glTransformFeedbackBufferRange
710017dcee	FUN_71000cbb00,FUN_71000f0e30,	glFramebufferTexture3D
710017dd05	FUN_71000b2c60,FUN_71000f0e30,	glFramebufferTextureLayerARB
710017dd22	FUN_71000b2c60,FUN_71000f0e30,	glProgramUniform1i64vARB
710017dd3b	FUN_71000b2c60,FUN_71000f0e30,	glProgramUniform3i64ARB
710017dd53	FUN_71000b2c60,FUN_71000f0e30,	glColorTable
710017dd60	FUN_71000b2c60,FUN_71000f0e30,	glInvalidateSubFramebuffer
710017dd7b	FUN_71000b2c60,FUN_71000f0e30,	glMultiTexCoord1fARB
710017dd90	FUN_71000b2c60,FUN_71000f0e30,	glPointParameterfvARB
710017dda6	FUN_71000b2c60,FUN_71000f0e30,	glCreateShaderProgramv
710017ddbd	FUN_71000b2c60,FUN_71000f0e30,	glProgramUniformMatrix2x3fv
710017ddd9	FUN_71000b2c60,FUN_71000f0e30,	glDeleteObjectARB
710017ddeb	FUN_71000b2c60,FUN_71000f0e30,	glGetActiveSubroutineUniformName
710017de0c	FUN_71000b2c60,FUN_71000f0e30,	glCompressedTexImage1DARB
710017de26	FUN_71000b2c60,FUN_71000f0e30,	glDeleteTransformFeedbacks
710017de41	FUN_71000b2c60,FUN_71000f0e30,	glResumeTransformFeedback
710017de5b	FUN_71000cbde0,FUN_71000f0e30,	glGetActiveUniformsiv
710017de71	FUN_71000b2c60,FUN_71000f0e30,	glVertexAttribFormat
710017de86	FUN_71000f0e30,FUN_71000cbf60,	glEnableVertexAttribArrayARB
710017dea3	FUN_71000f0e30,FUN_71000cbf60,	glGetProgramLocalParameterfvARB
710017dec3	FUN_71000b2c60,FUN_71000f0e30,	glMultiTexCoordP1uiv
710017ded8	FUN_71000b2c60,FUN_71000f0e30,	glMultiTexCoordP2uiv
710017deed	FUN_71000b2c60,FUN_71000f0e30,	glTexCoordP2uiv
710017defd	FUN_71000b2c60,FUN_71000f0e30,	glVertexStream1fvATI
710017df12	FUN_71000b2c60,FUN_71000f0e30,	glVertexStream2iATI
710017df26	FUN_71000b2c60,	glGetProgramResourceLocationIndexEXT
710017df4b	FUN_71000b2c60,FUN_71000f0e30,	glGetConvolutionParameterfvEXT
710017df6a	FUN_71000b2c60,FUN_71000f0e30,	glCopyTexSubImage1DEXT
710017df81	FUN_71000b2c60,FUN_71000f0e30,	glCopyMultiTexSubImage2DEXT
710017df9d	FUN_71000b2c60,FUN_71000f0e30,	glFramebufferDrawBuffersEXT
710017dfb9	FUN_71000b2c60,FUN_71000f0e30,	glGetFloatIndexedvEXT
710017dfcf	FUN_71000b2c60,FUN_71000f0e30,	glGetNamedProgramLocalParameterIuivEXT
710017dff6	FUN_71000b2c60,FUN_71000f0e30,	glMatrixPopEXT
710017e005	FUN_71000b2c60,FUN_71000f0e30,	glMatrixTranslatefEXT
710017e01b	FUN_71000b2c60,FUN_71000f0e30,	glProgramUniformMatrix2fvEXT
710017e038	FUN_71000b2c60,FUN_71000f0e30,	glProgramUniformMatrix3fvEXT
710017e055	FUN_71000b2c60,FUN_71000f0e30,	glGetVertexAttribIuivEXT
710017e06e	FUN_71000b2c60,FUN_71000f0e30,	glUniform3uivEXT
710017e07f	FUN_71000b2c60,FUN_71000f0e30,	glVertexAttribI2ivEXT
710017e095	FUN_71000b2c60,	glDrawBuffersIndexedEXT
710017e0ad	FUN_71000b2c60,FUN_71000f0e30,	glSecondaryColor3ivEXT
710017e0c4	FUN_71000b2c60,FUN_71000f0e30,	glMemoryBarrierEXT
710017e0d7	FUN_71000b2c60,FUN_71000f0e30,	glTextureStorage1DEXT
710017e0ed	FUN_71000b2c60,FUN_71000f0e30,	glImportSyncEXT
710017e0fd	FUN_71000b2c60,FUN_71000f0e30,	glEndConditionalRenderNVX
710017e117	FUN_71000b2c60,FUN_71000f0e30,	glLGPUNamedBufferSubDataNVX
710017e133	FUN_71000b2c60,FUN_71000f0e30,	glGetVkProcAddrNV
710017e145	FUN_71000b2c60,FUN_71000f0e30,	glMulticastCopyBufferSubDataNV
710017e164	FUN_71000b2c60,FUN_71000f0e30,	glUniform2ui64vNV
710017e176	FUN_71000b2c60,FUN_71000f0e30,	glTexCoord2hNV
710017e185	FUN_71000b2c60,FUN_71000f0e30,	glEndOcclusionQueryNV
710017e19b	FUN_71000b2c60,FUN_71000f0e30,	glProgramBufferParametersIivNV
710017e1ba	FUN_71000b2c60,FUN_71000f0e30,	glPathFogGenNV
710017e1c9	FUN_71000b2c60,	glTextureFogSGIX
710017e1da	FUN_71000b2c60,FUN_71000f0e30,	glFragmentLightModeliSGIX
710017e1f4	FUN_71000b2c60,FUN_71000f0e30,	glFrameZoomSGIX
710017e204	FUN_71000b2c60,FUN_71000f0e30,	glGlobalAlphaFactorbSUN
710017e21c	FUN_71000b2c60,FUN_71000f0e30,	glReplacementCodeuiColor4fNormal3fVertex3fvSUN
710017e24b	FUN_71000b2c60,FUN_71000f0e30,	glTexCoord4fColor4fNormal3fVertex4fvSUN
710017e273	TextRenderer_Init,71001b5c28,	#version 140
    uniform vec4 canvas; 
uniform samplerBuffer glyphTexOffset;
uniform samplerBuffer quads;
out vec2 vsTC;

    void main()
    {
int i = gl_VertexID / 6;
vec4 Position = texelFetch(quads, i*2);
int  Glyph    = int(texelFetch(quads, i*2+1).x);
int id = gl_VertexID % 6;
float x = Position.x;
        float y = Position.y;
        float w = Position.z;
        float h = Position.w;
        vec4 p = vec4(x,y,0,1);
switch(id) {
        case 0: break;
        case 3:
        case 1: p.x += w; break;
        case 5:
        case 2: p.y += h; break;
        case 4: p.x += w; p.y += h; break; 
        }
int g = int(Glyph);
        vec4 ginfo = texelFetch(glyphTexOffset, g);
        x = ginfo.x;
        y = ginfo.y;
        w = ginfo.z;
        h = ginfo.w;
vec2 tc = vec2(x,y);
switch(id) {
        case 0: break;
        case 3:
        case 1: tc.x += w; break;
        case 5:
        case 2: tc.y += h; break;
        case 4: tc.x += w; tc.y += h; break; 
        }
gl_Position = vec4( ((p.x / canvas.x)*canvas.z*2.0 - 1.0), 
                            ((p.y / canvas.y)*2.0 - 1.0), 0, 1.0); 
        vsTC    = tc; 
    }
    
710017e6ee	FUN_71000dffe0,	bad interlace method
710017e703	FUN_71000d0680,	wrong color format
710017e71a	FUN_71000cdd50,	bad dist
710017e727	71001b6318,	XML_ERROR_FILE_COULD_NOT_BE_OPENED
710017e74a	FUN_71000f0e30,	glTexParameteriv
710017e75b	FUN_71000f0e30,	glColor3ub
710017e766	FUN_71000f0e30,	glColor4b
710017e770	FUN_71000f0e30,	glColor4dv
710017e77b	FUN_71000f0e30,	glRasterPos3sv
710017e78a	FUN_71000f0e30,	glTexCoord3dv
710017e798	FUN_71000f0e30,	glLightiv
710017e7a2	FUN_71000f0e30,	glTexEnvf
710017e7ac	FUN_71000f0e30,	glTexGeni
710017e7b6	FUN_71000f0e30,	glAccum
710017e7be	FUN_71000f0e30,	glEvalCoord2f
710017e7cc	FUN_71000f0e30,	glGetMapdv
710017e7d7	FUN_71000f0e30,	glIndexPointer
710017e7e6	FUN_71000f0e30,	glFlushStaticDataIBM
710017e7fb	FUN_71000f0e30,	glBitmapxOES
710017e808	FUN_71000f0e30,	glGetMaterialxOES
710017e81a	FUN_71000f0e30,	glGetTexGenxvOES
710017e82b	FUN_71000f0e30,	glPointParameterfSGIS
710017e841	FUN_71000f0e30,	glGetInstrumentsSGIX
710017e856	FUN_71000f0e30,	glListParameterfSGIX
710017e86b	71001b7880,	GL_AMD_shader_image_load_store_lod
710017e88e	FUN_7100109380,	nvnDeviceBuilderGetFlags
710017e8a7	FUN_7100109380,	nvnDeviceGetSeparateTextureHandle
710017e8c9	FUN_7100109380,	nvnQueueFinish
710017e8d8	FUN_7100109380,	nvnBufferBuilderGetSize
710017e8f0	FUN_7100109380,	nvnTextureBuilderSetStorage
710017e90c	FUN_7100109380,	nvnTextureViewSetLevels
710017e924	FUN_7100109380,	nvnTextureGetViewOffset
710017e93c	FUN_7100109380,	nvnTextureGetSwizzle
710017e951	FUN_7100109380,	nvnTextureGetStride
710017e965	FUN_7100109380,	nvnSamplerBuilderSetMinMagFilter
710017e986	FUN_7100109380,	nvnMultisampleStateGetCoverageModulationMode
710017e9b3	FUN_7100109380,	nvnMultisampleStateGetSampleLocationsGrid
710017e9dd	FUN_7100109380,	nvnDepthStencilStateSetStencilFunc
710017ea00	FUN_7100109380,	nvnCommandBufferBindDepthStencilState
710017ea26	FUN_7100109380,	nvnCommandBufferMultiDrawArraysIndirectCount
710017ea53	FUN_7100109380,	nvnCommandBufferSetStencilRef
710017ea71	FUN_7100109380,	nvnCommandBufferSetAlphaRef
710017ea8d	FUN_7100109380,	nvnCommandBufferDiscardColor
710017eaaa	FUN_7100109380,	nvnCommandBufferSetProgramSubroutines
710017ead0	FUN_7100109380,	nvnEventBuilderGetMemoryOffset
710017eaf4	cart_load,	Rom could not be open. This probably won't work.
710017eb25	Renderer_DrawPauseMenu,Renderer_Init,	PauseTopMenu
710017eb32	Artwork_Draw,Renderer_Init,	transparent
710017eb3e	MenuAudio_Init,	rom:/assets/sounds/sndMenu.wav
710017eb5d	Artwork_LoadTextures,	rom:/assets/artwork/2_BonusArtwork_P01.png
710017eb88	71001b2c10,	GL_ANGLE_texture_compression_dxt1
710017ebaa	71001b2cb8,	GL_APPLE_sync
710017ebb8	FUN_71000f0910,FUN_71000f0910,FUN_71000f0910,71001b3000,71001b7c48,	GL_ARB_shader_clock
710017ebcc	71001b3168,71001b7db0,	GL_ARB_texture_mirror_clamp_to_edge
710017ebf0	FUN_71000b2c60,FUN_71000b2c60,FUN_71000b2c60,FUN_71000b2c60,71001b3368,	GL_EXT_YUV_target
710017ec02	71001b3450,71001b7fd0,	GL_EXT_debug_marker
710017ec16	71001b3498,71001b7ff8,	GL_EXT_draw_range_elements
710017ec31	71001b36b0,	GL_EXT_shader_implicit_conversions
710017ec54	71001b36d8,	GL_EXT_shader_pixel_local_storage2
710017ec77	71001b3790,	GL_EXT_texture_cube_map_array
710017ec95	71001b37b0,71001b81f8,	GL_EXT_texture_env_combine
710017ecb0	71001b3840,71001b8248,	GL_EXT_texture_snorm
710017ecc5	71001b3900,71001b82f8,	GL_IBM_multimode_draw_arrays
710017ece2	71001b3ac8,71001b84a0,	GL_NV_deep_texture3D
710017ecf7	71001b3af0,	GL_NV_draw_instanced
710017ed0c	71001b4018,	GL_SGIX_bali_timer_instruments
710017ed2b	71001b4118,	GL_SGIX_impact_pixel_texture
710017ed48	71001b41b8,71001b8950,	GL_SGIX_scalebias_hint
710017ed5f	71001b41c8,71001b8960,	GL_SGIX_shadow_ambient
710017ed76	71001b4278,71001b89c0,	GL_SGIX_ycrcba
710017ed85	71001b42b8,71001b89c8,	GL_SUN_convolution_border_modes
710017eda5	FUN_71000a2860,	eglCreateStreamKHR
710017edb8	FUN_71000a2860,	eglCreateStreamAttribKHR
710017edd1	FUN_71000a2860,	eglStreamConsumerReleaseKHR
710017eded	FUN_71000a2860,	eglGetSystemTimeFrequencyNV
710017ee09	FUN_71000b2c60,FUN_71000f0e30,	glSecondaryColor3b
710017ee1c	FUN_71000b2c60,FUN_71000f0e30,	glSecondaryColor3us
710017ee30	FUN_71000b2c60,FUN_71000f0e30,	glGetBufferPointerv
710017ee44	FUN_71000b2c60,FUN_71000f0e30,	glEnableVertexAttribArray
710017ee5e	FUN_71000b2c60,FUN_71000f0e30,	glUniform3f
710017ee6a	FUN_71000b2c60,FUN_71000f0e30,	glUseProgram
710017ee77	FUN_71000b2c60,FUN_71000f0e30,	glTransformFeedbackVaryings
710017ee93	FUN_71000b2c60,FUN_71000f0e30,	glUniform4uiv
710017eea1	FUN_71000b2c60,FUN_71000f0e30,	glGetBufferParameteri64v
710017eeba	FUN_71000b2c60,FUN_71000f0e30,	glMultiDrawArraysIndirectAMD
710017eed7	FUN_71000b2c60,FUN_71000f0e30,	glVertexArrayRangeAPPLE
710017eeef	FUN_71000b2c60,FUN_71000f0e30,	glUniformHandleui64ARB
710017ef06	FUN_71000b2c60,FUN_71000f0e30,	glBlitNamedFramebuffer
710017ef1d	FUN_71000b2c60,FUN_71000f0e30,	glCopyTextureSubImage2D
710017ef35	FUN_71000b2c60,FUN_71000f0e30,	glGetTextureLevelParameteriv
710017ef52	FUN_71000b2c60,FUN_71000f0e30,	glGetTextureParameterfv
710017ef6a	FUN_71000b2c60,FUN_71000f0e30,	glGetVertexArrayiv
710017ef7d	FUN_71000b2c60,FUN_71000f0e30,	glNamedBufferData
710017ef8f	FUN_71000b2c60,FUN_71000f0e30,	glTextureParameterIuiv
710017efa6	FUN_71000b2c60,FUN_71000f0e30,	glBlendFuncSeparateiARB
710017efbe	FUN_71000b2c60,FUN_71000f0e30,	glUniformMatrix2x3dv
710017efd3	FUN_71000b2c60,FUN_71000f0e30,	glGetnUniformi64vARB
710017efe8	FUN_71000b2c60,FUN_71000f0e30,	glConvolutionFilter1D
710017effe	FUN_71000b2c60,FUN_71000f0e30,	glGetMinmaxParameterfv
710017f015	FUN_71000b2c60,FUN_71000f0e30,	glMatrixIndexusvARB
710017f029	FUN_71000b2c60,FUN_71000f0e30,	glBindVertexBuffers
710017f03d	FUN_71000b2c60,FUN_71000f0e30,	glMultiTexCoord3dARB
710017f052	FUN_71000b2c60,FUN_71000f0e30,	glMultiTexCoord3svARB
710017f068	FUN_71000b2c60,FUN_71000f0e30,	glMultiTexCoord4ivARB
710017f07e	FUN_71000b2c60,FUN_71000f0e30,	glProgramUniform3iv
710017f092	FUN_71000b2c60,FUN_71000f0e30,	glProgramUniformMatrix3x2dv
710017f0ae	FUN_71000b2c60,FUN_71000f0e30,	glUniform1iARB
710017f0bd	FUN_71000b2c60,FUN_71000f0e30,	glIsTransformFeedback
710017f0d3	FUN_71000b2c60,FUN_71000f0e30,	glDrawTransformFeedbackInstanced
710017f0f4	FUN_71000cbde0,FUN_71000f0e30,	glGetUniformBlockIndex
710017f10b	FUN_71000b2c60,FUN_71000f0e30,	glVertexAttribBinding
710017f121	FUN_71000b2c60,FUN_71000f0e30,	glWeightusvARB
710017f130	FUN_71000f0e30,FUN_71000cbf60,	glVertexAttrib4NbvARB
710017f146	FUN_71000f0e30,FUN_71000cbf60,	glVertexAttrib4NubvARB
710017f15d	FUN_71000f0e30,FUN_71000cbf60,	glVertexAttrib4NuivARB
710017f174	FUN_71000b2c60,FUN_71000f0e30,	glVertexP4uiv
710017f182	FUN_71000b2c60,FUN_71000f0e30,	glWindowPos3fARB
710017f193	FUN_71000b2c60,FUN_71000f0e30,	glGetTexBumpParameterivATI
710017f1ae	FUN_71000b2c60,FUN_71000f0e30,	glVertexBlendEnviATI
710017f1c3	FUN_71000b2c60,FUN_71000f0e30,	glVertexStream1iATI
710017f1d7	FUN_71000b2c60,FUN_71000f0e30,	glInsertEventMarkerEXT
710017f1ee	FUN_71000b2c60,FUN_71000f0e30,	glPushGroupMarkerEXT
710017f203	FUN_71000b2c60,FUN_71000f0e30,	glGetFloati_vEXT
710017f214	FUN_71000b2c60,FUN_71000f0e30,	glGetMultiTexEnvfvEXT
710017f22a	FUN_71000b2c60,FUN_71000f0e30,	glGetNamedProgramStringEXT
710017f245	FUN_71000b2c60,FUN_71000f0e30,	glNamedFramebufferTextureLayerEXT
710017f267	FUN_71000b2c60,FUN_71000f0e30,	glNamedProgramLocalParameter4dEXT
710017f289	FUN_71000b2c60,FUN_71000f0e30,	glTextureImage1DEXT
710017f29d	FUN_71000b2c60,FUN_71000f0e30,	glVertexArrayColorOffsetEXT
710017f2b9	FUN_71000b2c60,FUN_71000f0e30,	glGenFramebuffersEXT
710017f2ce	FUN_71000b2c60,FUN_71000f0e30,	glVertexAttribI1iEXT
710017f2e3	FUN_71000b2c60,FUN_71000f0e30,	glVertexAttribI4iEXT
710017f2f8	FUN_71000b2c60,FUN_71000f0e30,	glGetHistogramParameterfvEXT
710017f315	FUN_71000b2c60,FUN_71000f0e30,	glGetMinmaxParameterfvEXT
710017f32f	FUN_71000b2c60,FUN_71000f0e30,	glIndexMaterialEXT
710017f342	FUN_71000b2c60,FUN_71000f0e30,	glGetColorTableParameterfvEXT
710017f360	FUN_71000b2c60,FUN_71000f0e30,	glCoverageModulationNV
710017f377	FUN_71000b2c60,FUN_71000f0e30,	glSecondaryColor3sEXT
710017f38d	FUN_71000b2c60,FUN_71000f0e30,	glActiveProgramEXT
710017f3a0	FUN_71000b2c60,	glBindArraySetEXT
710017f3b2	FUN_71000b2c60,FUN_71000f0e30,	glObjectPtrLabel
710017f3c3	FUN_71000b2c60,FUN_71000f0e30,	glListDrawCommandsStatesClientNV
710017f3e4	FUN_71000b2c60,	glDrawArraysInstancedNV
710017f3fc	FUN_71000b2c60,FUN_71000f0e30,	glProgramLocalParameterI4uivNV
710017f41b	FUN_71000b2c60,FUN_71000f0e30,	glFogCoordhvNV
710017f42a	FUN_71000b2c60,FUN_71000f0e30,	glNormal3hNV
710017f437	FUN_71000b2c60,FUN_71000f0e30,	glDeletePathsNV
710017f447	FUN_71000b2c60,FUN_71000f0e30,	glGetPathDashArrayNV
710017f45c	FUN_71000b2c60,FUN_71000f0e30,	glGetCombinerOutputParameterfvNV
710017f47d	FUN_71000b2c60,FUN_71000f0e30,	glGetVaryingLocationNV
710017f494	FUN_71000b2c60,FUN_71000f0e30,	glIsTransformFeedbackNV
710017f4ac	FUN_71000b2c60,FUN_71000f0e30,	glGetVertexAttribivNV
710017f4c2	FUN_71000b2c60,FUN_71000f0e30,	glProgramParameter4dvNV
710017f4da	FUN_71000b2c60,FUN_71000f0e30,	glFramebufferTextureMultiviewOVR
710017f4fb	FUN_71000b2c60,	glFramebufferTextureMultisampleMultiviewOVR
710017f527	FUN_71000b2c60,	glStartTilingQCOM
710017f539	FUN_71000b2c60,	glOrthox
710017f542	FUN_71000b2c60,	glTexParameterx
710017f552	FUN_71000b2c60,	glErrorStringREGAL
710017f565	FUN_71000b2c60,FUN_71000f0e30,	glGetFragmentLightfvSGIX
710017f57e	FUN_71000b2c60,FUN_71000f0e30,	glGetFragmentMaterialfvSGIX
710017f59a	FUN_71000b2c60,	glGetMPEGQuantTableubv
710017f5b1	FUN_71000b2c60,FUN_71000f0e30,	glReferencePlaneSGIX
710017f5c6	FUN_71000b2c60,	glBindVertexArraySGIX
710017f5dc	FUN_71000b2c60,	glIsVertexArraySGIX
710017f5f0	FUN_71000b2c60,FUN_71000f0e30,	glColorTableParameterfvSGI
710017f60b	TextRenderer_Init,	glyphTexOffset
710017f61a	FUN_71000e4ef0,	illegal code in raster
710017f631	FUN_71000cdd50,FUN_71000d0680,	bad compression
710017f641	FUN_71000d7230,	unsupported data layout
710017f659	FUN_71000f0e30,	glPointSize
710017f665	FUN_71000f0e30,	glEnable
710017f66e	FUN_71000f0e30,	glBitmap
710017f677	FUN_71000f0e30,	glRasterPos4dv
710017f686	FUN_71000f0e30,	glVertex3iv
710017f692	FUN_71000f0e30,	glLightModeliv
710017f6a1	FUN_71000f0e30,	glPixelMapfv
710017f6ae	FUN_71000f0e30,	glGetPolygonStipple
710017f6c2	FUN_71000f0e30,	glLoadMatrixf
710017f6d0	FUN_71000f0e30,	glLoadMatrixd
710017f6de	FUN_71000f0e30,	glTexSubImage2D
710017f6ee	FUN_71000f0e30,	glProgramUniformMatrix3x2dvEXT
710017f70d	FUN_71000f0e30,	glLightxOES
710017f719	71001b87a0,	GL_OES_fixed_point
710017f72c	FUN_7100109380,	nvnDeviceRegisterFastClearColor
710017f74c	FUN_7100109380,	nvnProgramSetShadersExt
710017f764	FUN_7100109380,	nvnProgramSetSampleShading
710017f77f	FUN_7100109380,	nvnSamplerPoolSetDebugLabel
710017f79b	FUN_7100109380,	nvnSamplerPoolGetMemoryPool
710017f7b7	FUN_7100109380,	nvnTextureBuilderSetGLTextureName
710017f7d9	FUN_7100109380,	nvnTextureViewSetDepthStencilMode
710017f7fb	FUN_7100109380,	nvnSamplerBuilderSetCompare
710017f817	FUN_7100109380,	nvnSamplerBuilderSetLodSnap
710017f833	FUN_7100109380,	nvnMultisampleStateSetSampleLocationsEnable
710017f85f	FUN_7100109380,	nvnMultisampleStateSetSampleLocations
710017f885	FUN_7100109380,	nvnDepthStencilStateSetDepthFunc
710017f8a6	FUN_7100109380,	nvnDepthStencilStateSetStencilTestEnable
710017f8cf	FUN_7100109380,	nvnVertexAttribStateSetDefaults
710017f8ef	FUN_7100109380,	nvnCommandBufferGetControlMemorySize
710017f914	FUN_7100109380,	nvnCommandBufferBindProgram
710017f930	FUN_7100109380,	nvnCommandBufferPauseTransformFeedback
710017f957	FUN_7100109380,	nvnCommandBufferSetShaderScratchMemory
710017f97e	FUN_7100109380,	nvnCommandBufferPushDebugGroup
710017f99d	FUN_7100109380,	nvnEventGetMemoryPool
710017f9b3	Renderer_Init,	PauseMenuBar
710017f9c0	FUN_710009a210,	FILTER : Sharp
710017f9cf	FUN_710009cff0,	video/x-vnd.on2.vp8
710017f9e3	FUN_71001056b0,GameDef_Load,FUN_710009cff0,	height
710017f9ea	FUN_71000cd9f0,FUN_710009f1d0,FUN_71000a27a0,	allocator<T>::allocate(size_t n) 'n' exceeds maximum supported size
710017fa2e	GameDef_Load,	count
710017fa34	GameDef_Load,GameDef_Load,GameDef_Load,GameDef_Load,GameDef_Load,GameDef_Load,GameDef_Load,GameDef_Load,GameDef_Load,GameDef_Load,GameDef_Load,GameDef_Load,GameDef_Load,GameDef_Load,GameDef_Load,GameDef_Load,GameDef_Load,GameDef_Load,GameDef_Load,GameDef_Load,GameDef_Load,	assets
710017fa3b	71001b2f38,71001b7b88,	GL_ARB_occlusion_query2
710017fa53	71001b3120,71001b7d68,	GL_ARB_texture_cube_map_array
710017fa71	71001b3220,71001b7e68,	GL_ARB_vertex_attrib_64bit
710017fa8c	71001b33d0,	GL_EXT_clear_texture
710017faa1	71001b3428,71001b7fb0,	GL_EXT_coordinate_frame
710017fab9	71001b35f0,71001b80e8,	GL_EXT_pixel_transform_color_table
710017fadc	71001b3648,	GL_EXT_sRGB
710017fae8	71001b37d0,	GL_EXT_texture_format_BGRA8888
710017fb07	71001b3828,	GL_EXT_texture_sRGB_RG8
710017fb1f	71001b38f0,71001b82e8,	GL_HP_texture_lighting
710017fb36	71001b39a8,71001b83a8,	GL_KHR_robustness
710017fb48	71001b3ce0,71001b8618,	GL_NV_sample_locations
710017fb5f	71001b3f50,71001b87f8,	GL_REND_screen_coordinates
710017fb7a	71001b3f68,	GL_SGIS_color_range
710017fb8e	71001b3fb0,	GL_SGIS_shared_multisample
710017fba9	71001b4038,71001b88b8,	GL_SGIX_calligraphic_fragment
710017fbc7	71001b40e8,	GL_SGIX_fragment_specular_lighting
710017fbea	71001b41f0,71001b8970,	GL_SGIX_subsample
710017fbfc	71001b42a8,71001b8818,	GL_SGI_texture_color_table
710017fc17	FUN_71000a2860,	eglCreateDRMImageMESA
710017fc2d	FUN_71000a2860,	eglExportDMABUFImageMESA
710017fc46	FUN_71000a2860,	eglCreateStreamSyncNV
710017fc5c	FUN_71000a2860,	eglClientWaitSyncNV
710017fc70	FUN_71000a2860,	eglSignalSyncNV
710017fc80	FUN_71000b2c60,FUN_71000f0e30,	glCopyTexSubImage3D
710017fc94	FUN_71000b2c60,FUN_71000f0e30,	glCompressedTexImage2D
710017fcab	FUN_71000b2c60,FUN_71000f0e30,	glMultiTexCoord1sv
710017fcbe	FUN_71000b2c60,FUN_71000f0e30,	glSecondaryColor3d
710017fcd1	FUN_71000b2c60,FUN_71000f0e30,	glBindAttribLocation
710017fce6	FUN_71000b2c60,FUN_71000f0e30,	glUniformMatrix4x2fv
710017fcfb	FUN_71000b2c60,FUN_71000f0e30,	glClampColor
710017fd08	FUN_71000b2c60,FUN_71000f0e30,	glVertexAttribI2i
710017fd1a	FUN_71000b2c60,FUN_71000f0e30,	glDrawArraysInstanced
710017fd30	FUN_71000b2c60,FUN_71000f0e30,	glBlendEquationSeparatei
710017fd49	FUN_71000b2c60,	glBlitFramebufferANGLE
710017fd60	FUN_71000b2c60,	glCopyTextureLevelsAPPLE
710017fd79	FUN_71000b2c60,FUN_71000f0e30,	glVertexAttribL1ui64ARB
710017fd91	FUN_71000b2c60,FUN_71000f0e30,	glFlushMappedNamedBufferRange
710017fdaf	FUN_71000b2c60,FUN_71000f0e30,	glGetQueryBufferObjectuiv
710017fdc9	FUN_71000b2c60,FUN_71000f0e30,	glVertexArrayAttribBinding
710017fde4	FUN_71000cbb00,FUN_71000f0e30,	glFramebufferTexture2D
710017fdfb	FUN_71000cbb00,FUN_71000f0e30,	glGetFramebufferAttachmentParameteriv
710017fe21	FUN_71000b2c60,FUN_71000f0e30,	glUniformMatrix4x3dv
710017fe36	FUN_71000b2c60,FUN_71000f0e30,	glProgramUniform4ui64ARB
710017fe4f	FUN_71000b2c60,FUN_71000f0e30,	glGetColorTable
710017fe5f	FUN_71000b2c60,FUN_71000f0e30,	glGetHistogramParameteriv
710017fe79	FUN_71000b2c60,FUN_71000f0e30,	glMultiTexCoord3dvARB
710017fe8f	FUN_71000b2c60,FUN_71000f0e30,	glMultiTexCoord3sARB
710017fea4	FUN_71000b2c60,FUN_71000f0e30,	glGetSamplerParameterIiv
710017febd	FUN_71000b2c60,FUN_71000f0e30,	glProgramUniform3i
710017fed0	FUN_71000b2c60,FUN_71000f0e30,	glProgramUniform4ui
710017fee4	FUN_71000b2c60,FUN_71000f0e30,	glUniform3iARB
710017fef3	FUN_71000b2c60,FUN_71000f0e30,	glDeleteNamedStringARB
710017ff0a	FUN_71000b2c60,FUN_71000f0e30,	glNamedStringARB
710017ff1b	FUN_71000b2c60,FUN_71000f0e30,	glWeightfvARB
710017ff29	FUN_71000f0e30,FUN_71000cbf60,	glIsProgramARB
710017ff38	FUN_71000f0e30,FUN_71000cbf60,	glProgramLocalParameter4fvARB
710017ff56	FUN_71000b2c60,FUN_71000f0e30,	glDepthRangeIndexed
710017ff6a	FUN_71000b2c60,FUN_71000f0e30,	glElementPointerATI
710017ff7e	FUN_71000b2c60,FUN_71000f0e30,	glVertexStream1dATI
710017ff92	FUN_71000b2c60,FUN_71000f0e30,	glVertexStream3svATI
710017ffa7	FUN_71000b2c60,FUN_71000f0e30,	glCompressedMultiTexImage2DEXT
710017ffc6	FUN_71000b2c60,FUN_71000f0e30,	glEnableVertexArrayAttribEXT
710017ffe3	FUN_71000b2c60,FUN_71000f0e30,	glGenerateMultiTexMipmapEXT
710017ffff	FUN_71000b2c60,FUN_71000f0e30,	glNamedFramebufferTexture3DEXT
710018001e	FUN_71000b2c60,FUN_71000f0e30,	glProgramUniform3iEXT
7100180034	FUN_71000b2c60,FUN_71000f0e30,	glProgramUniform3uiEXT
710018004b	FUN_71000b2c60,FUN_71000f0e30,	glTextureImage3DEXT
710018005f	FUN_71000b2c60,FUN_71000f0e30,	glTextureParameterIivEXT
7100180078	FUN_71000b2c60,FUN_71000f0e30,	glTextureParameterivEXT
7100180090	FUN_71000b2c60,FUN_71000f0e30,	glFogCoorddEXT
710018009f	FUN_71000b2c60,	glFragmentLightModelfEXT
71001800b8	FUN_71000b2c60,FUN_71000f0e30,	glFramebufferRenderbufferEXT
71001800d5	FUN_71000b2c60,FUN_71000f0e30,	glVertexAttribI2iEXT
71001800ea	FUN_71000b2c60,FUN_71000f0e30,	glGetMinmaxParameterivEXT
7100180104	FUN_71000b2c60,FUN_71000f0e30,	glTextureLightEXT
7100180116	FUN_71000b2c60,FUN_71000f0e30,	glPolygonOffsetEXT
7100180129	FUN_71000b2c60,FUN_71000f0e30,	glRasterSamplesEXT
710018013c	FUN_71000b2c60,FUN_71000f0e30,	glSecondaryColor3ubvEXT
7100180154	FUN_71000b2c60,	glFramebufferPixelLocalStorageSizeEXT
710018017a	FUN_71000b2c60,FUN_71000f0e30,	glFramebufferTextureLayerEXT
7100180197	FUN_71000b2c60,FUN_71000f0e30,	glClearColorIiEXT
71001801a9	FUN_71000b2c60,	glCreateArraySetExt
71001801bd	FUN_71000b2c60,FUN_71000f0e30,	glVariantfvEXT
71001801cc	FUN_71000b2c60,FUN_71000f0e30,	glImageTransformParameterfvHP
71001801ea	FUN_71000b2c60,FUN_71000f0e30,	glEdgeFlagPointerListIBM
7100180203	FUN_71000b2c60,FUN_71000f0e30,	glTexCoordPointerListIBM
710018021c	FUN_71000b2c60,	glTexScissorINTEL
710018022e	FUN_71000b2c60,FUN_71000f0e30,	glBlendBarrierKHR
7100180240	FUN_71000b2c60,	glReadBufferRegion
7100180253	FUN_71000b2c60,FUN_71000f0e30,	glWindowPos3dvMESA
7100180266	FUN_71000b2c60,FUN_71000f0e30,	glLGPUInterlockNVX
7100180279	FUN_71000b2c60,FUN_71000f0e30,	glMakeImageHandleNonResidentNV
7100180298	FUN_71000b2c60,FUN_71000f0e30,	glProgramUniformHandleui64NV
71001802b5	FUN_71000b2c60,FUN_71000f0e30,	glFinishFenceNV
71001802c5	FUN_71000b2c60,FUN_71000f0e30,	glProgramLocalParameterI4uiNV
71001802e3	FUN_71000b2c60,FUN_71000f0e30,	glUniform4ui64vNV
71001802f5	FUN_71000b2c60,FUN_71000f0e30,	glTexCoord4hNV
7100180304	FUN_71000b2c60,FUN_71000f0e30,	glVertexAttrib2hvNV
7100180318	FUN_71000b2c60,	glUniformMatrix2x4fvNV
710018032f	FUN_71000b2c60,FUN_71000f0e30,	glPathParameterivNV
7100180343	FUN_71000b2c60,FUN_71000f0e30,	glMakeBufferResidentNV
710018035a	FUN_71000b2c60,FUN_71000f0e30,	glMakeNamedBufferResidentNV
7100180376	FUN_71000b2c60,FUN_71000f0e30,	glDeleteTransformFeedbacksNV
7100180393	FUN_71000b2c60,FUN_71000f0e30,	glVDPAUIsSurfaceNV
71001803a6	FUN_71000b2c60,FUN_71000f0e30,	glVertexAttribL1i64NV
71001803bc	FUN_71000b2c60,FUN_71000f0e30,	glLoadProgramNV
71001803cc	FUN_71000b2c60,FUN_71000f0e30,	glVideoCaptureStreamParameterivNV
71001803ee	FUN_71000b2c60,	glFramebufferFoveationParametersQCOM
7100180413	FUN_71000b2c60,	glClearDepthx
7100180421	FUN_71000b2c60,	glTexParameterxv
7100180432	FUN_71000b2c60,	glNonlinLightfvSGIX
7100180446	FUN_71000b2c60,FUN_71000f0e30,	glGlobalAlphaFactordSUN
710018045e	FUN_71000dffe0,	bad IHDR len
710018046b	71001b6320,	XML_ERROR_FILE_READ_ERROR
7100180485	FUN_71000f0e30,	glReadBuffer
7100180492	FUN_71000f0e30,	glRasterPos4fv
71001804a1	FUN_71000f0e30,	glVertex3f
71001804ac	FUN_71000f0e30,	glLineStipple
71001804ba	FUN_71000f0e30,	glInitNames
71001804c6	FUN_71000f0e30,	glGetTexGendv
71001804d4	FUN_71000f0e30,	glScaled
71001804dd	FUN_71000f0e30,	glPushClientAttrib
71001804f0	FUN_71000f0e30,	glGetnMapfv
71001804fc	FUN_71000f0e30,	glGetnSeparableFilter
7100180512	FUN_71000f0e30,	glTangent3dvEXT
7100180522	FUN_71000f0e30,	glRotatexOES
710018052f	FUN_71000f0e30,	glEvalCoord1xvOES
7100180541	FUN_71000f0e30,	glEvalCoord2xOES
7100180552	FUN_71000f0e30,	glMultiTexCoord2xOES
7100180567	FUN_71000f0e30,	glNormal3xvOES
7100180576	FUN_71000f0e30,	glTexCoord4xvOES
7100180587	FUN_71000f0e30,	glGetPixelTexGenParameterfvSGIS
71001805a7	71001b8320,	GL_INGR_blend_func_separate
71001805c3	FUN_7100109380,	nvnQueueBuilderGetDevice
71001805dc	FUN_7100109380,	nvnProgramFinalize
71001805ef	FUN_7100109380,	nvnTexturePoolGetMemoryOffset
710018060d	FUN_7100109380,	nvnTextureBuilderSetStride
7100180628	FUN_7100109380,	nvnTextureBuilderGetSparseTileLayout
710018064d	FUN_7100109380,	nvnTextureViewGetLayers
7100180665	FUN_7100109380,	nvnTextureSetDebugLabel
710018067d	FUN_7100109380,	nvnTextureGetSamples
7100180692	FUN_7100109380,	nvnTextureGetTextureAddress
71001806ae	FUN_7100109380,	nvnTextureGetStorageSize
71001806c7	FUN_7100109380,	nvnSamplerBuilderSetMaxAnisotropy
71001806e9	FUN_7100109380,	nvnSamplerBuilderGetLodBias
7100180705	FUN_7100109380,	nvnSamplerBuilderGetMaxAnisotropy
7100180727	FUN_7100109380,	nvnBlendStateSetAdvancedMode
7100180744	FUN_7100109380,	nvnCommandBufferDrawTransformFeedback
710018076a	FUN_7100109380,	nvnCommandBufferSetDepthRanges
7100180789	FUN_7100109380,	nvnCommandBufferSetDepthClamp
71001807a7	Renderer_DrawPauseMenu,gb_present_frame,Renderer_Init,	GBFrameBuffer
71001807b5	Renderer_Init,Renderer_Init,Renderer_Init,Renderer_Init,	projection
71001807c0	App_UpdateInput,App_UpdateInput,Renderer_DrawPauseMenu,	PreviewImage0
71001807ce	FUN_710009d960,	VideoInputReadThread
71001807eb	GameDef_Load,	GameLogo
71001807f4	71001b2a58,	GL_VERSION_3_3
7100180803	71001b2ab8,	GL_AMD_compressed_3DC_texture
7100180821	71001b2bc0,71001b78c8,	GL_AMD_vertex_shader_layer
710018083c	71001b2cc0,	GL_APPLE_texture_2D_limited_npot
710018085d	71001b2d88,71001b79b8,	GL_ARB_compressed_texture_pixel_storage
7100180885	71001b2de8,71001b7a18,	GL_ARB_derivative_control
710018089f	71001b2f28,71001b7b78,	GL_ARB_multitexture
71001808b3	71001b2f98,71001b7be8,	GL_ARB_robustness
71001808c5	71001b3128,71001b7d70,	GL_ARB_texture_env_add
71001808dc	71001b32e0,71001b7ee0,	GL_ATI_meminfo
71001808eb	71001b33d8,	GL_EXT_clip_cull_distance
7100180905	71001b34a8,	GL_EXT_float_blend
7100180918	71001b35b8,	GL_EXT_multiview_draw_buffers
7100180936	71001b35c0,71001b80b8,	GL_EXT_packed_depth_stencil
7100180952	71001b36a8,71001b8170,	GL_EXT_shader_image_load_store
7100180971	71001b36c0,	GL_EXT_shader_io_blocks
7100180989	71001b37f0,	GL_EXT_texture_norm16
710018099f	71001b3aa8,71001b8480,	GL_NV_conservative_raster_pre_snap_triangles
71001809cc	71001b3df0,71001b86e8,	GL_NV_transform_feedback
71001809e5	71001b3e58,71001b8750,	GL_NV_vertex_program4
71001809fb	71001b3e78,71001b8768,	GL_NV_viewport_swizzle
7100180a12	71001b3e98,71001b87d0,	GL_OML_subsample
7100180a23	71001b3f78,71001b8828,	GL_SGIS_fog_function
7100180a38	71001b3fc8,71001b8860,	GL_SGIS_texture_border_clamp
7100180a55	71001b4028,	GL_SGIX_blend_cadd
7100180a68	71001b40f8,71001b88f8,	GL_SGIX_framezoom
7100180a7a	FUN_71000a2860,	eglCopyBuffers
7100180a89	FUN_71000a2860,	eglGetPlatformDisplay
7100180a9f	FUN_71000a2860,	eglQuerySurfacePointerANGLE
7100180abb	FUN_71000a2860,	eglCreatePixmapSurfaceHI
7100180ad4	FUN_71000a2860,	eglFenceNV
7100180adf	FUN_71000b2c60,FUN_71000f0e30,	glMultiTexCoord1iv
7100180af2	FUN_71000b2c60,FUN_71000f0e30,	glMultiTexCoord2s
7100180b04	FUN_71000b2c60,FUN_71000f0e30,	glSampleCoverage
7100180b15	FUN_71000b2c60,FUN_71000f0e30,	glFogCoordPointer
7100180b27	FUN_71000b2c60,FUN_71000f0e30,	glGenBuffers
7100180b34	FUN_71000b2c60,FUN_71000f0e30,	glGetBufferParameteriv
7100180b4b	FUN_71000b2c60,FUN_71000f0e30,	glGetUniformiv
7100180b5a	FUN_71000b2c60,FUN_71000f0e30,	glStencilOpSeparate
7100180b6e	FUN_71000b2c60,FUN_71000f0e30,	glColorMaski
7100180b7b	FUN_71000b2c60,FUN_71000f0e30,	glGetTransformFeedbackVarying
7100180b99	FUN_71000b2c60,FUN_71000f0e30,	glVertexAttribI4i
7100180bab	FUN_71000b2c60,FUN_71000f0e30,	glSpecializeShader
7100180bbe	FUN_71000b2c60,FUN_71000f0e30,	glDebugMessageEnableAMD
7100180bd6	FUN_71000b2c60,FUN_71000f0e30,	glBlendFuncIndexedAMD
7100180bec	FUN_71000b2c60,FUN_71000f0e30,	glBeginPerfMonitorAMD
7100180c02	FUN_71000b2c60,FUN_71000f0e30,	glTessellationFactorAMD
7100180c1a	FUN_71000b2c60,	glDeleteSyncAPPLE
7100180c2c	FUN_71000b2c60,FUN_71000f0e30,	glClearBufferSubData
7100180c41	FUN_71000b2c60,FUN_71000f0e30,	glClipControl
7100180c4f	FUN_71000b2c60,FUN_71000f0e30,	glCreateBuffers
7100180c5f	FUN_71000b2c60,FUN_71000f0e30,	glGetTextureParameterIiv
7100180c78	FUN_71000cbb00,FUN_71000f0e30,	glDeleteRenderbuffers
7100180c8e	FUN_71000cbb00,FUN_71000f0e30,	glFramebufferRenderbuffer
7100180ca8	FUN_71000cbb00,FUN_71000f0e30,	glRenderbufferStorage
7100180cbe	FUN_71000b2c60,FUN_71000f0e30,	glUniform4dv
7100180ccb	FUN_71000b2c60,FUN_71000f0e30,	glGetUniformi64vARB
7100180cdf	FUN_71000b2c60,FUN_71000f0e30,	glUniform2i64ARB
7100180cf0	FUN_71000b2c60,FUN_71000f0e30,	glGetInternalformativ
7100180d06	FUN_71000b2c60,FUN_71000f0e30,	glGetnUniformuivARB
7100180d1a	FUN_71000b2c60,FUN_71000f0e30,	glGetSamplerParameterIuiv
7100180d34	FUN_71000b2c60,FUN_71000f0e30,	glValidateProgramPipeline
7100180d4e	FUN_71000b2c60,FUN_71000f0e30,	glGetShaderSourceARB
7100180d63	FUN_71000b2c60,FUN_71000f0e30,	glUniform4fARB
7100180d72	FUN_71000b2c60,FUN_71000f0e30,	glTexStorage3D
7100180d81	FUN_71000f0e30,FUN_71000cbf60,	glVertexAttrib3fARB
7100180d95	FUN_71000f0e30,FUN_71000cbf60,	glVertexAttrib4bvARB
7100180daa	FUN_71000b2c60,FUN_71000f0e30,	glSecondaryColorP3ui
7100180dbf	FUN_71000b2c60,FUN_71000f0e30,	glViewportArrayv
7100180dd0	FUN_71000b2c60,FUN_71000f0e30,	glDrawBuffersATI
7100180de1	FUN_71000b2c60,FUN_71000f0e30,	glVertexAttribArrayObjectATI
7100180dfe	FUN_71000b2c60,FUN_71000f0e30,	glBlendEquationEXT
7100180e11	FUN_71000b2c60,FUN_71000f0e30,	glCopyTexImage2DEXT
7100180e25	FUN_71000b2c60,FUN_71000f0e30,	glCompressedMultiTexImage3DEXT
7100180e44	FUN_71000b2c60,FUN_71000f0e30,	glGetNamedBufferParameterivEXT
7100180e63	FUN_71000b2c60,FUN_71000f0e30,	glMatrixLoaddEXT
7100180e74	FUN_71000b2c60,FUN_71000f0e30,	glMultiTexParameteriEXT
7100180e8c	FUN_71000b2c60,FUN_71000f0e30,	glMultiTexSubImage2DEXT
7100180ea4	FUN_71000b2c60,FUN_71000f0e30,	glNamedFramebufferTextureFaceEXT
7100180ec5	FUN_71000b2c60,FUN_71000f0e30,	glProgramUniform1ivEXT
7100180edc	FUN_71000b2c60,FUN_71000f0e30,	glProgramUniform2fvEXT
7100180ef3	FUN_71000b2c60,FUN_71000f0e30,	glProgramUniform4uivEXT
7100180f0b	FUN_71000b2c60,	glEnableiEXT
7100180f18	FUN_71000b2c60,FUN_71000f0e30,	glVertexAttribI4uiEXT
7100180f2e	FUN_71000b2c60,FUN_71000f0e30,	glSamplePatternEXT
7100180f41	FUN_71000b2c60,FUN_71000f0e30,	glSignalSemaphoreEXT
7100180f56	FUN_71000b2c60,FUN_71000f0e30,	glCreateShaderProgramEXT
7100180f6f	FUN_71000b2c60,FUN_71000f0e30,	glBeginTransformFeedbackEXT
7100180f8b	FUN_71000b2c60,FUN_71000f0e30,	glIndexPointerEXT
7100180f9d	FUN_71000b2c60,FUN_71000f0e30,	glVariantPointerEXT
7100180fb1	FUN_71000b2c60,FUN_71000f0e30,	glWriteMaskEXT
7100180fc0	FUN_71000b2c60,FUN_71000f0e30,	glWindowPos2svMESA
7100180fd3	FUN_71000b2c60,FUN_71000f0e30,	glWindowPos3ivMESA
7100180fe6	FUN_71000b2c60,FUN_71000f0e30,	glCompileCommandListNV
7100180ffd	FUN_71000b2c60,FUN_71000f0e30,	glCreateStatesNV
710018100e	FUN_71000b2c60,FUN_71000f0e30,	glCopyImageSubDataNV
7100181023	FUN_71000b2c60,FUN_71000f0e30,	glMulticastGetQueryObjectui64vNV
7100181044	FUN_71000b2c60,FUN_71000f0e30,	glUniform1i64vNV
7100181055	FUN_71000b2c60,FUN_71000f0e30,	glVertexAttrib2hNV
7100181068	FUN_71000b2c60,FUN_71000f0e30,	glMatrixLoad3x3fNV
710018107b	FUN_71000b2c60,FUN_71000f0e30,	glPathCommandsNV
710018108c	FUN_71000b2c60,FUN_71000f0e30,	glCombinerStageParameterfvNV
71001810a9	FUN_71000b2c60,FUN_71000f0e30,	glVertexArrayRangeNV
71001810be	FUN_71000b2c60,FUN_71000f0e30,	glVertexAttribLFormatNV
71001810d6	FUN_71000b2c60,FUN_71000f0e30,	glVertexAttrib2sNV
71001810e9	FUN_71000b2c60,FUN_71000f0e30,	glVertexAttrib3dNV
71001810fc	FUN_71000b2c60,FUN_71000f0e30,	glBindVideoCaptureStreamTextureNV
710018111e	FUN_71000b2c60,FUN_71000f0e30,	glVideoCaptureNV
710018112f	FUN_71000b2c60,FUN_71000f0e30,	glViewportSwizzleNV
7100181143	FUN_71000b2c60,	glMaterialxv
7100181150	FUN_71000b2c60,	glNormal3x
710018115b	FUN_71000b2c60,	glTexEnvx
7100181165	FUN_71000b2c60,	glGetMPEGParameterivSGIX
710018117e	FUN_71000b2c60,FUN_71000f0e30,	glColor4ubVertex2fvSUN
7100181195	FUN_71000b2c60,FUN_71000f0e30,	glTexCoord2fColor4fNormal3fVertex3fSUN
71001811bc	Font_Load,	rom:/assets/fonts/%s.bin
71001811d5		ERROR::SHADER: Failed to read shader files
7100181200	FUN_71000d7f00,	no header height
7100181211	FUN_71000d0680,FUN_71000d0680,	bad req_comp
710018121e	FUN_71000e4ef0,	too many codes
710018122d	FUN_71000e6ea0,FUN_71000d0680,FUN_71000d0680,	bad file
7100181236	FUN_71000d7230,	invalid decoded scanline length
7100181256	FUN_71000f0e30,	glClearColor
7100181263	FUN_71000f0e30,	glClearDepth
7100181270	FUN_71000f0e30,	glStencilOp
710018127c	FUN_71000f0e30,	glDepthRange
7100181289	FUN_71000f0e30,	glViewport
7100181294	FUN_71000f0e30,	glColor4s
710018129e	FUN_71000f0e30,	glNormal3bv
71001812aa	FUN_71000f0e30,	glRasterPos3i
71001812b8	FUN_71000f0e30,	glRasterPos4sv
71001812c7	FUN_71000f0e30,	glRects
71001812cf	FUN_71000f0e30,	glVertex2sv
71001812db	FUN_71000f0e30,	glLighti
71001812e4	FUN_71000f0e30,	glEvalMesh1
71001812f0	FUN_71000f0e30,	glMultMatrixd
71001812fe	FUN_71000f0e30,	glBinormal3ivEXT
710018130f	FUN_71000f0e30,	glBinormal3sEXT
710018131f	FUN_71000f0e30,	glGetProgramPipelineInfoLogEXT
710018133e	FUN_71000f0e30,	glGetPointervKHR
710018134f	FUN_71000f0e30,	glReadnPixelsKHR
7100181360	FUN_71000f0e30,	glTexCoord1bOES
7100181370	FUN_71000f0e30,	glTexCoord2bOES
7100181380	FUN_71000f0e30,	glTexCoord3bvOES
7100181391	FUN_71000f0e30,	glLoadMatrixxOES
71001813a2	FUN_71000f0e30,	glBlendColorxOES
71001813b3	FUN_71000f0e30,	glMultiTexCoord1xvOES
71001813c9	FUN_71000f0e30,	glTexCoord3xOES
71001813d9	FUN_7100109380,	nvnQueueBuilderSetQueuePriority
71001813f9	FUN_7100109380,	nvnWindowBuilderGetNumTextures
7100181418	FUN_7100109380,	nvnTextureBuilderSetLevels
7100181433	FUN_7100109380,	nvnTextureBuilderGetStorageAlignment
7100181458	FUN_7100109380,	nvnTextureBuilderGetGLTextureName
710018147a	FUN_7100109380,	nvnSamplerGetBorderColor
7100181493	FUN_7100109380,	nvnBlendStateSetBlendEquation
71001814b1	FUN_7100109380,	nvnChannelMaskStateSetChannelMask
71001814d3	FUN_7100109380,	nvnDepthStencilStateSetDepthTestEnable
71001814fa	FUN_7100109380,	nvnDepthStencilStateGetDepthWriteEnable
7100181522	FUN_7100109380,	nvnCommandBufferGetCommandMemorySize
7100181547	FUN_7100109380,	nvnCommandBufferCallCommands
7100181564	FUN_7100109380,	nvnCommandBufferBindVertexBuffers
7100181586	FUN_7100109380,	nvnCommandBufferBindUniformBuffers
71001815a9	FUN_7100109380,	nvnCommandBufferBeginTransformFeedback
71001815d0	FUN_7100109380,	nvnCommandBufferBindSeparateSamplers
71001815f5	FUN_7100109380,	nvnCommandBufferTiledDownsampleTextureView
7100181620	FUN_7100109380,	nvnCommandBufferSetCopyRowStride
7100181641	Renderer_DrawPauseMenu,Renderer_Init,	PauseMenu
710018164b	Artwork_LoadTextures,	rom:/assets/artwork/2_BonusArtwork_P07.png
7100181676	GameDef_Load,	Button_A
710018167f	71001b2af8,71001b7800,	GL_AMD_gpu_shader_half_float
710018169c	71001b2b88,71001b7890,	GL_AMD_shader_trinary_minmax
71001816b9	71001b2b90,71001b7898,	GL_AMD_sparse_texture
71001816cf	71001b2c60,	GL_APPLE_copy_texture_levels
71001816ec	71001b2c80,71001b7908,	GL_APPLE_flush_buffer_range
7100181708	71001b2dd0,71001b7a00,	GL_ARB_depth_buffer_float
7100181722	71001b2ee0,71001b7b30,	GL_ARB_internalformat_query
710018173e	71001b30d0,71001b7d18,	GL_ARB_tessellation_shader
7100181759	71001b3188,71001b7dd0,	GL_ARB_texture_query_levels
7100181775	71001b3418,	GL_EXT_conservative_depth
710018178f	71001b3480,	GL_EXT_draw_buffers_indexed
71001817ab	71001b3508,71001b8048,	GL_EXT_gpu_program_parameters
71001817c9	71001b3558,	GL_EXT_map_buffer_range
71001817e1	71001b3838,71001b8240,	GL_EXT_texture_shared_exponent
7100181800	71001b38a8,71001b82a0,	GL_EXT_vertex_weighting
7100181818	71001b3a78,71001b8448,	GL_NV_clip_space_w_scaling
7100181833	71001b3b38,71001b84e8,	GL_NV_float_buffer
7100181846	71001b3cf8,71001b8630,	GL_NV_shader_atomic_float
7100181860	71001b3d48,	GL_NV_shadow_samplers_cube
710018187b	71001b3dd8,71001b86d0,	GL_NV_texture_shader
7100181890	71001b3f38,	GL_REGAL_extension_query
71001818a9	71001b4158,	GL_SGIX_nonlinear_lighting_pervertex
71001818ce	71001b42b0,71001b89f8,	GL_SUNX_constant_data
71001818e4	FUN_71000a2860,	eglCreateContext
71001818f5	FUN_71000a2860,	eglCreatePbufferFromClientBuffer
7100181916	FUN_71000a2860,	eglWaitClient
7100181924	FUN_71000a2860,	eglLabelObjectKHR
7100181936	FUN_71000b2c60,FUN_71000f0e30,	glMultiTexCoord1s
7100181948	FUN_71000b2c60,FUN_71000f0e30,	glMultiTexCoord2fv
710018195b	FUN_71000b2c60,FUN_71000f0e30,	glMultiTexCoord3s
710018196d	FUN_71000b2c60,FUN_71000f0e30,	glMultiTexCoord4f
710018197f	FUN_71000b2c60,FUN_71000f0e30,	glSecondaryColor3uiv
7100181994	FUN_71000b2c60,FUN_71000f0e30,	glGetQueryiv
71001819a1	FUN_71000b2c60,FUN_71000f0e30,	glGetAttachedShaders
71001819b6	FUN_71000b2c60,FUN_71000f0e30,	glVertexAttrib1s
71001819c7	FUN_71000b2c60,FUN_71000f0e30,	glVertexAttrib4ubv
71001819da	FUN_71000b2c60,FUN_71000f0e30,	glBindFragDataLocation
71001819f1	FUN_71000b2c60,FUN_71000f0e30,	glGetTexParameterIuiv
7100181a07	FUN_71000b2c60,FUN_71000f0e30,	glPrimitiveRestartIndex
7100181a1f	FUN_71000b2c60,FUN_71000f0e30,	glTexBuffer
7100181a2b	FUN_71000b2c60,FUN_71000f0e30,	glFinishFenceAPPLE
7100181a3e	FUN_71000b2c60,	glWaitSyncAPPLE
7100181a4e	FUN_71000b2c60,FUN_71000f0e30,	glIsImageHandleResidentARB
7100181a69	FUN_71000b2c60,FUN_71000f0e30,	glNamedBufferStorage
7100181a7e	FUN_71000b2c60,FUN_71000f0e30,	glNamedRenderbufferStorageMultisample
7100181aa4	FUN_71000b2c60,FUN_71000f0e30,	glTextureSubImage1D
7100181ab8	FUN_71000cbb00,FUN_71000f0e30,	glBindRenderbuffer
7100181acb	FUN_71000b2c60,FUN_71000f0e30,	glSeparableFilter2D
7100181adf	FUN_71000b2c60,FUN_71000f0e30,	glGetnMapivARB
7100181aee	FUN_71000b2c60,FUN_71000f0e30,	glProgramUniform2iv
7100181b02	FUN_71000b2c60,FUN_71000f0e30,	glProgramUniform4f
7100181b15	FUN_71000b2c60,FUN_71000f0e30,	glCreateProgramObjectARB
7100181b2e	FUN_71000b2c60,FUN_71000f0e30,	glUniformMatrix2fvARB
7100181b44	FUN_71000b2c60,FUN_71000f0e30,	glTexBufferARB
7100181b53	FUN_71000b2c60,FUN_71000f0e30,	glVertexAttribL4d
7100181b65	FUN_71000f0e30,FUN_71000cbf60,	glVertexAttrib3sARB
7100181b79	FUN_71000b2c60,FUN_71000f0e30,	glTexCoordP3uiv
7100181b89	FUN_71000b2c60,FUN_71000f0e30,	glEndFragmentShaderATI
7100181ba0	FUN_71000b2c60,FUN_71000f0e30,	glPNTrianglesiATI
7100181bb2	FUN_71000b2c60,FUN_71000f0e30,	glStencilOpSeparateATI
7100181bc9	FUN_71000b2c60,FUN_71000f0e30,	glVertexStream4sATI
7100181bdd	FUN_71000b2c60,FUN_71000f0e30,	glCompressedTextureImage3DEXT
7100181bfb	FUN_71000b2c60,FUN_71000f0e30,	glGetMultiTexParameterfvEXT
7100181c17	FUN_71000b2c60,FUN_71000f0e30,	glMapNamedBufferEXT
7100181c2b	FUN_71000b2c60,FUN_71000f0e30,	glMatrixMultdEXT
7100181c3c	FUN_71000b2c60,FUN_71000f0e30,	glProgramUniformMatrix2x4fvEXT
7100181c5b	FUN_71000b2c60,FUN_71000f0e30,	glVertexArrayVertexAttribIOffsetEXT
7100181c7f	FUN_71000b2c60,	glDrawRangeElementsBaseVertexEXT
7100181ca0	FUN_71000b2c60,FUN_71000f0e30,	glDrawRangeElementsEXT
7100181cb7	FUN_71000b2c60,FUN_71000f0e30,	glRenderbufferStorageMultisampleEXT
7100181cdb	FUN_71000b2c60,FUN_71000f0e30,	glIsFramebufferEXT
7100181cee	FUN_71000b2c60,FUN_71000f0e30,	glVertexAttribI1ivEXT
7100181d04	FUN_71000b2c60,FUN_71000f0e30,	glVertexAttribI4svEXT
7100181d1a	FUN_71000b2c60,FUN_71000f0e30,	glVertexAttribI4uivEXT
7100181d31	FUN_71000b2c60,FUN_71000f0e30,	glVertexAttribI4usvEXT
7100181d48	FUN_71000b2c60,FUN_71000f0e30,	glTextureMaterialEXT
7100181d5d	FUN_71000b2c60,FUN_71000f0e30,	glSecondaryColor3dvEXT
7100181d74	FUN_71000b2c60,FUN_71000f0e30,	glTextureNormalEXT
7100181d87	FUN_71000b2c60,FUN_71000f0e30,	glVertexAttribL1dEXT
7100181d9c	FUN_71000b2c60,FUN_71000f0e30,	glVertexAttribLPointerEXT
7100181db6	FUN_71000b2c60,FUN_71000f0e30,	glCreatePerfQueryINTEL
7100181dcd	FUN_71000b2c60,FUN_71000f0e30,	glGetPerfQueryIdByNameINTEL
7100181de9	FUN_71000b2c60,FUN_71000f0e30,	glLGPUCopyImageSubDataNVX
7100181e03	FUN_71000b2c60,FUN_71000f0e30,	glProgramUniformHandleui64vNV
7100181e21	FUN_71000b2c60,FUN_71000f0e30,	glUniformHandleui64vNV
7100181e38	FUN_71000b2c60,FUN_71000f0e30,	glCommandListSegmentsNV
7100181e50	FUN_71000b2c60,FUN_71000f0e30,	glDeleteStatesNV
7100181e61	FUN_71000b2c60,FUN_71000f0e30,	glBeginConditionalRenderNV
7100181e7c	FUN_71000b2c60,FUN_71000f0e30,	glMulticastGetQueryObjectuivNV
7100181e9b	FUN_71000b2c60,FUN_71000f0e30,	glUniform2i64vNV
7100181eac	FUN_71000b2c60,FUN_71000f0e30,	glVertex4hNV
7100181eb9	FUN_71000b2c60,	glUniformMatrix4x2fvNV
7100181ed0	FUN_71000b2c60,FUN_71000f0e30,	glPathCoordsNV
7100181edf	FUN_71000b2c60,FUN_71000f0e30,	glPathGlyphRangeNV
7100181ef2	FUN_71000b2c60,FUN_71000f0e30,	glPathSubCoordsNV
7100181f04	FUN_71000b2c60,FUN_71000f0e30,	glIsBufferResidentNV
7100181f19	FUN_71000b2c60,FUN_71000f0e30,	glResumeTransformFeedbackNV
7100181f35	FUN_71000b2c60,FUN_71000f0e30,	glGetVertexAttribLi64vNV
7100181f4e	FUN_71000b2c60,FUN_71000f0e30,	glVertexAttribL4i64vNV
7100181f65	FUN_71000b2c60,FUN_71000f0e30,	glSecondaryColorFormatNV
7100181f7e	FUN_71000b2c60,FUN_71000f0e30,	glVertexAttrib2dNV
7100181f91	FUN_71000b2c60,FUN_71000f0e30,	glVertexAttribs4dvNV
7100181fa6	FUN_71000b2c60,FUN_71000f0e30,	glGetVideoCaptureStreamdvNV
7100181fc2	FUN_71000b2c60,	glExtGetProgramBinarySourceQCOM
7100181fe2	FUN_71000b2c60,	glSelectTextureSGIS
7100181ff6	FUN_71000b2c60,FUN_71000f0e30,	glFlushRasterSGIX
7100182008	FUN_71000b2c60,FUN_71000f0e30,	glFinishTextureSUNX
710018201c	FUN_71000d7f00,	no SOF
7100182023	FUN_71000d93c0,	bad DHT header
7100182032	FUN_71000dad60,	can't merge dc and ac
7100182048	FUN_71000dffe0,	tRNS before PLTE
7100182059	FUN_71000e7150,	max value > 255
7100182069		read past buffer
7100182084	71001b62f8,	XML_SUCCESS
7100182090	FUN_71000f0e30,	glReadPixels
710018209d	FUN_71000f0e30,	glColor3uiv
71001820a9	FUN_71000f0e30,	glColor4ubv
71001820b5	FUN_71000f0e30,	glIndexsv
71001820bf	FUN_71000f0e30,	glNormal3d
71001820ca	FUN_71000f0e30,	glRasterPos3d
71001820d8	FUN_71000f0e30,	glTexCoord3f
71001820e5	FUN_71000f0e30,	glTexCoord4s
71001820f2	FUN_71000f0e30,	glEvalCoord2d
7100182100	FUN_71000f0e30,	glPixelMapusv
710018210e	FUN_71000f0e30,	glBinormal3fvEXT
710018211f	FUN_71000f0e30,	glGetPointervEXT
7100182130	FUN_71000f0e30,	glDebugMessageControlKHR
7100182149	FUN_71000f0e30,	glVertex3bvOES
7100182158	FUN_71000f0e30,	glGetTexParameterxvOES
710018216f	FUN_71000f0e30,	glMaterialxOES
710018217e	FUN_71000f0e30,	glVertex2xOES
710018218c	FUN_71000f0e30,	glVertex4xOES
710018219a	71001b7ee8,	GL_ATI_pixel_format_float
71001821b4	71001b8488,	GL_NV_conservative_raster_underestimation
71001821de	FUN_7100109380,	nvnWindowBuilderGetDevice
71001821f8	FUN_7100109380,	nvnWindowGetNumActiveTextures
7100182216	FUN_7100109380,	nvnSamplerPoolGetSize
710018222c	FUN_7100109380,	nvnBufferBuilderSetStorage
7100182247	FUN_7100109380,	nvnTextureBuilderGetWidth
7100182261	FUN_7100109380,	nvnTextureViewGetLevels
7100182279	FUN_7100109380,	nvnTextureGetMemoryOffset
7100182293	FUN_7100109380,	nvnSamplerBuilderSetDevice
71001822ae	FUN_7100109380,	nvnVertexAttribStateSetStreamIndex
71001822d1	FUN_7100109380,	nvnCommandBufferBindVertexBuffer
71001822f2	FUN_7100109380,	nvnCommandBufferSetPatchSize
710018230f	FUN_7100109380,	nvnCommandBufferSetTexturePool
710018232e	FUN_7100109380,	nvnCommandBufferSetColorReductionEnable
710018235e	Renderer_Init,	rom:/assets/borderSmall.png
710018237a	Artwork_LoadTextures,	rom:/assets/artwork/2_BonusArtwork_P12.png
71001823a5	GameDef_Load,	rom:/gamedef.xml
71001823c0	71001b2a38,	GL_VERSION_2_1
71001823cf	71001b2b80,	GL_AMD_shader_stencil_value_export
71001823f2	71001b2e60,71001b7ab0,	GL_ARB_fragment_shader_interlock
7100182413	71001b2ea0,71001b7b00,	GL_ARB_gpu_shader5
7100182426	71001b2fd0,71001b7c18,	GL_ARB_seamless_cubemap_per_texture
710018244a	71001b3510,71001b8050,	GL_EXT_gpu_shader4
710018245d	71001b3618,71001b8110,	GL_EXT_provoking_vertex
7100182475	71001b3640,71001b8120,	GL_EXT_rescale_normal
710018248b	71001b36f8,71001b8188,	GL_EXT_shared_texture_palette
71001824a9	71001b3700,	GL_EXT_sparse_texture
71001824bf	71001b3808,	GL_EXT_texture_rectangle
71001824d8	71001b3a08,71001b8778,	GL_NVX_conditional_render
71001824f2	71001b3b08,71001b84c8,	GL_NV_evaluators
7100182503	71001b3b18,71001b84d0,	GL_NV_explicit_multisample
710018251e	71001b3bb0,71001b8540,	GL_NV_geometry_shader_passthrough
7100182540	71001b3bd0,71001b8568,	GL_NV_gpu_program5_mem_extended
7100182560	71001b3cb0,	GL_NV_read_depth_stencil
7100182579	71001b3e08,71001b8700,	GL_NV_vdpau_interop
710018258d	71001b3e88,71001b87c0,	GL_OML_interlace
710018259e	71001b3f20,	GL_REGAL_ES1_1_compatibility
71001825bb	71001b3f40,	GL_REGAL_log
71001825c8	71001b3f88,	GL_SGIS_line_texgen
71001825dc	71001b40a0,71001b88e0,	GL_SGIX_flush_raster
71001825f1	FUN_71000a2860,	eglCreatePlatformPixmapSurface
7100182610	FUN_71000a2860,	eglQueryOutputLayerAttribEXT
710018262d	FUN_71000a2860,	eglPostSubBufferNV
7100182640	FUN_71000a2860,	eglSetStreamMetadataNV
7100182657	FUN_71000b2c60,FUN_71000f0e30,	glCompressedTexSubImage2D
7100182671	FUN_71000b2c60,FUN_71000f0e30,	glMultiTexCoord1f
7100182683	FUN_71000b2c60,FUN_71000f0e30,	glMultiTexCoord4d
7100182695	FUN_71000b2c60,FUN_71000f0e30,	glMultiTexCoord4sv
71001826a8	FUN_71000b2c60,FUN_71000f0e30,	glFogCoordd
71001826b4	FUN_71000b2c60,FUN_71000f0e30,	glWindowPos3s
71001826c2	FUN_71000b2c60,FUN_71000f0e30,	glMapBuffer
71001826ce	FUN_71000b2c60,FUN_71000f0e30,	glUnmapBuffer
71001826dc	FUN_71000b2c60,FUN_71000f0e30,	glCreateProgram
71001826ec	FUN_71000b2c60,FUN_71000f0e30,	glValidateProgram
71001826fe	FUN_71000b2c60,FUN_71000f0e30,	glUniform2uiv
710018270c	FUN_71000b2c60,FUN_71000f0e30,	glBlendEquationSeparateIndexedAMD
710018272e	FUN_71000b2c60,FUN_71000f0e30,	glMultiDrawElementArrayAPPLE
710018274b	FUN_71000b2c60,FUN_71000f0e30,	glGetTexParameterPointervAPPLE
710018276a	FUN_71000b2c60,FUN_71000f0e30,	glMemoryBarrierByRegion
7100182782	FUN_71000b2c60,FUN_71000f0e30,	glMakeImageHandleResidentARB
710018279f	FUN_71000b2c60,FUN_71000f0e30,	glVertexAttribL1ui64vARB
71001827b8	FUN_71000b2c60,FUN_71000f0e30,	glBindTextureUnit
71001827ca	FUN_71000cbb00,FUN_71000f0e30,	glBlitFramebuffer
71001827dc	FUN_71000cbb00,FUN_71000f0e30,	glDeleteFramebuffers
71001827f1	FUN_71000cbb00,FUN_71000f0e30,	glGetRenderbufferParameteriv
710018280e	FUN_71000cbb00,FUN_71000f0e30,	glIsFramebuffer
710018281e	FUN_71000b2c60,FUN_71000f0e30,	glSpecializeShaderARB
7100182834	FUN_71000b2c60,FUN_71000f0e30,	glUniformMatrix2dv
7100182847	FUN_71000b2c60,FUN_71000f0e30,	glGetUniformui64vARB
710018285c	FUN_71000b2c60,FUN_71000f0e30,	glGetConvolutionParameteriv
7100182878	FUN_71000b2c60,FUN_71000f0e30,	glBindImageTextures
710018288c	FUN_71000b2c60,FUN_71000f0e30,	glMultiTexCoord4iARB
71001828a1	FUN_71000b2c60,FUN_71000f0e30,	glGetnUniformdvARB
71001828b4	FUN_71000b2c60,FUN_71000f0e30,	glProgramUniformMatrix2x4dv
71001828d0	FUN_71000b2c60,FUN_71000f0e30,	glUseProgramObjectARB
71001828e6	FUN_71000b2c60,FUN_71000b2c60,FUN_71000f0e30,	glGetSynciv
71001828f2	FUN_71000b2c60,FUN_71000f0e30,	glMultTransposeMatrixdARB
710018290c	FUN_71000b2c60,FUN_71000f0e30,	glBindBufferARB
710018291c	FUN_71000f0e30,FUN_71000cbf60,	glBindProgramARB
710018292d	FUN_71000f0e30,FUN_71000cbf60,	glVertexAttrib4ivARB
7100182942	FUN_71000b2c60,FUN_71000f0e30,	glColorP3uiv
710018294f	FUN_71000b2c60,FUN_71000f0e30,	glVertexP3ui
710018295c	FUN_71000b2c60,FUN_71000f0e30,	glIsObjectBufferATI
7100182970	FUN_71000b2c60,FUN_71000f0e30,	glNewObjectBufferATI
7100182985	FUN_71000b2c60,FUN_71000f0e30,	glVertexStream1sATI
7100182999	FUN_71000b2c60,	glClearTexImageEXT
71001829ac	FUN_71000b2c60,FUN_71000f0e30,	glDisableVertexArrayAttribEXT
71001829ca	FUN_71000b2c60,FUN_71000f0e30,	glEnableClientStateiEXT
71001829e2	FUN_71000b2c60,FUN_71000f0e30,	glGetNamedRenderbufferParameterivEXT
7100182a07	FUN_71000b2c60,FUN_71000f0e30,	glProgramUniform2fEXT
7100182a1d	FUN_71000b2c60,FUN_71000f0e30,	glProgramUniform4fEXT
7100182a33	FUN_71000b2c60,FUN_71000f0e30,	glTextureParameteriEXT
7100182a4a	FUN_71000b2c60,FUN_71000f0e30,	glColorMaskIndexedEXT
7100182a60	FUN_71000b2c60,FUN_71000f0e30,	glDrawElementsInstancedEXT
7100182a7b	FUN_71000b2c60,FUN_71000f0e30,	glGetMinmaxEXT
7100182a8a	FUN_71000b2c60,FUN_71000f0e30,	glGetUnsignedBytei_vEXT
7100182aa2	FUN_71000b2c60,FUN_71000f0e30,	glTexStorageMem2DEXT
7100182ab7	FUN_71000b2c60,FUN_71000f0e30,	glSecondaryColor3bEXT
7100182acd	FUN_71000b2c60,FUN_71000f0e30,	glSecondaryColor3iEXT
7100182ae3	FUN_71000b2c60,FUN_71000f0e30,	glVertexAttribL1dvEXT
7100182af9	FUN_71000b2c60,FUN_71000f0e30,	glBeginVertexShaderEXT
7100182b10	FUN_71000b2c60,FUN_71000f0e30,	glSwizzleEXT
7100182b1d	FUN_71000b2c60,FUN_71000f0e30,	glMakeImageHandleResidentNV
7100182b39	FUN_71000b2c60,FUN_71000f0e30,	glMakeTextureHandleNonResidentNV
7100182b5a	FUN_71000b2c60,FUN_71000f0e30,	glMultiTexCoord3hvNV
7100182b6f	FUN_71000b2c60,FUN_71000f0e30,	glTexCoord1hNV
7100182b7e	FUN_71000b2c60,FUN_71000f0e30,	glTransformPathNV
7100182b90	FUN_71000b2c60,FUN_71000f0e30,	glGetBufferParameterui64vNV
7100182bac	FUN_71000b2c60,FUN_71000f0e30,	glMakeNamedBufferNonResidentNV
7100182bcb	FUN_71000b2c60,FUN_71000f0e30,	glVDPAUMapSurfacesNV
7100182be0	FUN_71000b2c60,FUN_71000f0e30,	glVertexFormatNV
7100182bf1	FUN_71000b2c60,FUN_71000f0e30,	glExecuteProgramNV
7100182c04	FUN_71000b2c60,FUN_71000f0e30,	glVertexAttribs2dvNV
7100182c19	FUN_71000b2c60,	glScissorIndexedNV
7100182c2c	FUN_71000b2c60,	glViewportIndexedfvNV
7100182c42	FUN_71000b2c60,	glExtGetTexturesQCOM
7100182c57	FUN_71000b2c60,	glFogx
7100182c5e	FUN_71000b2c60,FUN_71000f0e30,	glFogFuncSGIS
7100182c6c	FUN_71000b2c60,FUN_71000f0e30,	glAsyncMarkerSGIX
7100182c7e	FUN_71000b2c60,	glDeleteMPEGPredictorsSGIX
7100182c99	FUN_71000b2c60,FUN_71000f0e30,	glGetColorTableParameterfvSGI
7100182cb7	FUN_71000b2c60,	glGetPixelTransformParameterfvSGI
7100182cd9	FUN_71000b2c60,FUN_71000f0e30,	glGlobalAlphaFactoriSUN
7100182cf1	FUN_71000b2c60,FUN_71000f0e30,	glReplacementCodeuiColor3fVertex3fvSUN
7100182d18	FUN_71000b2c60,FUN_71000f0e30,	glReplacementCodeuiTexCoord2fColor4fNormal3fVertex3fvSUN
7100182d51	FUN_71000b2c60,FUN_71000f0e30,	glTexCoord2fNormal3fVertex3fvSUN
7100182d72	TextRenderer_Init,TextRenderer_Init,	Compile failed:
%s

7100182d86	FUN_71000d7f00,	bad component count
7100182d9a	FUN_71000d7f00,	bad H
7100182da0	FUN_71000dffe0,	first not IHDR
7100182daf	FUN_71000e4550,	not BMP
7100182db7	FUN_71000e78f0,FUN_71000cdd50,	bad codelengths
7100182dc7	FUN_71000f0e30,	glGetError
7100182dd2	FUN_71000f0e30,	glColor3d
7100182ddc	FUN_71000f0e30,	glRectfv
7100182de5	FUN_71000f0e30,	glTexCoord1s
7100182df2	FUN_71000f0e30,	glMapGrid1f
7100182dfe	FUN_71000f0e30,	glEvalCoord2dv
7100182e0d	FUN_71000f0e30,	glCopyTexImage2D
7100182e1e	FUN_71000f0e30,	glBinormal3iEXT
7100182e2e	FUN_71000f0e30,	glPushDebugGroupKHR
7100182e42	FUN_71000f0e30,	glGetClipPlanexOES
7100182e55	FUN_71000f0e30,	glLightModelxvOES
7100182e67	FUN_71000f0e30,	glPointSizexOES
7100182e77	FUN_71000f0e30,	glGetLightxOES
7100182e86	FUN_71000f0e30,	glIndexxOES
7100182e92	FUN_71000f0e30,	glRasterPos2xvOES
7100182ea4	FUN_71000f0e30,	glTexCoord1xOES
7100182eb4	FUN_71000f0e30,	glClearDepthfOES
7100182ec5	FUN_7100109380,	nvnQueueBuilderGetComputeMemorySize
7100182ee9	FUN_7100109380,	nvnWindowBuilderSetNumActiveTextures
7100182f0e	FUN_7100109380,	nvnWindowSetNumActiveTextures
7100182f2c	FUN_7100109380,	nvnTexturePoolGetMemoryPool
7100182f48	FUN_7100109380,	nvnTexturePoolGetSize
7100182f5e	FUN_7100109380,	nvnBufferFinalize
7100182f70	FUN_7100109380,	nvnTextureBuilderSetWidth
7100182f8a	FUN_7100109380,	nvnTextureBuilderGetFlags
7100182fa4	FUN_7100109380,	nvnTextureBuilderGetFormat
7100182fbf	FUN_7100109380,	nvnTextureViewSetLayers
7100182fd7	FUN_7100109380,	nvnTextureViewSetFormat
7100182fef	FUN_7100109380,	nvnTextureWriteTexelsStrided
710018300c	FUN_7100109380,	nvnTextureGetMemoryPool
7100183024	FUN_7100109380,	nvnMultisampleStateSetAlphaToCoverageEnable
7100183050	FUN_7100109380,	nvnDepthStencilStateSetDepthWriteEnable
7100183078	FUN_7100109380,	nvnVertexStreamStateSetDivisor
7100183097	FUN_7100109380,	nvnCommandBufferDrawArraysInstanced
71001830bb	FUN_7100109380,	nvnEventFinalize
71001830cc	GbSystem_LoadSlotPreviews,	Slot 2
71001830d3	MenuAudio_Init,	MainAudioOut
71001830e0	GameDef_Load,GameDef_Load,GameDef_Load,GameDef_Load,GameDef_Load,GameDef_Load,GameDef_Load,GameDef_Load,GameDef_Load,GameDef_Load,GameDef_Load,GameDef_Load,GameDef_Load,GameDef_Load,GameDef_Load,GameDef_Load,GameDef_Load,GameDef_Load,	assetName
71001830ea	GameDef_Load,	Button_B
71001830f3	71001b2b28,71001b7830,	GL_AMD_occlusion_query_event
7100183110	71001b2be8,	GL_ANGLE_framebuffer_blit
710018312a	71001b2c00,	GL_ANGLE_pack_reverse_row_order
710018314a	71001b2c28,	GL_ANGLE_texture_usage
7100183161	71001b2cc8,	GL_APPLE_texture_format_BGRA8888
7100183182	71001b2eb8,71001b7b08,	GL_ARB_half_float_pixel
710018319a	71001b2fb0,71001b7bf8,	GL_ARB_sample_locations
71001831b2	71001b2ff8,71001b7c40,	GL_ARB_shader_bit_encoding
71001831cd	71001b30c0,71001b7d08,	GL_ARB_stencil_texturing
71001831e6	71001b30f8,71001b7d40,	GL_ARB_texture_buffer_range
7100183202	71001b3268,71001b7eb0,	GL_ARB_window_pos
7100183214	71001b3710,71001b8198,	GL_EXT_stencil_clear_tag
710018322d	71001b3730,71001b81b8,	GL_EXT_texture
710018323c	71001b37c8,71001b8210,	GL_EXT_texture_filter_minmax
7100183259	71001b38b0,71001b82a8,	GL_EXT_win32_keyed_mutex
7100183272	71001b3988,71001b8388,	GL_KHR_debug
710018327f	71001b3a20,	GL_NV_3dvision_settings
7100183297	71001b3fa0,71001b8840,	GL_SGIS_pixel_texture
71001832ad	71001b4060,71001b88c8,	GL_SGIX_convolution_accuracy
71001832ca	71001b40e0,	GL_SGIX_fragment_lighting_space
71001832ea	71001b42e8,71001b89f0,	GL_SUN_vertex
71001832f8	FUN_71000a2860,	eglWaitGL
7100183302	FUN_71000a2860,	eglQueryDisplayAttribEXT
710018331b	FUN_71000a2860,	eglQueryNativePixmapNV
7100183332	FUN_71000b2c60,FUN_71000f0e30,	glMultiTexCoord1d
7100183344	FUN_71000b2c60,FUN_71000f0e30,	glMultiTexCoord4dv
7100183357	FUN_71000b2c60,FUN_71000f0e30,	glMultiDrawElements
710018336b	FUN_71000b2c60,FUN_71000f0e30,	glBeginQuery
7100183378	FUN_71000b2c60,FUN_71000f0e30,	glBufferData
7100183385	FUN_71000b2c60,FUN_71000f0e30,	glVertexAttribI1i
7100183397	FUN_71000b2c60,FUN_71000f0e30,	glVertexAttribI3uiv
71001833ab	FUN_71000b2c60,FUN_71000f0e30,	glDeletePerfMonitorsAMD
71001833c3	FUN_71000b2c60,FUN_71000f0e30,	glGenPerfMonitorsAMD
71001833d8	FUN_71000b2c60,	glBeginQueryANGLE
71001833ea	FUN_71000b2c60,	glDeleteQueriesANGLE
71001833ff	FUN_71000b2c60,FUN_71000f0e30,	glGetImageHandleARB
7100183413	FUN_71000b2c60,FUN_71000f0e30,	glIsTextureHandleResidentARB
7100183430	FUN_71000b2c60,FUN_71000f0e30,	glNamedFramebufferDrawBuffer
710018344d	FUN_71000b2c60,FUN_71000f0e30,	glNamedFramebufferParameteri
710018346a	FUN_71000cbb00,FUN_71000f0e30,	glGenRenderbuffers
710018347d	FUN_71000b2c60,FUN_71000f0e30,	glUniform1i64ARB
710018348e	FUN_71000b2c60,FUN_71000f0e30,	glUniform3ui64vARB
71001834a1	FUN_71000b2c60,FUN_71000f0e30,	glGetHistogramParameterfv
71001834bb	FUN_71000b2c60,FUN_71000f0e30,	glCurrentPaletteMatrixARB
71001834d5	FUN_71000b2c60,FUN_71000f0e30,	glMatrixIndexuivARB
71001834e9	FUN_71000b2c60,FUN_71000f0e30,	glDeleteSamplers
71001834fa	FUN_71000b2c60,FUN_71000f0e30,	glProgramUniform1d
710018350d	FUN_71000b2c60,FUN_71000f0e30,	glCompileShaderARB
7100183520	FUN_71000b2c60,FUN_71000f0e30,	glGetHandleARB
710018352f	FUN_71000b2c60,FUN_71000f0e30,	glUniform2iARB
710018353e	FUN_71000b2c60,FUN_71000f0e30,	glGetUniformSubroutineuiv
7100183558	FUN_71000b2c60,FUN_71000f0e30,	glVertexAttribL3d
710018356a	FUN_71000b2c60,FUN_71000f0e30,	glVertexArrayVertexAttribIFormatEXT
710018358e	FUN_71000b2c60,FUN_71000f0e30,	glWeightubvARB
710018359d	FUN_71000f0e30,FUN_71000cbf60,	glProgramLocalParameter4dARB
71001835ba	FUN_71000b2c60,FUN_71000f0e30,	glNormalP3ui
71001835c7	FUN_71000b2c60,FUN_71000f0e30,	glVertexP2ui
71001835d4	FUN_71000b2c60,FUN_71000f0e30,	glColorFragmentOp3ATI
71001835ea	FUN_71000b2c60,FUN_71000f0e30,	glNormalStream3fvATI
71001835ff	FUN_71000b2c60,FUN_71000f0e30,	glVertexStream1fATI
7100183613	FUN_71000b2c60,FUN_71000f0e30,	glGetUniformOffsetEXT
7100183629	FUN_71000b2c60,FUN_71000f0e30,	glLockArraysEXT
7100183639	FUN_71000b2c60,FUN_71000f0e30,	glUnlockArraysEXT
710018364b	FUN_71000b2c60,FUN_71000f0e30,	glGetObjectLabelEXT
710018365f	FUN_71000b2c60,FUN_71000f0e30,	glCompressedMultiTexImage1DEXT
710018367e	FUN_71000b2c60,FUN_71000f0e30,	glMatrixScaledEXT
7100183690	FUN_71000b2c60,	glFragmentLightModelivEXT
71001836aa	FUN_71000b2c60,FUN_71000f0e30,	glBindFramebufferEXT
71001836bf	FUN_71000b2c60,FUN_71000f0e30,	glBindFragDataLocationEXT
71001836d9	FUN_71000b2c60,FUN_71000f0e30,	glHistogramEXT
71001836e8	FUN_71000b2c60,FUN_71000f0e30,	glProvokingVertexEXT
71001836fd	FUN_71000b2c60,FUN_71000f0e30,	glSemaphoreParameterui64vEXT
710018371a	FUN_71000b2c60,FUN_71000f0e30,	glImportSemaphoreFdEXT
7100183731	FUN_71000b2c60,FUN_71000f0e30,	glImportSemaphoreWin32NameEXT
710018374f	FUN_71000b2c60,FUN_71000f0e30,	glGetQueryObjecti64vEXT
7100183767	FUN_71000b2c60,FUN_71000f0e30,	glVertexAttribL2dEXT
710018377c	FUN_71000b2c60,FUN_71000f0e30,	glVertexAttribL4dvEXT
7100183792	FUN_71000b2c60,FUN_71000f0e30,	glVertexWeightPointerEXT
71001837ab	FUN_71000b2c60,FUN_71000f0e30,	glVertexPointervINTEL
71001837c1	FUN_71000b2c60,FUN_71000f0e30,	glGetImageHandleNV
71001837d4	FUN_71000b2c60,FUN_71000f0e30,	glIsStateNV
71001837e0	FUN_71000b2c60,	glBlitFramebufferNV
71001837f4	FUN_71000b2c60,FUN_71000f0e30,	glGetOcclusionQueryuivNV
710018380d	FUN_71000b2c60,FUN_71000f0e30,	glGetPathColorGenivNV
7100183823	FUN_71000b2c60,FUN_71000f0e30,	glGetPathMetricRangeNV
710018383a	FUN_71000b2c60,FUN_71000f0e30,	glGetPathParameterfvNV
7100183851	FUN_71000b2c60,FUN_71000f0e30,	glFlushPixelDataRangeNV
7100183869	FUN_71000b2c60,FUN_71000f0e30,	glCombinerParameteriNV
7100183880	FUN_71000b2c60,FUN_71000f0e30,	glTransformFeedbackVaryingsNV
710018389e	FUN_71000b2c60,FUN_71000f0e30,	glVertexAttribL2i64vNV
71001838b5	FUN_71000b2c60,FUN_71000f0e30,	glVertexAttribL3i64NV
71001838cb	FUN_71000b2c60,FUN_71000f0e30,	glGetIntegerui64i_vNV
71001838e1	FUN_71000b2c60,FUN_71000f0e30,	glGetProgramParameterfvNV
71001838fb	FUN_71000b2c60,FUN_71000f0e30,	glSharpenTexFuncSGIS
7100183910	FUN_71000b2c60,FUN_71000f0e30,	glSpriteParameterfSGIX
7100183927	FUN_71000b2c60,FUN_71000f0e30,	glGlobalAlphaFactorubSUN
7100183940	FUN_71000b2c60,FUN_71000f0e30,	glColor3fVertex3fvSUN
7100183956	FUN_71000b2c60,FUN_71000f0e30,	glColor4fNormal3fVertex3fvSUN
7100183974	FUN_71000b2c60,FUN_71000f0e30,	glTexCoord2fNormal3fVertex3fSUN
7100183994	FUN_71000dffe0,	outofdata
710018399e	FUN_71000e4550,	unknown BMP
71001839aa	FUN_71000e4ef0,	no clear code
71001839b8	FUN_71000cdd50,	bad zlib header
71001839c8	FUN_71000ed2b0,	Error=%s ErrorID=%d (0x%x) Line number=%d
71001839f2	FUN_71000f0e30,	glFrontFace
71001839fe	FUN_71000f0e30,	glTexImage2D
7100183a0b	FUN_71000f0e30,	glClearStencil
7100183a1a	FUN_71000f0e30,	glLogicOp
7100183a24	FUN_71000f0e30,	glColor4fv
7100183a2f	FUN_71000f0e30,	glRasterPos2iv
7100183a3e	FUN_71000f0e30,	glRasterPos3f
7100183a4c	FUN_71000f0e30,	glRasterPos3iv
7100183a5b	FUN_71000f0e30,	glTexCoord2d
7100183a68	FUN_71000f0e30,	glVertex3dv
7100183a74	FUN_71000f0e30,	glPolygonStipple
7100183a85	FUN_71000f0e30,	glIndexMask
7100183a91	FUN_71000f0e30,	glEdgeFlagPointer
7100183aa3	FUN_71000f0e30,	glTexCoordPointer
7100183ab5	FUN_71000f0e30,	glGetDebugMessageLogKHR
7100183acd	FUN_71000f0e30,	glTexCoord4bvOES
7100183ade	FUN_71000f0e30,	glPixelTexGenParameteriSGIS
7100183afa	FUN_7100109380,	nvnDeviceGetTexelFetchHandle
7100183b17	FUN_7100109380,	nvnDeviceGetImageHandle
7100183b2f	FUN_7100109380,	nvnQueueGetTotalComputeMemoryUsed
7100183b51	FUN_7100109380,	nvnQueueBuilderSetCommandMemorySize
7100183b75	FUN_7100109380,	nvnQueueBuilderSetCommandFlushThreshold
7100183b9d	FUN_7100109380,	nvnSamplerPoolGetMemoryOffset
7100183bbb	FUN_7100109380,	nvnBufferBuilderGetDevice
7100183bd5	FUN_7100109380,	nvnBufferSetDebugLabel
7100183bec	FUN_7100109380,	nvnTextureBuilderGetZCullStorageSize
7100183c11	FUN_7100109380,	nvnSamplerBuilderSetBorderColorui
7100183c33	FUN_7100109380,	nvnSamplerGetLodClamp
7100183c49	FUN_7100109380,	nvnSamplerGetBorderColorui
7100183c64	FUN_7100109380,	nvnCommandBufferAddCommandMemory
7100183c85	FUN_7100109380,	nvnCommandBufferSetTiledCacheTileSize
7100183cab	FUN_7100109380,	nvnCommandBufferSetPolygonOffsetClamp
7100183cd1	Renderer_DrawMainMenu,Renderer_DrawMenuBackground,Renderer_Init,	emulation
7100183cdb	Renderer_DrawExtrasMenu,	CREDITS
7100183ce3	Artwork_LoadTextures,	artwork14
7100183ced	GameDef_Load,	PauseMenuImage
7100183cfc	FUN_71000a2860,	EGL_EXT_image_dma_buf_import_modifiers
7100183d23	71001b2a90,	GL_VERSION_4_6
7100183d32	71001b2c08,	GL_ANGLE_program_binary
7100183d4a	71001b2d80,71001b79b0,	GL_ARB_compatibility
7100183d5f	71001b30b0,71001b7cf0,	GL_ARB_sparse_texture_clamp
7100183d7b	71001b30f0,71001b7d38,	GL_ARB_texture_buffer_object_rgb32
7100183d9e	71001b3118,71001b7d60,	GL_ARB_texture_cube_map
7100183db6	71001b3298,	GL_ATIX_point_sprites
7100183dcc	71001b3338,71001b7f30,	GL_ATI_vertex_streams
7100183de2	71001b3348,	GL_EGL_NV_robustness_video_memory_purge
7100183e0a	71001b3390,71001b7f58,	GL_EXT_blend_color
7100183e1d	71001b33c8,	GL_EXT_buffer_storage
7100183e33	71001b3430,	GL_EXT_copy_image
7100183e45	71001b3470,	GL_EXT_draw_buffers
7100183e59	71001b35a8,	GL_EXT_multisampled_render_to_texture
7100183e7f	71001b3720,71001b81a8,	GL_EXT_stencil_wrap
7100183e93	71001b38f8,71001b82f0,	GL_IBM_cull_vertex
7100183ea6	71001b3b68,71001b8508,	GL_NV_fragment_program_option
7100183ec4	71001b3c08,71001b8588,	GL_NV_light_max_exponent
7100183edd	71001b3ff8,71001b88a0,	GL_SGIX_async_histogram
7100183ef5	71001b4140,71001b8920,	GL_SGIX_list_priority
7100183f0b	FUN_71000a2860,	eglGetError
7100183f17	FUN_71000a2860,	eglGetPlatformDisplayEXT
7100183f30	FUN_71000a2860,	eglUnlockSurfaceKHR
7100183f44	FUN_71000a2860,	eglQueryStreamAttribKHR
7100183f5c	FUN_71000b2c60,FUN_71000f0e30,	glCompressedTexSubImage3D
7100183f76	FUN_71000b2c60,FUN_71000f0e30,	glMultiTexCoord2d
7100183f88	FUN_71000b2c60,FUN_71000f0e30,	glMultiTexCoord2f
7100183f9a	FUN_71000b2c60,FUN_71000f0e30,	glMultiDrawArrays
7100183fac	FUN_71000b2c60,FUN_71000f0e30,	glPointParameteriv
7100183fbf	FUN_71000b2c60,FUN_71000f0e30,	glSecondaryColor3dv
7100183fd3	FUN_71000b2c60,FUN_71000f0e30,	glSecondaryColor3i
7100183fe6	FUN_71000b2c60,FUN_71000f0e30,	glUniform4iv
7100183ff3	FUN_71000b2c60,FUN_71000f0e30,	glVertexAttrib4dv
7100184005	FUN_71000b2c60,FUN_71000f0e30,	glClearBufferfv
7100184015	FUN_71000b2c60,FUN_71000f0e30,	glEndTransformFeedback
710018402c	FUN_71000b2c60,FUN_71000f0e30,	glVertexAttribI2ui
710018403f	FUN_71000b2c60,FUN_71000f0e30,	glGetnCompressedTexImage
7100184058	FUN_71000b2c60,FUN_71000f0e30,	glDebugMessageCallbackAMD
7100184072	FUN_71000b2c60,FUN_71000f0e30,	glGenNamesAMD
7100184080	FUN_71000b2c60,FUN_71000f0e30,	glGetPerfMonitorCounterInfoAMD
710018409f	FUN_71000b2c60,	glEndQueryANGLE
71001840af	FUN_71000b2c60,	glGetTranslatedShaderSourceANGLE
71001840d0	FUN_71000b2c60,FUN_71000f0e30,	glMultiDrawRangeElementArrayAPPLE
71001840f2	FUN_71000b2c60,FUN_71000f0e30,	glFlushMappedBufferRangeAPPLE
7100184110	FUN_71000b2c60,FUN_71000f0e30,	glProgramUniformHandleui64ARB
710018412e	FUN_71000b2c60,FUN_71000f0e30,	glDebugMessageControlARB
7100184147	FUN_71000b2c60,FUN_71000f0e30,	glGetNamedFramebufferParameteriv
7100184168	FUN_71000b2c60,FUN_71000f0e30,	glNamedFramebufferDrawBuffers
7100184186	FUN_71000b2c60,FUN_71000f0e30,	glVertexArrayVertexBuffer
71001841a0	FUN_71000b2c60,FUN_71000f0e30,	glNamedFramebufferParameteriEXT
71001841c0	FUN_71000b2c60,FUN_71000f0e30,	glProgramBinary
71001841d0	FUN_71000b2c60,FUN_71000f0e30,	glGetCompressedTextureSubImage
71001841ef	FUN_71000b2c60,FUN_71000f0e30,	glCopyColorSubTable
7100184203	FUN_71000b2c60,FUN_71000f0e30,	glCopyConvolutionFilter2D
710018421d	FUN_71000b2c60,FUN_71000f0e30,	glDrawArraysInstancedARB
7100184236	FUN_71000b2c60,FUN_71000f0e30,	glSampleCoverageARB
710018424a	FUN_71000b2c60,FUN_71000f0e30,	glMultiTexCoord2fARB
710018425f	FUN_71000b2c60,FUN_71000f0e30,	glMultiTexCoord2ivARB
7100184275	FUN_71000b2c60,FUN_71000f0e30,	glGetProgramResourceName
710018428e	FUN_71000b2c60,FUN_71000f0e30,	glProgramUniformMatrix3x2fv
71001842aa	FUN_71000b2c60,FUN_71000f0e30,	glGetInfoLogARB
71001842ba	FUN_71000b2c60,FUN_71000f0e30,	glShaderSourceARB
71001842cc	FUN_71000b2c60,FUN_71000f0e30,	glTexPageCommitmentARB
71001842e3	FUN_71000b2c60,FUN_71000f0e30,	glTexStorage2DMultisample
71001842fd	FUN_71000b2c60,FUN_71000b2c60,FUN_71000f0e30,	glDeleteVertexArrays
7100184312	FUN_71000b2c60,FUN_71000f0e30,	glMapBufferARB
7100184321	FUN_71000f0e30,FUN_71000cbf60,	glProgramStringARB
7100184334	FUN_71000f0e30,FUN_71000cbf60,	glVertexAttrib4ubvARB
710018434a	FUN_71000b2c60,FUN_71000f0e30,	glDepthRangeArrayv
710018435d	FUN_71000b2c60,FUN_71000f0e30,	glArrayObjectATI
710018436e	FUN_71000b2c60,FUN_71000f0e30,	glGetVertexAttribArrayObjectivATI
7100184390	FUN_71000b2c60,FUN_71000f0e30,	glClientActiveVertexStreamATI
71001843ae	FUN_71000b2c60,	glDrawElementsInstancedBaseVertexBaseInstanceEXT
71001843df	FUN_71000b2c60,FUN_71000f0e30,	glUniformBufferEXT
71001843f2	FUN_71000b2c60,FUN_71000f0e30,	glCheckNamedFramebufferStatusEXT
7100184413	FUN_71000b2c60,FUN_71000f0e30,	glCopyMultiTexSubImage3DEXT
710018442f	FUN_71000b2c60,FUN_71000f0e30,	glGetCompressedMultiTexImageEXT
710018444f	FUN_71000b2c60,FUN_71000f0e30,	glMultiTexEnvfEXT
7100184461	FUN_71000b2c60,FUN_71000f0e30,	glProgramUniform1fvEXT
7100184478	FUN_71000b2c60,FUN_71000f0e30,	glProgramUniformMatrix3x4fvEXT
7100184497	FUN_71000b2c60,FUN_71000f0e30,	glVertexArrayVertexAttribDivisorEXT
71001844bb	FUN_71000b2c60,FUN_71000f0e30,	glEnableIndexedEXT
71001844ce	FUN_71000b2c60,FUN_71000f0e30,	glUniform3uiEXT
71001844de	FUN_71000b2c60,FUN_71000f0e30,	glSecondaryColor3uiEXT
71001844f5	FUN_71000b2c60,FUN_71000f0e30,	glVertexPointerEXT
7100184508	FUN_71000b2c60,FUN_71000f0e30,	glVertexAttribL2dvEXT
710018451e	FUN_71000b2c60,FUN_71000f0e30,	glDisableVariantClientStateEXT
710018453d	FUN_71000b2c60,FUN_71000f0e30,	glVariantubvEXT
710018454d	FUN_71000b2c60,FUN_71000f0e30,	glGetnUniformuiv
710018455e	FUN_71000b2c60,FUN_71000f0e30,	glWindowPos3fvMESA
7100184571	FUN_71000b2c60,FUN_71000f0e30,	glMultiDrawElementsIndirectBindlessNV
7100184597	FUN_71000b2c60,FUN_71000f0e30,	glConservativeRasterParameterfNV
71001845b8	FUN_71000b2c60,FUN_71000f0e30,	glGetMapAttribParameterivNV
71001845d4	FUN_71000b2c60,FUN_71000f0e30,	glMapControlPointsNV
71001845e9	FUN_71000b2c60,FUN_71000f0e30,	glGetMultisamplefvNV
71001845fe	FUN_71000b2c60,FUN_71000f0e30,	glMulticastGetQueryObjectivNV
710018461c	FUN_71000b2c60,FUN_71000f0e30,	glProgramEnvParametersI4ivNV
7100184639	FUN_71000b2c60,FUN_71000f0e30,	glProgramLocalParameterI4iNV
7100184656	FUN_71000b2c60,FUN_71000f0e30,	glMultiTexCoord4hvNV
710018466b	FUN_71000b2c60,FUN_71000f0e30,	glVertexAttrib1hvNV
710018467f	FUN_71000b2c60,	glUniformMatrix4x3fvNV
7100184696	FUN_71000b2c60,FUN_71000f0e30,	glGetPathParameterivNV
71001846ad	FUN_71000b2c60,FUN_71000f0e30,	glPathStencilDepthOffsetNV
71001846c8	FUN_71000b2c60,FUN_71000f0e30,	glPathSubCommandsNV
71001846dc	FUN_71000b2c60,FUN_71000f0e30,	glGetVideouivNV
71001846ec	FUN_71000b2c60,FUN_71000f0e30,	glCombinerInputNV
71001846fe	FUN_71000b2c60,FUN_71000f0e30,	glCombinerOutputNV
7100184711	FUN_71000b2c60,FUN_71000f0e30,	glActiveVaryingNV
7100184723	FUN_71000b2c60,FUN_71000f0e30,	glVertexAttribL1ui64vNV
710018473b	FUN_71000b2c60,FUN_71000f0e30,	glGetVertexAttribPointervNV
7100184757	FUN_71000b2c60,FUN_71000f0e30,	glProgramParameter4fNV
710018476e	FUN_71000b2c60,FUN_71000f0e30,	glVertexAttrib2dvNV
7100184782	FUN_71000b2c60,	glScissorArrayvNV
7100184794	FUN_71000b2c60,	glExtTexObjectStateOverrideiQCOM
71001847b5	FUN_71000b2c60,	glTexEnvxv
71001847c0	FUN_71000b2c60,	glGetFixedv
71001847cc	FUN_71000b2c60,FUN_71000f0e30,	glFragmentMaterialivSGIX
71001847e5	FUN_71000b2c60,	glGetPixelTransformParameterivSGI
7100184807	FUN_71000b2c60,FUN_71000f0e30,	glColor4fNormal3fVertex3fSUN
7100184824	FUN_71000b2c60,FUN_71000f0e30,	glReplacementCodeuiNormal3fVertex3fvSUN
710018484c	FUN_71000b2c60,FUN_71000f0e30,	glReplacementCodeuiTexCoord2fVertex3fSUN
7100184875	FUN_71000d7f00,	no SOI
710018487c	FUN_71000d93c0,	bad COM len
7100184888	FUN_71000d7f00,	0 width
7100184890	FUN_71000dffe0,	bad ctype
710018489a	FUN_71000cdd50,	output buffer limit
71001848ae	Shader_CheckCompileErrors,	PROGRAM
71001848b9	FUN_71000f0e30,	glFlush
71001848c1	FUN_71000f0e30,	glColor3usv
71001848cd	FUN_71000f0e30,	glEdgeFlag
71001848d8	FUN_71000f0e30,	glRasterPos2sv
71001848e7	FUN_71000f0e30,	glColorMaterial
71001848f7	FUN_71000f0e30,	glFogf
71001848fe	FUN_71000f0e30,	glFogfv
7100184906	FUN_71000f0e30,	glMaterialf
7100184912	FUN_71000f0e30,	glPixelTransferf
7100184923	FUN_71000f0e30,	glRotated
710018492d	FUN_71000f0e30,	glTranslated
710018493a	FUN_71000f0e30,	glTangent3ivEXT
710018494a	FUN_71000f0e30,	glTangent3sEXT
7100184959	FUN_71000f0e30,	glBinormal3bvEXT
710018496a	FUN_71000f0e30,	glMultiTexCoord4bOES
710018497f	FUN_71000f0e30,	glVertex4bOES
710018498d	FUN_71000f0e30,	glTexParameterxvOES
71001849a1	FUN_71000f0e30,	glDepthRangefOES
71001849b2	FUN_71000f0e30,	glInstrumentsBufferSGIX
71001849ca	71001b87b0,	GL_OES_read_format
71001849dd	FUN_71001056b0,	nv12-y-stride
71001849eb	FUN_7100109380,	nvnDeviceBuilderSetDefaults
7100184a07	FUN_7100109380,	nvnDeviceFinalize
7100184a19	FUN_7100109380,	nvnDeviceGetInteger
7100184a2d	FUN_7100109380,	nvnDeviceInstallDebugCallback
7100184a4b	FUN_7100109380,	nvnQueueBuilderSetComputeMemorySize
7100184a6f	FUN_7100109380,	nvnQueueBuilderSetQueueMemory
7100184a8d	FUN_7100109380,	nvnQueueBuilderGetQueuePriority
7100184aad	FUN_7100109380,	nvnMemoryPoolBuilderSetFlags
7100184aca	FUN_7100109380,	nvnMemoryPoolBuilderGetSize
7100184ae6	FUN_7100109380,	nvnMemoryPoolInitialize
7100184afe	FUN_7100109380,	nvnTexturePoolRegisterImage
7100184b1a	FUN_7100109380,	nvnTextureWriteTexels
7100184b30	FUN_7100109380,	nvnSamplerBuilderSetDefaults
7100184b4d	FUN_7100109380,	nvnSamplerBuilderGetCompare
7100184b69	FUN_7100109380,	nvnSamplerFinalize
7100184b7c	FUN_7100109380,	nvnPolygonStateSetFrontFace
7100184b98	FUN_7100109380,	nvnPolygonStateGetPolygonMode
7100184bb6	FUN_7100109380,	nvnCommandBufferSetScissors
7100184bd2	FUN_7100109380,	nvnCommandBufferSetPointSize
7100184bef	FUN_7100109380,	nvnCommandBufferReportCounter
7100184c0d	FUN_7100109380,	nvnEventSignal
7100184c21	FUN_710009a210,	EXIT TO MAIN MENU
7100184c33	Renderer_DrawPauseMenu,	PreviewImage
7100184c40	Artwork_LoadTextures,	rom:/assets/artwork/2_BonusArtwork_P06.png
7100184c6b	Artwork_Select,Artwork_Draw,	artwork%d
7100184c75	GameDef_Load,	description
7100184c81	71001b2ca0,71001b7918,	GL_APPLE_rgb_422
7100184c92	71001b3018,71001b7c60,	GL_ARB_shader_image_load_store
7100184cb1	71001b3028,71001b7c70,	GL_ARB_shader_objects
7100184cc7	71001b3100,71001b7d48,	GL_ARB_texture_compression
7100184ce2	71001b3110,71001b7d58,	GL_ARB_texture_compression_rgtc
7100184d02	71001b3138,71001b7d80,	GL_ARB_texture_env_crossbar
7100184d1e	71001b3260,71001b7ea8,	GL_ARB_viewport_array
7100184d34	71001b3308,	GL_ATI_texture_compression_3dc
7100184d53	71001b3328,71001b7f20,	GL_ATI_vertex_array_object
7100184d6e	71001b33f0,	GL_EXT_color_buffer_float
7100184d88	71001b3540,71001b8078,	GL_EXT_index_texture
7100184d9d	71001b35e0,71001b80d8,	GL_EXT_pixel_buffer_object
7100184db8	71001b3630,	GL_EXT_read_format_bgra
7100184dd0	71001b3708,71001b8190,	GL_EXT_sparse_texture2
7100184de7	71001b3768,	GL_EXT_texture_compression_dxt1
7100184e07	71001b3830,71001b8258,	GL_EXT_texture_sRGB_decode
7100184e22	71001b3878,	GL_EXT_unpack_subimage
7100184e39	71001b3970,71001b8370,	GL_KHR_blend_equation_advanced
7100184e58	71001b3a90,71001b8460,	GL_NV_conditional_render
7100184e71	71001b3ae0,	GL_NV_depth_range_unclamped
7100184e8d	71001b3b70,71001b8520,	GL_NV_fragment_shader_interlock
7100184ead	71001b3b90,71001b8530,	GL_NV_framebuffer_multisample_coverage
7100184ed4	71001b3d90,	GL_NV_texture_compression_s3tc
7100184ef3	71001b3fb8,71001b8858,	GL_SGIS_sharpen_texture
7100184f0b	71001b4058,	GL_SGIX_complex_polar
7100184f21	71001b4148,	GL_SGIX_mpeg1
7100184f2f	71001b4150,	GL_SGIX_mpeg2
7100184f3d	71001b4168,	GL_SGIX_occlusion_instrument
7100184f5a	FUN_71000a2860,	eglSwapInterval
7100184f6a	FUN_71000a2860,	eglOutputPortAttribEXT
7100184f81	FUN_71000a2860,	eglStreamConsumerAcquireKHR
7100184f9d	FUN_71000a2860,	eglGetStreamFileDescriptorKHR
7100184fbb	FUN_71000b2c60,FUN_71000f0e30,	glMultiTexCoord2i
7100184fcd	FUN_71000b2c60,FUN_71000f0e30,	glMultiTexCoord2iv
7100184fe0	FUN_71000b2c60,FUN_71000f0e30,	glUniform1f
7100184fec	FUN_71000b2c60,FUN_71000f0e30,	glUniformMatrix2x3fv
7100185001	FUN_71000b2c60,FUN_71000f0e30,	glUniformMatrix3x2fv
7100185016	FUN_71000b2c60,FUN_71000f0e30,	glGetUniformuiv
7100185026	FUN_71000b2c60,FUN_71000f0e30,	glVertexAttribI3ui
7100185039	FUN_71000b2c60,FUN_71000f0e30,	glSetMultisamplefvAMD
710018504f	FUN_71000b2c60,FUN_71000f0e30,	glMapVertexAttrib2fAPPLE
7100185068	FUN_71000b2c60,FUN_71000f0e30,	glGetVertexAttribLui64vARB
7100185083	FUN_71000b2c60,FUN_71000f0e30,	glMakeTextureHandleResidentARB
71001850a2	FUN_71000b2c60,FUN_71000f0e30,	glCreateTextures
71001850b3	FUN_71000b2c60,FUN_71000f0e30,	glDisableVertexArrayAttrib
71001850ce	FUN_71000b2c60,FUN_71000f0e30,	glGetVertexArrayIndexediv
71001850e8	FUN_71000b2c60,FUN_71000f0e30,	glInvalidateNamedFramebufferData
7100185109	FUN_71000b2c60,FUN_71000f0e30,	glNamedRenderbufferStorage
7100185124	FUN_71000b2c60,FUN_71000f0e30,	glBlendEquationiARB
7100185138	FUN_71000cbb00,FUN_71000f0e30,	glIsRenderbuffer
7100185149	FUN_71000b2c60,FUN_71000f0e30,	glGetUniformdv
7100185158	FUN_71000b2c60,FUN_71000f0e30,	glUniform4d
7100185164	FUN_71000b2c60,FUN_71000f0e30,	glUniform1ui64vARB
7100185177	FUN_71000b2c60,FUN_71000f0e30,	glUniform3ui64ARB
7100185189	FUN_71000b2c60,FUN_71000f0e30,	glResetHistogram
710018519a	FUN_71000b2c60,FUN_71000f0e30,	glBindSamplers
71001851a9	FUN_71000b2c60,FUN_71000f0e30,	glClientActiveTextureARB
71001851c2	FUN_71000b2c60,FUN_71000f0e30,	glGetnCompressedTexImageARB
71001851de	FUN_71000b2c60,FUN_71000f0e30,	glSamplerParameteri
71001851f2	FUN_71000b2c60,FUN_71000f0e30,	glProgramUniformMatrix3fv
710018520c	FUN_71000b2c60,FUN_71000f0e30,	glCompressedTexImage3DARB
7100185226	FUN_71000cbde0,FUN_71000f0e30,	glGetUniformIndices
710018523a	FUN_71000b2c60,FUN_71000f0e30,	glVertexAttribIFormat
7100185250	FUN_71000b2c60,FUN_71000f0e30,	glVertexBindingDivisor
7100185267	FUN_71000f0e30,FUN_71000cbf60,	glGenProgramsARB
7100185278	FUN_71000b2c60,FUN_71000f0e30,	glWindowPos2dvARB
710018528a	FUN_71000b2c60,FUN_71000f0e30,	glWindowPos3svARB
710018529c	FUN_71000b2c60,FUN_71000f0e30,	glSampleMapATI
71001852ab	FUN_71000b2c60,FUN_71000f0e30,	glVertexStream3fvATI
71001852c0	FUN_71000b2c60,FUN_71000f0e30,	glCopyTextureSubImage2DEXT
71001852db	FUN_71000b2c60,FUN_71000f0e30,	glGetTextureParameterIivEXT
71001852f7	FUN_71000b2c60,FUN_71000f0e30,	glGetTextureParameterfvEXT
7100185312	FUN_71000b2c60,FUN_71000f0e30,	glMultiTexImage2DEXT
7100185327	FUN_71000b2c60,FUN_71000f0e30,	glProgramUniformMatrix3x2fvEXT
7100185346	FUN_71000b2c60,FUN_71000f0e30,	glFogCoorddvEXT
7100185356	FUN_71000b2c60,FUN_71000f0e30,	glFogCoordfEXT
7100185365	FUN_71000b2c60,FUN_71000f0e30,	glGenerateMipmapEXT
7100185379	FUN_71000b2c60,FUN_71000f0e30,	glUniform2uivEXT
710018538a	FUN_71000b2c60,FUN_71000f0e30,	glGetHistogramEXT
710018539c	FUN_71000b2c60,	glFlushMappedBufferRangeEXT
71001853b8	FUN_71000b2c60,FUN_71000f0e30,	glTextureStorageMem3DMultisampleEXT
71001853dc	FUN_71000b2c60,FUN_71000f0e30,	glSecondaryColor3usEXT
71001853f3	FUN_71000b2c60,FUN_71000f0e30,	glTexBufferEXT
7100185402	FUN_71000b2c60,FUN_71000f0e30,	glTexParameterIivEXT
7100185417	FUN_71000b2c60,FUN_71000f0e30,	glBindTexGenParameterEXT
7100185430	FUN_71000b2c60,FUN_71000f0e30,	glGetObjectLabel
7100185441	FUN_71000b2c60,FUN_71000f0e30,	glGetObjectPtrLabel
7100185455	FUN_71000b2c60,FUN_71000f0e30,	glWindowPos2fMESA
7100185467	FUN_71000b2c60,FUN_71000f0e30,	glWindowPos3sMESA
7100185479	FUN_71000b2c60,FUN_71000f0e30,	glProgramEnvParameterI4uiNV
7100185495	FUN_71000b2c60,FUN_71000f0e30,	glProgramUniform2ui64vNV
71001854ae	FUN_71000b2c60,FUN_71000f0e30,	glVertexAttribs2hvNV
71001854c3	FUN_71000b2c60,FUN_71000f0e30,	glGenPathsNV
71001854d0	FUN_71000b2c60,FUN_71000f0e30,	glIsPointInFillPathNV
71001854e6	FUN_71000b2c60,FUN_71000f0e30,	glMatrixLoad3x2fNV
71001854f9	FUN_71000b2c60,FUN_71000f0e30,	glPathGlyphsNV
7100185508	FUN_71000b2c60,FUN_71000f0e30,	glPathStencilFuncNV
710018551c	FUN_71000b2c60,FUN_71000f0e30,	glGetVideoivNV
710018552b	FUN_71000b2c60,FUN_71000f0e30,	glCombinerParameterivNV
7100185543	FUN_71000b2c60,FUN_71000f0e30,	glFramebufferSampleLocationsfvNV
7100185564	FUN_71000b2c60,	glCompressedTexImage3DNV
710018557d	FUN_71000b2c60,	glTexImage3DNV
710018558c	FUN_71000b2c60,FUN_71000f0e30,	glTextureImage3DMultisampleCoverageNV
71001855b2	FUN_71000b2c60,FUN_71000f0e30,	glVertexAttribL4ui64NV
71001855c9	FUN_71000b2c60,FUN_71000f0e30,	glFogCoordFormatNV
71001855dc	FUN_71000b2c60,FUN_71000f0e30,	glGetProgramStringNV
71001855f1	FUN_71000b2c60,FUN_71000f0e30,	glVertexAttrib3dvNV
7100185605	FUN_71000b2c60,FUN_71000f0e30,	glVertexAttrib4sNV
7100185618	FUN_71000b2c60,FUN_71000f0e30,	glVertexAttribs4fvNV
710018562d	FUN_71000b2c60,FUN_71000f0e30,	glFragmentLightivSGIX
7100185643	FUN_71000b2c60,FUN_71000f0e30,	glNormal3fVertex3fvSUN
710018565a	FUN_71000b2c60,FUN_71000f0e30,	glReplacementCodeuiVertex3fvSUN
710018567a	Font_Load,	rom:/assets/fonts/%s.tga
7100185693	FUN_71000dad60,	bad SOS
710018569b	FUN_71000e6300,	not GIF
71001856a3	Shader_CheckCompileErrors,Shader_CheckCompileErrors,	
 -- --------------------------------------------------- -- 
71001856e3	FUN_71000f0e30,	glGetTexParameterfv
71001856f7	FUN_71000f0e30,	glNewList
7100185701	FUN_71000f0e30,	glColor3iv
710018570c	FUN_71000f0e30,	glColor3s
7100185716	FUN_71000f0e30,	glColor3us
7100185721	FUN_71000f0e30,	glNormal3fv
710018572d	FUN_71000f0e30,	glVertex2fv
7100185739	FUN_71000f0e30,	glVertex4s
7100185744	FUN_71000f0e30,	glLoadName
710018574f	FUN_71000f0e30,	glEvalCoord1d
710018575d	FUN_71000f0e30,	glGetTexGenfv
710018576b	FUN_71000f0e30,	glPushMatrix
7100185778	FUN_71000f0e30,	glAreTexturesResident
710018578e	FUN_71000f0e30,	glNamedBufferPageCommitmentARB
71001857ad	FUN_71000f0e30,	glTexCoord3bOES
71001857bd	FUN_71000f0e30,	glTexCoord4bOES
71001857cd	FUN_71000f0e30,	glTexEnvxOES
71001857da	FUN_71000f0e30,	glGetPixelMapxv
71001857ea	FUN_71000f0e30,	glMultTransposeMatrixxOES
7100185804	FUN_71000f0e30,	glPixelTransferxOES
7100185818	FUN_71000f0e30,	glTexGenxOES
7100185825	71001b83e8,	GL_MESA_tile_raster_order
710018583f	71001b88f0,	GL_SGIX_fragment_lighting
7100185859	FUN_7100109380,	nvnDeviceGetCurrentTimestampInNanoseconds
7100185883	FUN_7100109380,	nvnMemoryPoolMapVirtual
710018589b	FUN_7100109380,	nvnTextureBuilderSetHeight
71001858b6	FUN_7100109380,	nvnTextureBuilderSetSize3D
71001858d1	FUN_7100109380,	nvnTextureBuilderGetLevels
71001858ec	FUN_7100109380,	nvnTextureBuilderGetSamples
7100185908	FUN_7100109380,	nvnTextureGetFormat
710018591c	FUN_7100109380,	nvnSamplerGetWrapMode
7100185932	FUN_7100109380,	nvnPolygonStateSetCullFace
710018594d	FUN_7100109380,	nvnVertexStreamStateGetStride
710018596b	FUN_7100109380,	nvnCommandBufferInitialize
7100185986	FUN_7100109380,	nvnCommandBufferGetControlMemoryFree
71001859ab	FUN_7100109380,	nvnCommandBufferBindTransformFeedbackBuffers
71001859d8	FUN_7100109380,	nvnCommandBufferSetRenderEnable
71001859f8	FUN_7100109380,	nvnCommandBufferInsertDebugMarkerStatic
7100185a20	FUN_7100109380,	nvnCommandBufferIsRecording
7100185a3c	FUN_7100109380,	nvnSyncWait
7100185a4d	Renderer_Init,gba_present_frame,	GBAFrameBuffer
7100185a5c	Renderer_Init,	rom:/assets/shaders/particles.fs
7100185a7d	GameDef_Load,	titles
7100185a84	GameDef_Load,	scrolling
7100185a8e	GameDef_Load,	SidePauseMenu
7100185a9c	71001b2a68,	GL_VERSION_4_1
7100185aab	71001b2c18,	GL_ANGLE_texture_compression_dxt3
7100185acd	71001b2c40,71001b78e0,	GL_APPLE_aux_depth_stencil
7100185ae8	71001b2c48,71001b78e8,	GL_APPLE_client_storage
7100185b00	71001b2de0,71001b7a10,	GL_ARB_depth_texture
7100185b15	71001b2e90,71001b7ae0,	GL_ARB_get_texture_sub_image
7100185b32	71001b3080,71001b7cc8,	GL_ARB_shading_language_packing
7100185b52	71001b3170,71001b7db8,	GL_ARB_texture_mirrored_repeat
7100185b71	71001b3330,71001b7f28,	GL_ATI_vertex_attrib_array_object
7100185b93	71001b3608,71001b8100,	GL_EXT_polygon_offset_clamp
7100185baf	71001b37d8,71001b8218,	GL_EXT_texture_integer
7100185bc6	71001b37e8,71001b8228,	GL_EXT_texture_mirror_clamp
7100185be2	71001b3860,	GL_EXT_texture_view
7100185bf6	71001b38e8,71001b82e0,	GL_HP_occlusion_test
7100185c0b	71001b39c0,71001b83c0,	GL_KHR_texture_compression_astc_sliced_3d
7100185c35	71001b3b20,	GL_NV_fbo_color_attachments
7100185c51	71001b3b60,71001b8518,	GL_NV_fragment_program4
7100185c69	71001b3b98,	GL_NV_generate_mipmap_sRGB
7100185c84	71001b3d58,71001b8680,	GL_NV_tessellation_program5
7100185ca0	71001b3e10,71001b8708,	GL_NV_vertex_array_range
7100185cb9	71001b3e68,	GL_NV_viewport_array
7100185cce	71001b3eb8,71001b87e8,	GL_PGI_misc_hints
7100185ce0	71001b3f98,	GL_SGIS_multitexture
7100185cf5	71001b3fa8,71001b8848,	GL_SGIS_point_line_texgen
7100185d0f	71001b4130,71001b8918,	GL_SGIX_ir_instrument1
7100185d26	FUN_71000a2860,	eglWaitNative
7100185d34	FUN_71000a2860,	eglReleaseTexImage
7100185d47	FUN_71000a2860,	eglDestroyImage
7100185d57	FUN_71000a2860,	eglCreatePlatformPixmapSurfaceEXT
7100185d79	FUN_71000a2860,	eglGetSyncAttribKHR
7100185d8d	FUN_71000a2860,	eglQueryStreamKHR
7100185d9f	FUN_71000a2860,	eglQueryStreamu64KHR
7100185db4	FUN_71000a2860,	eglCreateStreamProducerSurfaceKHR
7100185dd6	FUN_71000b2c60,FUN_71000f0e30,	glMultiTexCoord4iv
7100185de9	FUN_71000b2c60,FUN_71000f0e30,	glBlendColor
7100185df6	FUN_71000b2c60,FUN_71000f0e30,	glWindowPos2sv
7100185e05	FUN_71000b2c60,FUN_71000f0e30,	glWindowPos3d
7100185e13	FUN_71000b2c60,FUN_71000f0e30,	glWindowPos3fv
7100185e22	FUN_71000b2c60,FUN_71000f0e30,	glDisableVertexAttribArray
7100185e3d	FUN_71000b2c60,FUN_71000f0e30,	glGetShaderSource
7100185e4f	FUN_71000b2c60,FUN_71000f0e30,	glGetUniformfv
7100185e5e	FUN_71000b2c60,FUN_71000f0e30,	glIsProgram
7100185e6a	FUN_71000b2c60,FUN_71000f0e30,	glVertexAttrib4Niv
7100185e7d	FUN_71000b2c60,FUN_71000f0e30,	glUniformMatrix2x4fv
7100185e92	FUN_71000b2c60,FUN_71000f0e30,	glMultiDrawElementsIndirectAMD
7100185eb1	FUN_71000b2c60,	glDrawArraysInstancedANGLE
7100185ecc	FUN_71000b2c60,	glGetQueryObjectui64vANGLE
7100185ee7	FUN_71000b2c60,FUN_71000f0e30,	glObjectPurgeableAPPLE
7100185efe	FUN_71000b2c60,FUN_71000f0e30,	glBindVertexArrayAPPLE
7100185f15	FUN_71000b2c60,FUN_71000f0e30,	glDispatchCompute
7100185f27	FUN_71000b2c60,FUN_71000f0e30,	glDebugMessageInsertARB
7100185f3f	FUN_71000b2c60,FUN_71000f0e30,	glCreateTransformFeedbacks
7100185f5a	FUN_71000b2c60,FUN_71000f0e30,	glGenerateTextureMipmap
7100185f72	FUN_71000b2c60,FUN_71000f0e30,	glDrawBuffersARB
7100185f83	FUN_71000cbb00,FUN_71000f0e30,	glBindFramebuffer
7100185f95	FUN_71000b2c60,FUN_71000f0e30,	glUniform1ui64ARB
7100185fa7	FUN_71000b2c60,FUN_71000f0e30,	glColorTableParameterfv
7100185fbf	FUN_71000b2c60,FUN_71000f0e30,	glConvolutionParameteri
7100185fd7	FUN_71000b2c60,FUN_71000f0e30,	glInvalidateTexImage
7100185fec	FUN_71000b2c60,FUN_71000f0e30,	glBindTextures
7100185ffb	FUN_71000b2c60,FUN_71000f0e30,	glGetnPixelMapusvARB
7100186010	FUN_71000b2c60,FUN_71000f0e30,	glReadnPixelsARB
7100186021	FUN_71000b2c60,FUN_71000f0e30,	glProgramUniform4uiv
7100186036	FUN_71000b2c60,FUN_71000f0e30,	glUniform1ivARB
7100186046	FUN_71000b2c60,FUN_71000f0e30,	glUniform3fvARB
7100186056	FUN_71000b2c60,FUN_71000f0e30,	glGetVertexAttribLdv
710018606b	FUN_71000b2c60,FUN_71000f0e30,	glVertexArrayVertexAttribLFormatEXT
710018608f	FUN_71000b2c60,FUN_71000f0e30,	glColorP4ui
710018609b	FUN_71000b2c60,FUN_71000f0e30,	glColorP4uiv
71001860a8	FUN_71000b2c60,FUN_71000f0e30,	glAlphaFragmentOp2ATI
71001860be	FUN_71000b2c60,FUN_71000f0e30,	glStencilFuncSeparateATI
71001860d7	FUN_71000b2c60,FUN_71000f0e30,	glNormalStream3dATI
71001860eb	FUN_71000b2c60,FUN_71000f0e30,	glNormalStream3sATI
71001860ff	FUN_71000b2c60,FUN_71000f0e30,	glGetMultiTexParameterIuivEXT
710018611d	FUN_71000b2c60,FUN_71000f0e30,	glProgramUniform1iEXT
7100186133	FUN_71000b2c60,FUN_71000f0e30,	glProgramUniform2iEXT
7100186149	FUN_71000b2c60,FUN_71000f0e30,	glTextureSubImage3DEXT
7100186160	FUN_71000b2c60,FUN_71000f0e30,	glVertexArrayFogCoordOffsetEXT
710018617f	FUN_71000b2c60,	glColorMaskiEXT
710018618f	FUN_71000b2c60,	glGetFragmentMaterialfvEXT
71001861aa	FUN_71000b2c60,FUN_71000f0e30,	glRenderbufferStorageEXT
71001861c3	FUN_71000b2c60,FUN_71000f0e30,	glFramebufferTextureFaceEXT
71001861df	FUN_71000b2c60,FUN_71000f0e30,	glVertexAttribI1uivEXT
71001861f6	FUN_71000b2c60,FUN_71000f0e30,	glResetHistogramEXT
710018620a	FUN_71000b2c60,FUN_71000f0e30,	glTexStorageMem1DEXT
710018621f	FUN_71000b2c60,	glFramebufferTexture2DMultisampleEXT
7100186244	FUN_71000b2c60,	glTexPageCommitmentEXT
710018625b	FUN_71000b2c60,	glTexStorage1DEXT
710018626d	FUN_71000b2c60,FUN_71000f0e30,	glNormalPointerListIBM
7100186284	FUN_71000b2c60,FUN_71000f0e30,	glMapTexture2DINTEL
7100186298	FUN_71000b2c60,FUN_71000f0e30,	glColorPointervINTEL
71001862ad	FUN_71000b2c60,FUN_71000f0e30,	glTexCoordPointervINTEL
71001862c5	FUN_71000b2c60,FUN_71000f0e30,	glPopDebugGroup
71001862d5	FUN_71000b2c60,FUN_71000f0e30,	glBeginConditionalRenderNVX
71001862f1	FUN_71000b2c60,FUN_71000f0e30,	glProgramUniform2i64vNV
7100186309	FUN_71000b2c60,FUN_71000f0e30,	glUniform1i64NV
7100186319	FUN_71000b2c60,FUN_71000f0e30,	glUniform4i64NV
7100186329	FUN_71000b2c60,FUN_71000f0e30,	glTexCoord3hNV
7100186338	FUN_71000b2c60,FUN_71000f0e30,	glIsOcclusionQueryNV
710018634d	FUN_71000b2c60,FUN_71000f0e30,	glProgramUniformui64vNV
7100186365	FUN_71000b2c60,FUN_71000f0e30,	glTextureImage3DMultisampleNV
7100186383	FUN_71000b2c60,FUN_71000f0e30,	glGetActiveVaryingNV
7100186398	FUN_71000b2c60,FUN_71000f0e30,	glVertexAttribL4i64NV
71001863ae	FUN_71000b2c60,FUN_71000f0e30,	glVertexAttrib2fvNV
71001863c2	FUN_71000b2c60,FUN_71000f0e30,	glVertexAttrib4dNV
71001863d5	FUN_71000b2c60,	glLightModelx
71001863e3	FUN_71000b2c60,FUN_71000f0e30,	glGetColorTableSGI
71001863f6	FUN_71000d0680,	not PSD
71001863fe	FUN_71000d0680,	unsupported bit depth
7100186414	71001b6330,	XML_ERROR_PARSING_ATTRIBUTE
7100186430	71001b6338,	XML_ERROR_PARSING_TEXT
7100186447	FUN_71000f0e30,	glColor3bv
7100186452	FUN_71000f0e30,	glRectf
710018645a	FUN_71000f0e30,	glVertex3fv
7100186466	FUN_71000f0e30,	glVertex3i
7100186471	FUN_71000f0e30,	glVertex4d
710018647c	FUN_71000f0e30,	glShadeModel
7100186489	FUN_71000f0e30,	glEvalCoord2fv
7100186498	FUN_71000f0e30,	glGetLightfv
71001864a5	FUN_71000f0e30,	glRotatef
71001864af	FUN_71000f0e30,	glProgramUniform2dvEXT
71001864c6	FUN_71000f0e30,	glDebugMessageInsertKHR
71001864de	FUN_71000f0e30,	glGetLightxvOES
71001864ee	FUN_71000f0e30,	glColor3xvOES
71001864fc	FUN_71000f0e30,	glTexCoord3xvOES
710018650d	FUN_71000f0e30,	glPixelTexGenParameterfvSGIS
710018652a	71001b8338,	GL_INTEL_blackhole_render
7100186544	FUN_7100105320,	MovieVideoOutputHandlerThread
7100186562	FUN_7100109380,	nvnQueueResetMemoryUsageCounts
7100186581	FUN_7100109380,	nvnMemoryPoolBuilderSetDevice
710018659f	FUN_7100109380,	nvnMemoryPoolBuilderSetDefaults
71001865bf	FUN_7100109380,	nvnBufferInitialize
71001865d3	FUN_7100109380,	nvnTextureBuilderSetDevice
71001865ee	FUN_7100109380,	nvnTextureGetWidth
7100186601	FUN_7100109380,	nvnTextureGetDebugID
7100186616	FUN_7100109380,	nvnSamplerBuilderSetLodClamp
7100186633	FUN_7100109380,	nvnColorStateSetAlphaTest
710018664d	FUN_7100109380,	nvnChannelMaskStateGetChannelMask
710018666f	FUN_7100109380,	nvnMultisampleStateGetSamples
710018668d	FUN_7100109380,	nvnMultisampleStateGetCoverageToColorOutput
71001866b9	FUN_7100109380,	nvnCommandBufferClearColorui
71001866d6	FUN_7100109380,	nvnCommandBufferSetTiledCacheAction
71001866fa	FUN_7100109380,	nvnCommandBufferSetSampleMask
7100186718	FUN_7100109380,	nvnCommandBufferWaitSync
7100186731	FUN_7100109380,	nvnCommandBufferGetMemoryCallback
7100186757	FUN_710009a210,	FILTER : Native
7100186767	71001b2ad8,71001b77e0,	GL_AMD_depth_clamp_separate
7100186783	71001b2b08,71001b7810,	GL_AMD_gpu_shader_int64
710018679b	71001b2c88,	GL_APPLE_framebuffer_multisample
71001867bc	71001b2da8,71001b79d8,	GL_ARB_conservative_depth
71001867d6	71001b2fa0,	GL_ARB_robustness_application_isolation
71001867fe	71001b2fd8,71001b7c20,	GL_ARB_separate_shader_objects
710018681d	71001b3108,71001b7d50,	GL_ARB_texture_compression_bptc
710018683d	71001b3228,71001b7e70,	GL_ARB_vertex_attrib_binding
710018685a	71001b3400,71001b7f98,	GL_EXT_color_subtable
7100186870	71001b3448,71001b7fc8,	GL_EXT_debug_label
7100186883	71001b3478,71001b7fe8,	GL_EXT_draw_buffers2
7100186898	71001b3650,	GL_EXT_sRGB_write_control
71001868b2	71001b36e0,	GL_EXT_shader_texture_lod
71001868cc	71001b36e8,71001b8180,	GL_EXT_shadow_funcs
71001868e0	71001b38c8,71001b82c0,	GL_GREMEDY_frame_terminator
71001868fc	71001b3958,71001b8360,	GL_INTEL_parallel_arrays
7100186915	71001b39a0,71001b83a0,	GL_KHR_robust_buffer_access_behavior
710018693a	71001b39f0,71001b83f0,	GL_MESA_window_pos
710018694d	71001b3d18,71001b8650,	GL_NV_shader_buffer_load
7100186966	71001b3db8,71001b86b8,	GL_NV_texture_multisample
7100186980	71001b3fd8,71001b8878,	GL_SGIS_texture_filter4
7100186998	71001b40a8,	GL_SGIX_fog_blend
71001869aa	71001b4160,	GL_SGIX_nurbs_eval
71001869bd	71001b41a0,	GL_SGIX_quad_mesh
71001869cf	71001b41a8,71001b8940,	GL_SGIX_reference_plane
71001869e7	71001b4280,71001b8808,	GL_SGI_color_matrix
71001869fb	FUN_71000a2860,	eglQueryDevicesEXT
7100186a0e	FUN_71000a2860,	eglQueryDeviceAttribEXT
7100186a26	FUN_71000a2860,	eglOutputLayerAttribEXT
7100186a3e	FUN_71000a2860,	eglDebugMessageControlKHR
7100186a58	FUN_71000b2c60,FUN_71000f0e30,	glCompressedTexImage3D
7100186a6f	FUN_71000b2c60,FUN_71000f0e30,	glMultiTexCoord4s
7100186a81	FUN_71000b2c60,FUN_71000f0e30,	glPointParameterfv
7100186a94	FUN_71000b2c60,FUN_71000f0e30,	glSecondaryColor3iv
7100186aa8	FUN_71000b2c60,FUN_71000f0e30,	glSecondaryColorPointer
7100186ac0	FUN_71000b2c60,FUN_71000f0e30,	glDetachShader
7100186acf	FUN_71000b2c60,FUN_71000f0e30,	glUniformMatrix3fv
7100186ae2	FUN_71000b2c60,FUN_71000f0e30,	glVertexAttrib2f
7100186af3	FUN_71000b2c60,FUN_71000f0e30,	glVertexAttrib3dv
7100186b05	FUN_71000b2c60,FUN_71000f0e30,	glVertexAttrib3f
7100186b16	FUN_71000b2c60,FUN_71000f0e30,	glVertexAttribPointer
7100186b2c	FUN_71000b2c60,FUN_71000f0e30,	glBeginTransformFeedback
7100186b45	FUN_71000b2c60,FUN_71000f0e30,	glVertexAttribI4uiv
7100186b59	FUN_71000b2c60,FUN_71000f0e30,	glVertexAttribIPointer
7100186b70	FUN_71000b2c60,	glGetInteger64vAPPLE
7100186b85	FUN_71000b2c60,FUN_71000f0e30,	glCreateSyncFromCLeventARB
7100186ba0	FUN_71000b2c60,FUN_71000f0e30,	glDispatchComputeGroupSizeARB
7100186bbe	FUN_71000b2c60,FUN_71000f0e30,	glBlendEquationSeparateiARB
7100186bda	FUN_71000b2c60,FUN_71000f0e30,	glGetFramebufferParameteriv
7100186bf6	FUN_71000cbb00,FUN_71000f0e30,	glFramebufferTexture1D
7100186c0d	FUN_71000b2c60,FUN_71000f0e30,	glProgramUniform1i64ARB
7100186c25	FUN_71000b2c60,FUN_71000f0e30,	glUniform2ui64vARB
7100186c38	FUN_71000b2c60,FUN_71000f0e30,	glGetHistogram
7100186c47	FUN_71000b2c60,FUN_71000f0e30,	glGetProgramResourceLocation
7100186c64	FUN_71000b2c60,FUN_71000f0e30,	glGetProgramResourceiv
7100186c7b	FUN_71000b2c60,FUN_71000f0e30,	glProgramUniformMatrix4x2fv
7100186c97	FUN_71000b2c60,FUN_71000b2c60,FUN_71000f0e30,	glTexImage3DMultisample
7100186caf	FUN_71000b2c60,FUN_71000f0e30,	glTextureStorage3DMultisampleEXT
7100186cd0	FUN_71000f0e30,FUN_71000cbf60,	glVertexAttribPointerARB
7100186ce9	FUN_71000b2c60,FUN_71000f0e30,	glTexCoordP3ui
7100186cf8	FUN_71000b2c60,FUN_71000f0e30,	glWindowPos2fARB
7100186d09	FUN_71000b2c60,FUN_71000f0e30,	glDrawElementArrayATI
7100186d1f	FUN_71000b2c60,FUN_71000f0e30,	glDrawRangeElementArrayATI
7100186d3a	FUN_71000b2c60,FUN_71000f0e30,	glGetTexBumpParameterfvATI
7100186d55	FUN_71000b2c60,FUN_71000f0e30,	glGetObjectBufferivATI
7100186d6c	FUN_71000b2c60,FUN_71000f0e30,	glVertexStream4fvATI
7100186d81	FUN_71000b2c60,FUN_71000f0e30,	glCopyTexSubImage3DEXT
7100186d98	FUN_71000b2c60,FUN_71000f0e30,	glClientAttribDefaultEXT
7100186db1	FUN_71000b2c60,FUN_71000f0e30,	glGetVertexArrayPointervEXT
7100186dcd	FUN_71000b2c60,FUN_71000f0e30,	glMatrixLoadIdentityEXT
7100186de5	FUN_71000b2c60,FUN_71000f0e30,	glMatrixOrthoEXT
7100186df6	FUN_71000b2c60,FUN_71000f0e30,	glMultiTexEnvfvEXT
7100186e09	FUN_71000b2c60,FUN_71000f0e30,	glMultiTexEnvivEXT
7100186e1c	FUN_71000b2c60,FUN_71000f0e30,	glMultiTexParameterIivEXT
7100186e36	FUN_71000b2c60,FUN_71000f0e30,	glMultiTexSubImage1DEXT
7100186e4e	FUN_71000b2c60,FUN_71000f0e30,	glNamedProgramLocalParameterI4iEXT
7100186e71	FUN_71000b2c60,FUN_71000f0e30,	glNamedProgramLocalParameters4fvEXT
7100186e95	FUN_71000b2c60,	glLightEnviEXT
7100186ea4	FUN_71000b2c60,FUN_71000f0e30,	glProgramLocalParameters4fvEXT
7100186ec3	FUN_71000b2c60,FUN_71000f0e30,	glMultiDrawArraysEXT
7100186ed8	FUN_71000b2c60,FUN_71000f0e30,	glCoverageModulationTableNV
7100186ef4	FUN_71000b2c60,	glClearPixelLocalStorageuiEXT
7100186f12	FUN_71000b2c60,FUN_71000f0e30,	glGenSymbolsEXT
7100186f22	FUN_71000b2c60,FUN_71000f0e30,	glGetImageTransformParameterivHP
7100186f43	FUN_71000b2c60,FUN_71000f0e30,	glSecondaryColorPointerListIBM
7100186f62	FUN_71000b2c60,FUN_71000f0e30,	glSampleMaskIndexedNV
7100186f78	FUN_71000b2c60,FUN_71000f0e30,	glUniform2ui64NV
7100186f89	FUN_71000b2c60,FUN_71000f0e30,	glUniform3i64NV
7100186f99	FUN_71000b2c60,FUN_71000f0e30,	glTexCoord2hvNV
7100186fa9	FUN_71000b2c60,FUN_71000f0e30,	glVertex3hNV
7100186fb6	FUN_71000b2c60,FUN_71000f0e30,	glVertexWeighthvNV
7100186fc9	FUN_71000b2c60,FUN_71000f0e30,	glCoverStrokePathInstancedNV
7100186fe6	FUN_71000b2c60,FUN_71000f0e30,	glGetPathMetricsNV
7100186ff9	FUN_71000b2c60,FUN_71000f0e30,	glPrimitiveRestartIndexNV
7100187013	FUN_71000b2c60,FUN_71000f0e30,	glGetIntegerui64vNV
7100187027	FUN_71000b2c60,FUN_71000f0e30,	glIsNamedBufferResidentNV
7100187041	FUN_71000b2c60,FUN_71000f0e30,	glPauseTransformFeedbackNV
710018705c	FUN_71000b2c60,FUN_71000f0e30,	glGenProgramsNV
710018706c	FUN_71000b2c60,FUN_71000f0e30,	glVertexAttribs3svNV
7100187081	FUN_71000b2c60,	glEnableiNV
710018708d	FUN_71000b2c60,	glClearColorx
710018709b	FUN_71000b2c60,	glLightx
71001870a4	FUN_71000b2c60,	glGetClipPlanef
71001870b4	FUN_71000b2c60,	glGetLightxv
71001870c1	FUN_71000b2c60,	glSelectTextureCoordSetSGIS
71001870dd	FUN_71000b2c60,FUN_71000f0e30,	glDeleteAsyncMarkersSGIX
71001870f6	FUN_71000b2c60,FUN_71000f0e30,	glGetFragmentLightivSGIX
710018710f	FUN_71000b2c60,	glAreVertexArraysResidentSGIX
710018712d	FUN_71000b2c60,	glPixelTransformParameteriSGI
710018714b	FUN_71000b2c60,FUN_71000f0e30,	glReplacementCodeuiTexCoord2fNormal3fVertex3fSUN
710018717c	FUN_71000b2c60,FUN_71000f0e30,	glTexCoord2fColor4ubVertex3fvSUN
710018719d	TextRenderer_Init,	color
71001871a3	FUN_71000dffe0,	invalid PLTE
71001871b0	FUN_71000d7230,	#?RGBE
71001871b7	FUN_71000cdd50,	no preset dict
71001871c9	71001b6308,	XML_WRONG_ATTRIBUTE_TYPE
71001871e2	FUN_71000f0e30,	glDrawBuffer
71001871ef	FUN_71000f0e30,	glColor4ui
71001871fa	FUN_71000f0e30,	glIndexs
7100187203	FUN_71000f0e30,	glNormal3i
710018720e	FUN_71000f0e30,	glRasterPos2dv
710018721d	FUN_71000f0e30,	glVertex2d
7100187228	FUN_71000f0e30,	glTexGenf
7100187232	FUN_71000f0e30,	glEvalCoord1dv
7100187241	FUN_71000f0e30,	glGetClipPlane
7100187250	FUN_71000f0e30,	glNamedBufferPageCommitmentEXT
710018726f	FUN_71000f0e30,	glTangent3fvEXT
710018727f	FUN_71000f0e30,	glBinormal3svEXT
7100187290	FUN_71000f0e30,	glProgramUniform1dEXT
71001872a6	FUN_71000f0e30,	glAlphaToCoverageDitherControlNV
71001872c7	FUN_71000f0e30,	glGetFixedvOES
71001872d6	FUN_71000f0e30,	glGetMaterialxvOES
71001872e9	FUN_71000f0e30,	glColor3xOES
71001872f6	FUN_71000f0e30,	glPixelStorex
7100187304	FUN_71000f0e30,	glTexCoord1xvOES
7100187315	FUN_71000f0e30,	glVertex3xOES
7100187323	71001b87a8,	GL_OES_query_matrix
7100187337	FUN_7100109380,	nvnDeviceGenerateDebugDomainId
7100187356	FUN_7100109380,	nvnQueueBuilderSetControlMemorySize
710018737a	FUN_7100109380,	nvnQueueSetDebugLabel
7100187390	FUN_7100109380,	nvnTextureBuilderGetDepthStencilMode
71001873b5	FUN_7100109380,	nvnTextureGetStorageClass
71001873cf	FUN_7100109380,	nvnPolygonStateSetDefaults
71001873ea	FUN_7100109380,	nvnPolygonStateGetFrontFace
7100187406	FUN_7100109380,	nvnCommandBufferBindMultisampleState
710018742b	FUN_7100109380,	nvnCommandBufferBindTexture
7100187447	FUN_7100109380,	nvnCommandBufferClearColori
7100187463	FUN_7100109380,	nvnCommandBufferSetScissor
710018747e	FUN_7100109380,	nvnCommandBufferSetDepthBounds
710018749d	FUN_7100109380,	nvnCommandBufferSetRasterizerDiscard
71001874c2	FUN_7100109380,	nvnCommandBufferResetCounter
71001874df	FUN_7100109380,	nvnCommandBufferReportValue
71001874fb	FUN_7100109380,	nvnCommandBufferGetCopyImageStride
710018751e	Renderer_Init,	rom:/assets/transparent.png
710018753a	Artwork_LoadTextures,	artwork12
7100187544	GameDef_Load,GameDef_Load,GameDef_Load,GameDef_Load,GameDef_Load,GameDef_Load,GameDef_Load,GameDef_Load,	enabled
710018754c	71001b2a70,	GL_VERSION_4_2
710018755b	71001b2b10,71001b7818,	GL_AMD_interleaved_elements
7100187577	71001b2c30,	GL_ANGLE_timer_query
710018758c	71001b2e30,71001b7a80,	GL_ARB_explicit_uniform_location
71001875ad	71001b2e40,71001b7a90,	GL_ARB_fragment_layer_viewport
71001875cc	71001b2e88,71001b7ad8,	GL_ARB_get_program_binary
71001875e6	71001b2f08,71001b7b58,	GL_ARB_matrix_palette
71001875fc	71001b31d8,71001b7e20,	GL_ARB_timer_query
710018760f	71001b31f8,71001b7e30,	GL_ARB_transform_feedback_overflow_query
7100187638	71001b3420,71001b7fa8,	GL_EXT_convolution
710018764b	71001b3438,71001b7fb8,	GL_EXT_copy_texture
710018765f	71001b3590,	GL_EXT_multiple_textures
7100187678	71001b3638,	GL_EXT_render_snorm
710018768c	71001b3658,	GL_EXT_scene_marker
71001876a0	71001b3660,71001b8128,	GL_EXT_secondary_color
71001876b7	71001b3738,71001b8268,	GL_EXT_texture3D
71001876c8	71001b3810,	GL_EXT_texture_rg
71001876da	71001b3880,71001b8280,	GL_EXT_vertex_array
71001876ee	71001b3a10,71001b8780,	GL_NVX_gpu_memory_info
7100187705	71001b3a30,71001b8408,	GL_NV_alpha_to_coverage_dither_control
710018772c	71001b3ac0,71001b8498,	GL_NV_copy_image
710018773d	71001b3b48,71001b84f8,	GL_NV_fragment_coverage_to_color
710018775e	71001b3cd0,71001b8610,	GL_NV_robustness_video_memory_purge
7100187782	71001b3ec0,71001b87f0,	GL_PGI_vertex_hints
7100187796	71001b3f08,	GL_QCOM_tiled_rendering
71001877ae	71001b3f80,71001b8830,	GL_SGIS_generate_mipmap
71001877c6	71001b4230,	GL_SGIX_texture_range
71001877dc	FUN_71000a2860,	eglGetDisplay
71001877ea	FUN_71000a2860,	eglQueryDmaBufFormatsEXT
7100187803	FUN_71000b2c60,FUN_71000f0e30,	glMultiTexCoord1dv
7100187816	FUN_71000b2c60,FUN_71000f0e30,	glMultiTexCoord3i
7100187828	FUN_71000b2c60,FUN_71000f0e30,	glFogCoordf
7100187834	FUN_71000b2c60,FUN_71000f0e30,	glGetAttribLocation
7100187848	FUN_71000b2c60,FUN_71000f0e30,	glGetVertexAttribPointerv
7100187862	FUN_71000b2c60,FUN_71000f0e30,	glVertexAttrib4Nubv
7100187876	FUN_71000b2c60,FUN_71000f0e30,	glVertexAttrib4f
7100187887	FUN_71000b2c60,FUN_71000f0e30,	glVertexAttrib4sv
7100187899	FUN_71000b2c60,FUN_71000f0e30,	glBeginConditionalRender
71001878b2	FUN_71000b2c60,FUN_71000f0e30,	glUniform1ui
71001878bf	FUN_71000b2c60,	glGetQueryObjectuivANGLE
71001878d8	FUN_71000b2c60,FUN_71000f0e30,	glDrawElementArrayAPPLE
71001878f0	FUN_71000b2c60,FUN_71000f0e30,	glMapVertexAttrib1fAPPLE
7100187909	FUN_71000b2c60,FUN_71000f0e30,	glDepthRangef
7100187917	FUN_71000b2c60,FUN_71000f0e30,	glDrawElementsInstancedBaseVertexBaseInstance
7100187945	FUN_71000b2c60,FUN_71000f0e30,	glMakeTextureHandleNonResidentARB
7100187967	FUN_71000b2c60,FUN_71000f0e30,	glGetCompressedTextureImage
7100187983	FUN_71000cbb00,FUN_71000f0e30,	glCheckFramebufferStatus
710018799c	FUN_71000b2c60,FUN_71000f0e30,	glProgramParameteri
71001879b0	FUN_71000b2c60,FUN_71000f0e30,	glGetTextureSubImage
71001879c5	FUN_71000b2c60,FUN_71000f0e30,	glProgramUniform2ui64ARB
71001879de	FUN_71000b2c60,FUN_71000f0e30,	glMultiDrawElementsIndirect
71001879fa	FUN_71000b2c60,FUN_71000f0e30,	glMultiTexCoord1dvARB
7100187a10	FUN_71000b2c60,FUN_71000f0e30,	glMultiTexCoord2fvARB
7100187a26	FUN_71000b2c60,FUN_71000f0e30,	glGetnMapfvARB
7100187a35	FUN_71000b2c60,FUN_71000f0e30,	glSamplerParameterIuiv
7100187a4c	FUN_71000b2c60,FUN_71000f0e30,	glGetProgramPipelineInfoLog
7100187a68	FUN_71000b2c60,FUN_71000f0e30,	glProgramUniformMatrix4fv
7100187a82	FUN_71000b2c60,FUN_71000f0e30,	glBufferPageCommitmentARB
7100187a9c	FUN_71000cbde0,FUN_71000f0e30,	glUniformBlockBinding
7100187ab2	FUN_71000b2c60,FUN_71000f0e30,	glBindVertexBuffer
7100187ac5	FUN_71000b2c60,FUN_71000f0e30,	glVertexArrayBindVertexBufferEXT
7100187ae6	FUN_71000b2c60,FUN_71000f0e30,	glWeightbvARB
7100187af4	FUN_71000f0e30,FUN_71000cbf60,	glGetProgramivARB
7100187b06	FUN_71000b2c60,FUN_71000f0e30,	glScissorArrayv
7100187b16	FUN_71000b2c60,FUN_71000f0e30,	glPNTrianglesfATI
7100187b28	FUN_71000b2c60,FUN_71000f0e30,	glVertexStream4dATI
7100187b3c	FUN_71000b2c60,FUN_71000f0e30,	glConvolutionParameterfEXT
7100187b57	FUN_71000b2c60,FUN_71000f0e30,	glBinormalPointerEXT
7100187b6c	FUN_71000b2c60,FUN_71000f0e30,	glCompressedTextureSubImage3DEXT
7100187b8d	FUN_71000b2c60,FUN_71000f0e30,	glCopyTextureImage2DEXT
7100187ba5	FUN_71000b2c60,FUN_71000f0e30,	glNamedProgramLocalParameterI4ivEXT
7100187bc9	FUN_71000b2c60,FUN_71000f0e30,	glProgramUniform1fEXT
7100187bdf	FUN_71000b2c60,FUN_71000f0e30,	glTextureImage2DEXT
7100187bf3	FUN_71000b2c60,FUN_71000f0e30,	glVertexArraySecondaryColorOffsetEXT
7100187c18	FUN_71000b2c60,	glDiscardFramebufferEXT
7100187c30	FUN_71000b2c60,FUN_71000f0e30,	glPixelTransformParameterfvEXT
7100187c4f	FUN_71000b2c60,FUN_71000f0e30,	glPointParameterfvEXT
7100187c65	FUN_71000b2c60,FUN_71000f0e30,	glSecondaryColor3usvEXT
7100187c7d	FUN_71000b2c60,FUN_71000f0e30,	glTexSubImage1DEXT
7100187c90	FUN_71000b2c60,FUN_71000f0e30,	glBindTextureEXT
7100187ca1	FUN_71000b2c60,FUN_71000f0e30,	glGetTransformFeedbackVaryingEXT
7100187cc2	FUN_71000b2c60,FUN_71000f0e30,	glGetInvariantFloatvEXT
7100187cda	FUN_71000b2c60,FUN_71000f0e30,	glVariantsvEXT
7100187ce9	FUN_71000b2c60,FUN_71000f0e30,	glGetImageTransformParameterfvHP
7100187d0a	FUN_71000b2c60,	glDrawBufferRegion
7100187d1d	FUN_71000b2c60,FUN_71000f0e30,	glWindowPos4dvMESA
7100187d30	FUN_71000b2c60,FUN_71000f0e30,	glWindowPos4iMESA
7100187d42	FUN_71000b2c60,FUN_71000f0e30,	glUniformHandleui64NV
7100187d58	FUN_71000b2c60,FUN_71000f0e30,	glEvalMapsNV
7100187d65	FUN_71000b2c60,FUN_71000f0e30,	glGetFenceivNV
7100187d74	FUN_71000b2c60,FUN_71000f0e30,	glProgramNamedParameter4dNV
7100187d90	FUN_71000b2c60,FUN_71000f0e30,	glProgramNamedParameter4dvNV
7100187dad	FUN_71000b2c60,FUN_71000f0e30,	glProgramUniform1ui64vNV
7100187dc6	FUN_71000b2c60,FUN_71000f0e30,	glProgramUniform3i64vNV
7100187dde	FUN_71000b2c60,FUN_71000f0e30,	glMultiTexCoord4hNV
7100187df2	FUN_71000b2c60,	glUniformMatrix2x3fvNV
7100187e09	FUN_71000b2c60,FUN_71000f0e30,	glCoverFillPathNV
7100187e1b	FUN_71000b2c60,FUN_71000f0e30,	glProgramUniformui64NV
7100187e32	FUN_71000b2c60,	glTexSubImage3DNV
7100187e44	FUN_71000b2c60,FUN_71000f0e30,	glVertexAttrib2svNV
7100187e58	FUN_71000b2c60,FUN_71000f0e30,	glVertexAttrib4ubNV
7100187e6c	FUN_71000b2c60,FUN_71000f0e30,	glVertexAttribPointerNV
7100187e84	FUN_71000b2c60,FUN_71000f0e30,	glVertexAttribs4ubvNV
7100187e9a	FUN_71000b2c60,FUN_71000f0e30,	glBeginVideoCaptureNV
7100187eb0	FUN_71000b2c60,	glFrustumx
7100187ebb	FUN_71000b2c60,	glRotatex
7100187ec5	FUN_71000b2c60,	glTranslatex
7100187ed2	FUN_71000b2c60,FUN_71000f0e30,	glGenAsyncMarkersSGIX
7100187ee8	FUN_71000b2c60,	glDeleteVertexArraysSGIX
7100187f01	FUN_71000b2c60,FUN_71000f0e30,	glCopyColorTableSGI
7100187f15	FUN_71000b2c60,FUN_71000f0e30,	glColor4ubVertex3fSUN
7100187f2b	FUN_71000b2c60,FUN_71000f0e30,	glTexCoord2fColor3fVertex3fSUN
7100187f4a	TextRenderer_Init,	Fragment shader compile failed

7100187f6a	FUN_71000d7f00,	bad V
7100187f70	FUN_71000d7f00,	bad TQ
7100187f77	FUN_71000dffe0,	multiple IHDR
7100187f85	FUN_71000d0680,	invalid
7100187f8d	FUN_71000e4ef0,	missing color table
7100187fa6	FUN_71000f0e30,	glClear
7100187fae	FUN_71000f0e30,	glColor3sv
7100187fb9	FUN_71000f0e30,	glColor4usv
7100187fc5	FUN_71000f0e30,	glRasterPos4i
7100187fd3	FUN_71000f0e30,	glRectd
7100187fdb	FUN_71000f0e30,	glTexCoord4sv
7100187fe9	FUN_71000f0e30,	glVertex4fv
7100187ff5	FUN_71000f0e30,	glMaterialfv
7100188002	FUN_71000f0e30,	glEvalCoord1f
7100188010	FUN_71000f0e30,	glIsList
7100188019	FUN_71000f0e30,	glDisableClientState
710018802e	FUN_71000f0e30,	glInterleavedArrays
7100188042	FUN_71000f0e30,	glGetnPixelMapfv
7100188053	FUN_71000f0e30,	glPopDebugGroupKHR
7100188066	FUN_71000f0e30,	glGetTexEnvxvOES
7100188077	71001b7878,	GL_AMD_shader_gpu_shader_half_float_fetch
71001880a1	71001b8000,	GL_EXT_EGL_image_storage
71001880ba	71001b8478,	GL_NV_conservative_raster_pre_snap
71001880dd	FUN_7100109380,	nvnDeviceGetWindowOriginMode
71001880fa	FUN_7100109380,	nvnQueueGetTotalCommandMemoryUsed
710018811c	FUN_7100109380,	nvnQueueFinalize
710018812d	FUN_7100109380,	nvnTextureBuilderGetStorageClass
710018814e	FUN_7100109380,	nvnTextureInitialize
7100188163	FUN_7100109380,	nvnTextureGetRawStorageClass
7100188180	FUN_7100109380,	nvnCommandBufferBindVertexAttribState
71001881a6	FUN_7100109380,	nvnCommandBufferDrawElements
71001881c3	FUN_7100109380,	nvnCommandBufferClearColor
71001881de	FUN_7100109380,	nvnCommandBufferTiledDownsample
71001881fe	FUN_7100109380,	nvnCommandBufferSetCopyImageStride
7100188221	FUN_7100109380,	nvnCommandBufferDrawTexture
710018823d	FUN_7100109380,	nvnCommandBufferPushDebugGroupStatic
7100188262	FUN_7100109380,	nvnSyncInitializeFromFencedGLSync
7100188284	FUN_7100109380,	nvnCommandBufferWaitEvent
710018829e	Renderer_Init,	rom:/assets/shaders/fade.fs
71001882ba	MenuSound_LoadAll,	rom:/assets/sounds/menu_toggle_yes_no3.wav
71001882e5	GameDef_Load,	TopPauseMenu
71001882f2	71001b2a18,	GL_VERSION_1_3
7100188301	71001b2d00,71001b7950,	GL_APPLE_vertex_program_evaluators
7100188324	71001b2e98,71001b7ae8,	GL_ARB_gl_spirv
7100188334	71001b2ef8,71001b7b48,	GL_ARB_map_buffer_alignment
7100188350	71001b2f90,71001b7be0,	GL_ARB_robust_buffer_access_behavior
7100188375	71001b3008,71001b7c50,	GL_ARB_shader_draw_parameters
7100188393	71001b3010,71001b7c58,	GL_ARB_shader_group_vote
71001883ac	71001b30a8,71001b7cf8,	GL_ARB_sparse_texture2
71001883c3	71001b3160,71001b7da8,	GL_ARB_texture_gather
71001883d9	71001b31a8,71001b7df0,	GL_ARB_texture_rgb10_a2ui
71001883f3	71001b3270,	GL_ARM_mali_program_binary
710018840e	71001b3278,	GL_ARM_mali_shader_binary
7100188428	71001b32b0,	GL_ATIX_vertex_shader_output_point_size
7100188450	71001b3488,	GL_EXT_draw_elements_base_vertex
7100188471	71001b3698,	GL_EXT_shader_group_vote
710018848a	71001b3770,71001b81d0,	GL_EXT_texture_compression_latc
71001884aa	71001b3780,71001b81e0,	GL_EXT_texture_compression_s3tc
71001884ca	71001b3920,71001b8318,	GL_IBM_vertex_array_lists
71001884e4	71001b3a58,71001b8428,	GL_NV_blend_equation_advanced
7100188502	71001b3ad0,71001b84a8,	GL_NV_depth_buffer_float
710018851b	71001b3c38,71001b85a8,	GL_NV_packed_depth_stencil
7100188536	71001b3d98,	GL_NV_texture_compression_s3tc_update
710018855c	71001b3f70,71001b8820,	GL_SGIS_detail_texture
7100188573	71001b3fc0,71001b8890,	GL_SGIS_texture4D
7100188585	71001b3ff0,71001b8898,	GL_SGIX_async
7100188593	71001b4048,	GL_SGIX_color_matrix_accuracy
71001885b1	71001b42d8,71001b89e0,	GL_SUN_slice_accum
71001885c4	71001b42f8,	GL_WIN_scene_markerXXX
71001885db	FUN_71000a2860,	eglGetConfigAttrib
71001885ee	FUN_71000a2860,	eglDestroyStreamKHR
7100188602	FUN_71000b2c60,FUN_71000f0e30,	glCompressedTexSubImage1D
710018861c	FUN_71000b2c60,FUN_71000f0e30,	glPointParameterf
710018862e	FUN_71000b2c60,FUN_71000f0e30,	glGetVertexAttribfv
7100188642	FUN_71000b2c60,FUN_71000f0e30,	glStencilFuncSeparate
7100188658	FUN_71000b2c60,FUN_71000f0e30,	glUniform2fv
7100188665	FUN_71000b2c60,FUN_71000f0e30,	glVertexAttrib1sv
7100188677	FUN_71000b2c60,FUN_71000f0e30,	glGetInteger64i_v
7100188689	FUN_71000b2c60,FUN_71000f0e30,	glMinSampleShading
710018869c	FUN_71000b2c60,	glFenceSyncAPPLE
71001886ad	FUN_71000b2c60,FUN_71000f0e30,	glMapVertexAttrib1dAPPLE
71001886c6	FUN_71000b2c60,FUN_71000f0e30,	glCopyTextureSubImage1D
71001886de	FUN_71000b2c60,FUN_71000f0e30,	glGetNamedBufferParameteri64v
71001886fc	FUN_71000b2c60,FUN_71000f0e30,	glGetNamedRenderbufferParameteriv
710018871e	FUN_71000cbb00,FUN_71000f0e30,	glRenderbufferStorageMultisample
710018873f	FUN_71000b2c60,FUN_71000f0e30,	glProgramUniform1ui64ARB
7100188758	FUN_71000b2c60,FUN_71000f0e30,	glProgramUniform4i64ARB
7100188770	FUN_71000b2c60,FUN_71000f0e30,	glMultiTexCoord4dARB
7100188785	FUN_71000b2c60,FUN_71000f0e30,	glGetProgramInterfaceiv
710018879d	FUN_71000b2c60,FUN_71000f0e30,	glGetnUniformfvARB
71001887b0	FUN_71000b2c60,FUN_71000f0e30,	glBindSampler
71001887be	FUN_71000b2c60,FUN_71000f0e30,	glProgramUniform1iv
71001887d2	FUN_71000b2c60,FUN_71000f0e30,	glProgramUniform2fv
71001887e6	FUN_71000b2c60,FUN_71000f0e30,	glProgramUniform3ui
71001887fa	FUN_71000b2c60,FUN_71000f0e30,	glUniform3fARB
7100188809	FUN_71000b2c60,FUN_71000f0e30,	glCompressedTexImage2DARB
7100188823	FUN_71000b2c60,FUN_71000f0e30,	glCompressedTexSubImage3DARB
7100188840	FUN_71000f0e30,FUN_71000cbf60,	glGetProgramLocalParameterdvARB
7100188860	FUN_71000f0e30,FUN_71000cbf60,	glVertexAttrib1fARB
7100188874	FUN_71000f0e30,FUN_71000cbf60,	glVertexAttrib4dvARB
7100188889	FUN_71000b2c60,FUN_71000f0e30,	glBindAttribLocationARB
71001888a1	FUN_71000b2c60,FUN_71000f0e30,	glVertexAttribP2uiv
71001888b5	FUN_71000b2c60,FUN_71000f0e30,	glWindowPos2svARB
71001888c7	FUN_71000b2c60,FUN_71000f0e30,	glVertexStream2ivATI
71001888dc	FUN_71000b2c60,FUN_71000f0e30,	glVertexStream3dATI
71001888f0	FUN_71000b2c60,FUN_71000f0e30,	glCopyConvolutionFilter2DEXT
710018890d	FUN_71000b2c60,FUN_71000f0e30,	glCopyTexImage1DEXT
7100188921	FUN_71000b2c60,FUN_71000f0e30,	glCompressedTextureImage1DEXT
710018893f	FUN_71000b2c60,FUN_71000f0e30,	glEnableVertexArrayEXT
7100188956	FUN_71000b2c60,FUN_71000f0e30,	glGetMultiTexEnvivEXT
710018896c	FUN_71000b2c60,FUN_71000f0e30,	glGetMultiTexLevelParameterfvEXT
710018898d	FUN_71000b2c60,FUN_71000f0e30,	glGetNamedProgramLocalParameterIivEXT
71001889b3	FUN_71000b2c60,FUN_71000f0e30,	glGetVertexArrayPointeri_vEXT
71001889d1	FUN_71000b2c60,FUN_71000f0e30,	glMultiTexGenivEXT
71001889e4	FUN_71000b2c60,FUN_71000f0e30,	glMultiTexParameterivEXT
71001889fd	FUN_71000b2c60,FUN_71000f0e30,	glMultiTexSubImage3DEXT
7100188a15	FUN_71000b2c60,FUN_71000f0e30,	glProgramUniform2uivEXT
7100188a2d	FUN_71000b2c60,FUN_71000f0e30,	glVertexArrayVertexOffsetEXT
7100188a4a	FUN_71000b2c60,	glFragmentMaterialiEXT
7100188a61	FUN_71000b2c60,FUN_71000f0e30,	glVertexAttribI4bvEXT
7100188a77	FUN_71000b2c60,FUN_71000f0e30,	glGetCoverageModulationTableNV
7100188a96	FUN_71000b2c60,FUN_71000f0e30,	glSecondaryColor3ubEXT
7100188aad	FUN_71000b2c60,FUN_71000f0e30,	glTextureStorage3DEXT
7100188ac3	FUN_71000b2c60,FUN_71000f0e30,	glBindBufferBaseEXT
7100188ad7	FUN_71000b2c60,FUN_71000f0e30,	glVariantivEXT
7100188ae6	FUN_71000b2c60,FUN_71000f0e30,	glWindowPos3fMESA
7100188af8	FUN_71000b2c60,FUN_71000f0e30,	glMultiDrawArraysIndirectBindlessCountNV
7100188b21	FUN_71000b2c60,FUN_71000f0e30,	glConservativeRasterParameteriNV
7100188b42	FUN_71000b2c60,FUN_71000f0e30,	glGetInternalformatSampleivNV
7100188b60	FUN_71000b2c60,FUN_71000f0e30,	glBeginOcclusionQueryNV
7100188b78	FUN_71000b2c60,FUN_71000f0e30,	glGetPathSpacingNV
7100188b8b	FUN_71000b2c60,FUN_71000f0e30,	glPointParameteriNV
7100188b9f	FUN_71000b2c60,FUN_71000f0e30,	glVertexAttribL3ui64vNV
7100188bb7	FUN_71000b2c60,FUN_71000f0e30,	glNormalFormatNV
7100188bc8	FUN_71000b2c60,FUN_71000f0e30,	glVertexAttrib4svNV
7100188bdc	FUN_71000b2c60,	glAddressSpace
7100188beb	FUN_71000b2c60,FUN_71000f0e30,	glFragmentLightModelfSGIX
7100188c05	FUN_71000b2c60,	glGenVertexArraysSGIX
7100188c1b	FUN_71000b2c60,	glPixelTransformSGI
7100188c2f	FUN_71000b2c60,FUN_71000f0e30,	glReplacementCodeuiTexCoord2fVertex3fvSUN
7100188c59	TextRenderer_Init,71001b5c30,	#version 140
    uniform vec4 color; 
    uniform sampler2D fontTex;
    in vec2 vsTC;
    out vec4 fragColor;

    void main()
    {
        float a = (texture2D( fontTex, vsTC.xy ).x); 
        fragColor.rgb = color.rgb; 
        fragColor.a = color.a * a;
    }
    
7100188d6c	FUN_71000d7230,	#?RADIANCE
7100188d7a	71001b6300,	XML_NO_ATTRIBUTE
7100188d8b	FUN_71000f0e30,	glStencilMask
7100188d99	FUN_71000f0e30,	glPixelStorei
7100188da7	FUN_71000f0e30,	glGetDoublev
7100188db4	FUN_71000f0e30,	glGenLists
7100188dbf	FUN_71000f0e30,	glColor3dv
7100188dca	FUN_71000f0e30,	glColor4f
7100188dd4	FUN_71000f0e30,	glIndexf
7100188ddd	FUN_71000f0e30,	glNormal3s
7100188de8	FUN_71000f0e30,	glTexCoord4d
7100188df5	FUN_71000f0e30,	glFogiv
7100188dfd	FUN_71000f0e30,	glEvalCoord1fv
7100188e0c	FUN_71000f0e30,	glGetTexGeniv
7100188e1a	FUN_71000f0e30,	glGenTextures
7100188e28	FUN_71000f0e30,	glNormalPointer
7100188e38	FUN_71000f0e30,	glBinormal3dEXT
7100188e48	FUN_71000f0e30,	glBinormal3dvEXT
7100188e59	FUN_71000f0e30,	glDeleteProgramPipelinesEXT
7100188e75	FUN_71000f0e30,	glProgramSubroutineParametersuivNV
7100188e98	FUN_71000f0e30,	glTranslatexOES
7100188ea8	FUN_71000f0e30,	glAccumxOES
7100188eb4	FUN_71000f0e30,	glMapGrid2xOES
7100188ec3	FUN_71000f0e30,	glStopInstrumentsSGIX
7100188ed9	FUN_7100109380,	nvnWindowInitialize
7100188eed	FUN_7100109380,	nvnWindowFinalize
7100188eff	FUN_7100109380,	nvnWindowGetNativeWindow
7100188f18	FUN_7100109380,	nvnMemoryPoolGetBufferAddress
7100188f36	FUN_7100109380,	nvnSamplerPoolInitialize
7100188f4f	FUN_7100109380,	nvnBufferBuilderGetMemoryOffset
7100188f6f	FUN_7100109380,	nvnBufferInvalidateMappedRange
7100188f8e	FUN_7100109380,	nvnTextureBuilderSetSwizzle
7100188faa	FUN_7100109380,	nvnSamplerCompare
7100188fbc	FUN_7100109380,	nvnCommandBufferGetCommandMemoryFree
7100188fe1	FUN_7100109380,	nvnCommandBufferBindSeparateSampler
7100189005	FUN_7100109380,	nvnCommandBufferDiscardDepthStencil
7100189029	FUN_7100109380,	nvnCommandBufferBarrier
710018904b	Renderer_Init,	transition
7100189056	Renderer_DrawPauseMenu,Renderer_Init,	ControllerImage
7100189066	FUN_710009a210,	RESET GAME
7100189071	Renderer_DrawPauseMenu,	CONFIRM LOAD ?
7100189080	Artwork_LoadTextures,	rom:/assets/artwork/2_BonusArtwork_P14.png
71001890ab	Artwork_LoadTextures,	rom:/assets/artwork/2_BonusArtwork_P16.png
71001890d6	71001b2a20,	GL_VERSION_1_4
71001890e5	71001b2ac0,	GL_AMD_compressed_ATC_texture
7100189103	71001b2c90,71001b7910,	GL_APPLE_object_purgeable
710018911d	71001b2ce8,71001b7938,	GL_APPLE_transform_hint
7100189135	71001b2df8,71001b7a28,	GL_ARB_draw_buffers
7100189149	71001b2ec8,71001b7b18,	GL_ARB_imaging
7100189158	71001b2fb8,71001b7c00,	GL_ARB_sample_shading
710018916e	71001b30a0,71001b7ce8,	GL_ARB_sparse_texture
7100189184	71001b3178,71001b7dc0,	GL_ARB_texture_multisample
710018919f	71001b31c8,71001b7e10,	GL_ARB_texture_swizzle
71001891b6	71001b31d0,71001b7e18,	GL_ARB_texture_view
71001891ca	71001b3250,71001b7e98,	GL_ARB_vertex_type_10f_11f_11f_rev
71001891ed	71001b3358,	GL_EXT_Cg_shader
71001891fe	71001b34c8,71001b8018,	GL_EXT_framebuffer_blit
7100189216	71001b3530,71001b8068,	GL_EXT_index_func
7100189228	71001b35b0,	GL_EXT_multisampled_render_to_texture2
710018924f	71001b35d8,71001b80d0,	GL_EXT_paletted_texture
7100189267	71001b3620,	GL_EXT_pvrtc_sRGB
7100189279	71001b37e0,71001b8220,	GL_EXT_texture_lod_bias
7100189291	71001b38a0,71001b8298,	GL_EXT_vertex_shader
71001892a6	71001b38d8,71001b82d0,	GL_HP_convolution_border_modes
71001892c5	71001b3950,71001b8358,	GL_INTEL_map_texture
71001892da	71001b3d78,71001b8698,	GL_NV_texture_barrier
71001892f0	71001b3dc0,	GL_NV_texture_npot_2D_mipmap
710018930d	71001b3de0,71001b86d8,	GL_NV_texture_shader2
7100189323	71001b3e50,71001b8748,	GL_NV_vertex_program3
7100189339	71001b4000,71001b88a8,	GL_SGIX_async_pixel
710018934d	71001b40c8,	GL_SGIX_fog_patchy
7100189360	71001b4178,71001b8928,	GL_SGIX_pixel_texture
7100189376	71001b4240,	GL_SGIX_texture_supersample
7100189392	71001b42e0,71001b89e8,	GL_SUN_triangle_list
71001893a7	FUN_71000a2860,	eglCreateWindowSurface
71001893be	FUN_71000a2860,	eglSwapBuffers
71001893cd	FUN_71000a2860,	eglDupNativeFenceFDANDROID
71001893e8	FUN_71000a2860,	eglQueryOutputPortStringEXT
7100189404	FUN_71000a2860,	eglSwapBuffersRegion2NOK
710018941d	FUN_71000a2860,	eglQueryNativeDisplayNV
7100189435	FUN_71000b2c60,FUN_71000f0e30,	glIsBuffer
7100189440	FUN_71000b2c60,FUN_71000f0e30,	glDrawBuffers
710018944e	FUN_71000b2c60,FUN_71000f0e30,	glGetProgramiv
710018945d	FUN_71000b2c60,FUN_71000f0e30,	glGetShaderInfoLog
7100189470	FUN_71000b2c60,FUN_71000f0e30,	glUniform3fv
710018947d	FUN_71000b2c60,FUN_71000f0e30,	glVertexAttrib1dv
710018948f	FUN_71000b2c60,FUN_71000f0e30,	glVertexAttrib4bv
71001894a1	FUN_71000b2c60,FUN_71000f0e30,	glVertexAttribI3i
71001894b3	FUN_71000b2c60,FUN_71000f0e30,	glGetnUniformdv
71001894c3	FUN_71000b2c60,FUN_71000f0e30,	glEndPerfMonitorAMD
71001894d7	FUN_71000b2c60,FUN_71000f0e30,	glClearNamedBufferData
71001894ee	FUN_71000b2c60,FUN_71000f0e30,	glCopyTextureSubImage3D
7100189506	FUN_71000b2c60,FUN_71000f0e30,	glBlendFunciARB
7100189516	FUN_71000b2c60,FUN_71000f0e30,	glGetNamedFramebufferParameterivEXT
710018953a	FUN_71000b2c60,FUN_71000f0e30,	glUniformMatrix3dv
710018954d	FUN_71000b2c60,FUN_71000f0e30,	glProgramUniform3ui64vARB
7100189567	FUN_71000b2c60,FUN_71000f0e30,	glGetMinmax
7100189573	FUN_71000b2c60,FUN_71000f0e30,	glMultiDrawArraysIndirectCountARB
7100189595	FUN_71000b2c60,FUN_71000f0e30,	glMultiTexCoord1iARB
71001895aa	FUN_71000b2c60,FUN_71000f0e30,	glMultiTexCoord3fARB
71001895bf	FUN_71000b2c60,FUN_71000f0e30,	glGetnTexImageARB
71001895d1	FUN_71000b2c60,FUN_71000f0e30,	glProgramUniform1dv
71001895e5	FUN_71000b2c60,FUN_71000f0e30,	glProgramUniform2dv
71001895f9	FUN_71000b2c60,FUN_71000f0e30,	glProgramUniformMatrix4x2dv
7100189615	FUN_71000b2c60,FUN_71000f0e30,	glGetObjectParameterfvARB
710018962f	FUN_71000b2c60,FUN_71000f0e30,	glUniform2fvARB
710018963f	FUN_71000b2c60,FUN_71000f0e30,	glLoadTransposeMatrixfARB
7100189659	FUN_71000cbde0,FUN_71000f0e30,	glGetIntegeri_v
7100189669	FUN_71000b2c60,FUN_71000f0e30,	glBufferDataARB
7100189679	FUN_71000b2c60,FUN_71000f0e30,	glIsBufferARB
7100189687	FUN_71000f0e30,FUN_71000cbf60,	glProgramLocalParameter4dvARB
71001896a5	FUN_71000b2c60,FUN_71000f0e30,	glBindFragmentShaderATI
71001896bd	FUN_71000b2c60,FUN_71000f0e30,	glGetArrayObjectivATI
71001896d3	FUN_71000b2c60,FUN_71000f0e30,	glNormalStream3dvATI
71001896e8	FUN_71000b2c60,FUN_71000f0e30,	glNormalStream3svATI
71001896fd	FUN_71000b2c60,	glBindFragDataLocationIndexedEXT
710018971e	FUN_71000b2c60,FUN_71000f0e30,	glCompressedMultiTexSubImage1DEXT
7100189740	FUN_71000b2c60,FUN_71000f0e30,	glGetMultiTexImageEXT
7100189756	FUN_71000b2c60,FUN_71000f0e30,	glGetMultiTexLevelParameterivEXT
7100189777	FUN_71000b2c60,FUN_71000f0e30,	glMultiTexGendEXT
7100189789	FUN_71000b2c60,FUN_71000f0e30,	glMultiTexParameterfvEXT
71001897a2	FUN_71000b2c60,FUN_71000f0e30,	glNamedProgramStringEXT
71001897ba	FUN_71000b2c60,FUN_71000f0e30,	glProgramUniform3fEXT
71001897d0	FUN_71000b2c60,FUN_71000f0e30,	glProgramUniform4ivEXT
71001897e7	FUN_71000b2c60,FUN_71000f0e30,	glProgramUniformMatrix4x2fvEXT
7100189806	FUN_71000b2c60,	glDrawElementsBaseVertexEXT
7100189822	FUN_71000b2c60,FUN_71000f0e30,	glProgramEnvParameters4fvEXT
710018983f	FUN_71000b2c60,FUN_71000f0e30,	glVertexAttribI3iEXT
7100189854	FUN_71000b2c60,FUN_71000f0e30,	glVertexAttribI3uiEXT
710018986a	FUN_71000b2c60,FUN_71000f0e30,	glImportMemoryFdEXT
710018987e	FUN_71000b2c60,FUN_71000f0e30,	glGetPixelTransformParameterivEXT
71001898a0	FUN_71000b2c60,FUN_71000f0e30,	glPixelTransformParameterivEXT
71001898bf	FUN_71000b2c60,FUN_71000f0e30,	glSecondaryColor3uivEXT
71001898d7	FUN_71000b2c60,FUN_71000f0e30,	glColorPointerEXT
71001898e9	FUN_71000b2c60,FUN_71000f0e30,	glGetVariantPointervEXT
7100189901	FUN_71000b2c60,FUN_71000f0e30,	glGetMapParameterfvNV
7100189917	FUN_71000b2c60,FUN_71000f0e30,	glRenderbufferStorageMultisampleCoverageNV
7100189942	FUN_71000b2c60,FUN_71000f0e30,	glMulticastWaitSyncNV
7100189958	FUN_71000b2c60,FUN_71000f0e30,	glGetUniformui64vNV
710018996c	FUN_71000b2c60,FUN_71000f0e30,	glVertexAttrib4hvNV
7100189980	FUN_71000b2c60,FUN_71000f0e30,	glVertexAttribs3hvNV
7100189995	FUN_71000b2c60,FUN_71000f0e30,	glGetProgramResourcefvNV
71001899ae	FUN_71000b2c60,FUN_71000f0e30,	glWeightPathsNV
71001899be	FUN_71000b2c60,FUN_71000f0e30,	glVertexAttribL3i64vNV
71001899d5	FUN_71000b2c60,FUN_71000f0e30,	glBufferAddressRangeNV
71001899ec	FUN_71000b2c60,FUN_71000f0e30,	glIsProgramNV
71001899fa	FUN_71000b2c60,FUN_71000f0e30,	glRequestResidentProgramsNV
7100189a16	FUN_71000b2c60,FUN_71000f0e30,	glVertexAttrib3fNV
7100189a29	FUN_71000b2c60,FUN_71000f0e30,	glVertexAttrib3sNV
7100189a3c	FUN_71000b2c60,FUN_71000f0e30,	glGetVideoCaptureivNV
7100189a52	FUN_71000b2c60,	glLoadMatrixx
7100189a60	FUN_71000b2c60,	glMultisampleSubRectPosSGIS
7100189a7c	FUN_71000b2c60,FUN_71000f0e30,	glGetSharpenTexFuncSGIS
7100189a94	FUN_71000dffe0,	bad tRNS len
7100189aa3	SpriteRenderer_DrawSprite,	spriteColor
7100189aaf	71001b6340,	XML_ERROR_PARSING_CDATA
7100189ac7	FUN_71000f0e30,	glLineWidth
7100189ad3	FUN_71000f0e30,	glPolygonMode
7100189ae1	FUN_71000f0e30,	glScissor
7100189aeb	FUN_71000f0e30,	glColor4uiv
7100189af7	FUN_71000f0e30,	glNormal3dv
7100189b03	FUN_71000f0e30,	glTexCoord2i
7100189b10	FUN_71000f0e30,	glTexCoord2sv
7100189b1e	FUN_71000f0e30,	glClearAccum
7100189b2b	FUN_71000f0e30,	glGetMaterialiv
7100189b3b	FUN_71000f0e30,	glBindTexture
7100189b49	FUN_71000f0e30,	glIsTexture
7100189b55	FUN_71000f0e30,	glGetnMapdv
7100189b61	FUN_71000f0e30,	glGetnPolygonStipple
7100189b76	FUN_71000f0e30,	glGetnConvolutionFilter
7100189b8e	FUN_71000f0e30,	glGetnHistogram
7100189b9e	FUN_71000f0e30,	glProgramUniform4dEXT
7100189bb4	FUN_71000f0e30,	glProgramUniformMatrix4x2dvEXT
7100189bd3	FUN_71000f0e30,	glLightModelxOES
7100189be4	FUN_71000f0e30,	glLoadTransposeMatrixxOES
7100189bfe	FUN_71000f0e30,	glGetListParameterfvSGIX
7100189c17	FUN_7100109380,	nvnDeviceGetTimestampInNanoseconds
7100189c3a	FUN_7100109380,	nvnMemoryPoolSetDebugLabel
7100189c55	FUN_7100109380,	nvnTextureBuilderSetDepth
7100189c6f	FUN_7100109380,	nvnTextureBuilderSetPackagedTextureData
7100189c97	FUN_7100109380,	nvnTextureViewSetDefaults
7100189cb1	FUN_7100109380,	nvnTextureViewGetSwizzle
7100189cca	FUN_7100109380,	nvnTextureGetSparseTileLayout
7100189ce8	FUN_7100109380,	nvnTextureFlushTexels
7100189cfe	FUN_7100109380,	nvnSamplerBuilderSetBorderColori
7100189d1f	FUN_7100109380,	nvnSamplerBuilderGetDevice
7100189d3a	FUN_7100109380,	nvnSamplerGetCompare
7100189d4f	FUN_7100109380,	nvnBlendStateSetBlendFunc
7100189d69	FUN_7100109380,	nvnBlendStateSetAdvancedPremultipliedSrc
7100189d92	FUN_7100109380,	nvnMultisampleStateSetMultisampleEnable
7100189dba	FUN_7100109380,	nvnMultisampleStateGetSampleLocationsEnable
7100189de6	FUN_7100109380,	nvnDepthStencilStateGetDepthTestEnable
7100189e0d	FUN_7100109380,	nvnCommandBufferGetCommandMemoryUsed
7100189e32	FUN_7100109380,	nvnCommandBufferGetControlMemoryUsed
7100189e57	FUN_7100109380,	nvnCommandBufferBindUniformBuffer
7100189e79	FUN_7100109380,	nvnCommandBufferDrawElementsInstanced
7100189e9f	FUN_7100109380,	nvnCommandBufferSetBlendColor
7100189ebd	FUN_7100109380,	nvnCommandBufferBindCoverageModulationTable
7100189eee	Artwork_LoadTextures,	rom:/assets/artwork/2_BonusArtwork_P11.png
7100189f19	GameDef_Load,GameDef_Load,GameDef_Load,	common
7100189f20	GameDef_Load,	fontSmall
7100189f2a	71001b2bf0,	GL_ANGLE_framebuffer_multisample
7100189f4b	71001b2d18,71001b7a60,	GL_ARB_ES3_1_compatibility
7100189f66	71001b2e08,71001b7a38,	GL_ARB_draw_elements_base_vertex
7100189f87	71001b3190,71001b7dd8,	GL_ARB_texture_query_lod
7100189fa0	71001b34e0,71001b8030,	GL_EXT_framebuffer_object
7100189fba	71001b34e8,71001b8038,	GL_EXT_framebuffer_sRGB
7100189fd2	71001b3518,	GL_EXT_gpu_shader5
7100189fe5	71001b3550,71001b8080,	GL_EXT_light_texture
7100189ffa	71001b3600,71001b80f8,	GL_EXT_polygon_offset
710018a010	71001b3680,71001b8148,	GL_EXT_separate_shader_objects
710018a02f	71001b36b8,71001b8178,	GL_EXT_shader_integer_mix
710018a049	71001b3788,71001b81e8,	GL_EXT_texture_cube_map
710018a061	71001b3868,71001b8270,	GL_EXT_timer_query
710018a074	71001b39f8,71001b83f8,	GL_MESA_ycbcr_texture
710018a08a	71001b3a18,71001b8788,	GL_NVX_linked_gpu_multicast
710018a0a6	71001b3c68,71001b85c8,	GL_NV_path_rendering_shared_edge
710018a0c7	71001b3c80,	GL_NV_platform_binary
710018a0dd	71001b3e18,71001b8710,	GL_NV_vertex_array_range2
710018a0f7	71001b3f30,	GL_REGAL_error_string
710018a10d	FUN_71000a2860,	eglCreatePbufferSurface
710018a125	FUN_71000a2860,	eglDestroySurface
710018a137	FUN_71000a2860,	eglTerminate
710018a144	FUN_71000a2860,	eglCreatePlatformWindowSurface
710018a163	FUN_71000a2860,	eglStreamConsumerReleaseAttribKHR
710018a185	FUN_71000f0910,FUN_71000b2c60,FUN_71000f0e30,	glGetString
710018a191	FUN_71000b2c60,FUN_71000f0e30,	glDrawRangeElements
710018a1a5	FUN_71000b2c60,FUN_71000f0e30,	glCompileShader
710018a1b5	FUN_71000b2c60,FUN_71000f0e30,	glVertexAttrib3fv
710018a1c7	FUN_71000b2c60,FUN_71000f0e30,	glVertexAttrib3sv
710018a1d9	FUN_71000b2c60,FUN_71000f0e30,	glTexParameterIuiv
710018a1ec	FUN_71000b2c60,FUN_71000f0e30,	glVertexAttribI4sv
710018a1ff	FUN_71000b2c60,FUN_71000f0e30,	glBlendEquationi
710018a210	FUN_71000b2c60,FUN_71000f0e30,	glStencilOpValueAMD
710018a224	FUN_71000b2c60,	glVertexAttribDivisorANGLE
710018a23f	FUN_71000b2c60,	glIsQueryANGLE
710018a24e	FUN_71000b2c60,FUN_71000f0e30,	glFinishObjectAPPLE
710018a262	FUN_71000b2c60,FUN_71000f0e30,	glGetShaderPrecisionFormat
710018a27d	FUN_71000b2c60,FUN_71000f0e30,	glBufferStorage
710018a28d	FUN_71000b2c60,FUN_71000f0e30,	glClampColorARB
710018a29d	FUN_71000b2c60,FUN_71000f0e30,	glClearNamedFramebufferfv
710018a2b7	FUN_71000b2c60,FUN_71000f0e30,	glGetTextureParameteriv
710018a2cf	FUN_71000b2c60,FUN_71000f0e30,	glGetTransformFeedbacki_v
710018a2e9	FUN_71000b2c60,FUN_71000f0e30,	glTextureParameteri
710018a2fd	FUN_71000b2c60,FUN_71000f0e30,	glTextureStorage1D
710018a310	FUN_71000b2c60,FUN_71000f0e30,	glTextureSubImage3D
710018a324	FUN_71000b2c60,FUN_71000f0e30,	glUnmapNamedBuffer
710018a337	FUN_71000b2c60,FUN_71000f0e30,	glDrawArraysIndirect
710018a34c	FUN_71000b2c60,FUN_71000f0e30,	glUniformMatrix3x2dv
710018a361	FUN_71000b2c60,FUN_71000f0e30,	glProgramUniform2i64vARB
710018a37a	FUN_71000b2c60,FUN_71000f0e30,	glUniform4ui64ARB
710018a38c	FUN_71000b2c60,FUN_71000b2c60,FUN_71000f0e30,	glMapBufferRange
710018a39d	FUN_71000b2c60,FUN_71000f0e30,	glMultiTexCoord4fARB
710018a3b2	FUN_71000b2c60,FUN_71000f0e30,	glGetnMinmaxARB
710018a3c2	FUN_71000b2c60,FUN_71000f0e30,	glProgramUniform1ui
710018a3d6	FUN_71000b2c60,FUN_71000f0e30,	glProgramUniform4fv
710018a3ea	FUN_71000b2c60,FUN_71000f0e30,	glGetAttachedObjectsARB
710018a402	FUN_71000b2c60,FUN_71000b2c60,FUN_71000f0e30,	glIsSync
710018a40b	FUN_71000b2c60,FUN_71000f0e30,	glCompressedTexSubImage1DARB
710018a428	FUN_71000b2c60,FUN_71000f0e30,	glCompressedTexSubImage2DARB
710018a445	FUN_71000b2c60,FUN_71000f0e30,	glGetCompressedTexImageARB
710018a460	FUN_71000b2c60,FUN_71000f0e30,	glTexStorage3DMultisample
710018a47a	FUN_71000b2c60,FUN_71000f0e30,	glWeightsvARB
710018a488	FUN_71000f0e30,FUN_71000cbf60,	glVertexAttrib2dARB
710018a49c	FUN_71000f0e30,FUN_71000cbf60,	glVertexAttrib4NubARB
710018a4b2	FUN_71000b2c60,FUN_71000f0e30,	glSecondaryColorP3uiv
710018a4c8	FUN_71000b2c60,FUN_71000f0e30,	glTexCoordP1uiv
710018a4d8	FUN_71000b2c60,FUN_71000f0e30,	glTexCoordP4ui
710018a4e7	FUN_71000b2c60,FUN_71000f0e30,	glVertexAttribP1uiv
710018a4fb	FUN_71000b2c60,FUN_71000f0e30,	glScissorIndexed
710018a50c	FUN_71000b2c60,FUN_71000f0e30,	glScissorIndexedv
710018a51e	FUN_71000b2c60,FUN_71000f0e30,	glVariantArrayObjectATI
710018a536	FUN_71000b2c60,FUN_71000f0e30,	glVertexBlendEnvfATI
710018a54b	FUN_71000b2c60,FUN_71000f0e30,	glVertexStream4dvATI
710018a560	FUN_71000b2c60,	glClearTexSubImageEXT
710018a576	FUN_71000b2c60,FUN_71000f0e30,	glConvolutionParameterfvEXT
710018a592	FUN_71000b2c60,FUN_71000f0e30,	glConvolutionParameteriEXT
710018a5ad	FUN_71000b2c60,FUN_71000f0e30,	glGetPointeri_vEXT
710018a5c0	FUN_71000b2c60,FUN_71000f0e30,	glGetVertexArrayIntegeri_vEXT
710018a5de	FUN_71000b2c60,FUN_71000f0e30,	glMatrixLoadfEXT
710018a5ef	FUN_71000b2c60,FUN_71000f0e30,	glMultiTexGenfvEXT
710018a602	FUN_71000b2c60,FUN_71000f0e30,	glNamedFramebufferRenderbufferEXT
710018a624	FUN_71000b2c60,FUN_71000f0e30,	glNamedFramebufferTexture1DEXT
710018a643	FUN_71000b2c60,FUN_71000f0e30,	glProgramUniformMatrix2x3fvEXT
710018a662	FUN_71000b2c60,FUN_71000f0e30,	glTextureRenderbufferEXT
710018a67b	FUN_71000b2c60,FUN_71000f0e30,	glGetIntegerIndexedvEXT
710018a693	FUN_71000b2c60,FUN_71000f0e30,	glNamedBufferStorageExternalEXT
710018a6b3	FUN_71000b2c60,	glFragmentLightModeliEXT
710018a6cc	FUN_71000b2c60,FUN_71000f0e30,	glGetFragDataLocationEXT
710018a6e5	FUN_71000b2c60,FUN_71000f0e30,	glGetUniformuivEXT
710018a6f8	FUN_71000b2c60,FUN_71000f0e30,	glUniform4uiEXT
710018a708	FUN_71000b2c60,	glMultiDrawArraysIndirectEXT
710018a725	FUN_71000b2c60,FUN_71000f0e30,	glGetInvariantBooleanvEXT
710018a73f	FUN_71000b2c60,FUN_71000f0e30,	glShaderOp1EXT
710018a74e	FUN_71000b2c60,FUN_71000f0e30,	glFragmentCoverageColorNV
710018a768	FUN_71000b2c60,FUN_71000f0e30,	glColor3hNV
710018a774	FUN_71000b2c60,FUN_71000f0e30,	glVertexAttrib3hvNV
710018a788	FUN_71000b2c60,FUN_71000f0e30,	glVertexWeighthNV
710018a79a	FUN_71000b2c60,FUN_71000f0e30,	glProgramPathFragmentInputGenNV
710018a7ba	FUN_71000b2c60,FUN_71000f0e30,	glStencilThenCoverStrokePathNV
710018a7d9	FUN_71000b2c60,FUN_71000f0e30,	glGetVideoui64vNV
710018a7eb	FUN_71000b2c60,	glCompressedTexSubImage3DNV
710018a807	FUN_71000b2c60,FUN_71000f0e30,	glTextureImage2DMultisampleCoverageNV
710018a82d	FUN_71000b2c60,FUN_71000f0e30,	glVDPAUFiniNV
710018a83b	FUN_71000b2c60,FUN_71000f0e30,	glEdgeFlagFormatNV
710018a84e	FUN_71000b2c60,FUN_71000f0e30,	glProgramParameters4fvNV
710018a867	FUN_71000b2c60,FUN_71000f0e30,	glVertexAttribs2fvNV
710018a87c	FUN_71000b2c60,	glExtGetProgramsQCOM
710018a891	FUN_71000b2c60,	glFrustumf
710018a89c	FUN_71000b2c60,	glPointSizePointerOES
710018a8b2	FUN_71000b2c60,	glDataPipe
710018a8bd	FUN_71000b2c60,	glGetMPEGPredictorSGIX
710018a8d4	FUN_71000b2c60,	glPrioritizeVertexArraysSGIX
710018a8f1	FUN_71000b2c60,FUN_71000f0e30,	glGlobalAlphaFactorusSUN
710018a90a	FUN_71000b2c60,FUN_71000f0e30,	glColor3fVertex3fSUN
710018a91f	TextRenderer_Init,	fontTex
710018a927	FUN_71000dffe0,	no PLTE
710018a92f	FUN_71000dffe0,	no IDAT
710018a937	FUN_71000e2b20,	not enough pixels
710018a949	71001b6350,	XML_ERROR_PARSING_DECLARATION
710018a967	FUN_71000f0e30,	glBlendFunc
710018a973	FUN_71000f0e30,	glGetFloatv
710018a97f	FUN_71000f0e30,	glCallList
710018a98a	FUN_71000f0e30,	glNormal3b
710018a995	FUN_71000f0e30,	glTexCoord3d
710018a9a2	FUN_71000f0e30,	glTexCoord4fv
710018a9b0	FUN_71000f0e30,	glMateriali
710018a9bc	FUN_71000f0e30,	glSelectBuffer
710018a9cb	FUN_71000f0e30,	glPrioritizeTextures
710018a9e0	FUN_71000f0e30,	glProgramUniform3dvEXT
710018a9f7	FUN_71000f0e30,	glProgramUniformMatrix2dvEXT
710018aa14	FUN_71000f0e30,	glDebugMessageCallbackKHR
710018aa2e	FUN_71000f0e30,	glFrustumxOES
710018aa3c	FUN_71000f0e30,	glMap2xOES
710018aa47	FUN_7100109380,	nvnDeviceBuilderSetFlags
710018aa60	FUN_7100109380,	nvnQueueBuilderSetFlags
710018aa78	FUN_7100109380,	nvnQueueBuilderGetFlags
710018aa90	FUN_7100109380,	nvnWindowBuilderSetTextures
710018aaac	FUN_7100109380,	nvnWindowGetNumTextures
710018aac4	FUN_7100109380,	nvnSamplerBuilderGetMinMagFilter
710018aae5	FUN_7100109380,	nvnColorStateSetDefaults
710018aafe	FUN_7100109380,	nvnMultisampleStateGetAlphaToCoverageDither
710018ab2a	FUN_7100109380,	nvnMultisampleStateSetRasterSamples
710018ab4e	FUN_7100109380,	nvnMultisampleStateSetCoverageToColorEnable
710018ab7a	FUN_7100109380,	nvnCommandBufferSetDebugLabel
710018ab98	FUN_7100109380,	nvnCommandBufferSetMemoryCallback
710018abba	FUN_7100109380,	nvnCommandBufferDispatchCompute
710018abda	FUN_7100109380,	nvnCommandBufferUpdateUniformBuffer
710018abfe	FUN_7100109380,	nvnCommandBufferSetRenderTargets
710018ac1f	Renderer_Init,Renderer_Init,Renderer_Init,Renderer_Init,	rom:/assets/shaders/sprite.vs
710018ac3d	Renderer_DrawPauseMenu,Renderer_Init,GameDef_Load,	DialogBox
710018ac47	Renderer_DrawExtrasMenu,Renderer_DrawPauseMenu,Renderer_Init,GameDef_Load,	SelectIcon
710018ac52	FUN_710009cff0,	video/avc
710018ac5c	FUN_710009cff0,	channel-count
710018ac6a	Artwork_LoadTextures,	rom:/assets/artwork/2_BonusArtwork_P04.png
710018ac95	Artwork_LoadTextures,	rom:/assets/artwork/2_BonusArtwork_P09.png
710018acc0	71001b2bd8,	GL_ANDROID_extension_pack_es31a
710018ace0	71001b2c98,	GL_APPLE_pixel_buffer
710018acf6	71001b2eb0,71001b7af8,	GL_ARB_gpu_shader_int64
710018ad0e	71001b2ed0,71001b7b20,	GL_ARB_indirect_parameters
710018ad29	71001b3070,71001b7cb8,	GL_ARB_shading_language_420pack
710018ad49	71001b3088,71001b7cd0,	GL_ARB_shadow
710018ad57	71001b31c0,71001b7e08,	GL_ARB_texture_storage_multisample
710018ad7a	71001b32d0,71001b7ed0,	GL_ATI_fragment_shader
710018ad91	71001b3388,71001b7f50,	GL_EXT_bindable_uniform
710018ada9	71001b33f8,	GL_EXT_color_buffer_half_float
710018adc8	71001b3408,71001b7fa0,	GL_EXT_compiled_vertex_array
710018ade5	71001b3538,71001b8070,	GL_EXT_index_material
710018adfb	71001b36a0,71001b8168,	GL_EXT_shader_image_load_formatted
710018ae1e	71001b3850,71001b8260,	GL_EXT_texture_swizzle
710018ae35	71001b3c78,71001b85d0,	GL_NV_pixel_data_range
710018ae4c	71001b3ce8,71001b8620,	GL_NV_sample_mask_override_coverage
710018ae70	71001b3de8,71001b86e0,	GL_NV_texture_shader3
710018ae86	71001b3ec8,	GL_QCOM_alpha_test
710018ae99	71001b4020,71001b88b0,	GL_SGIX_blend_alpha_minmax
710018aeb4	71001b4030,	GL_SGIX_blend_cmultiply
710018aecc	71001b4080,	GL_SGIX_decimation
710018aedf	71001b4098,	GL_SGIX_dvc
710018aeeb	71001b4100,	GL_SGIX_icc_texture
710018aeff	FUN_71000a2860,	eglQueryAPI
710018af0b	FUN_71000a2860,	eglPresentationTimeANDROID
710018af26	FUN_71000a2860,	eglQueryDmaBufModifiersEXT
710018af41	FUN_71000a2860,	eglLockSurfaceKHR
710018af53	FUN_71000b2c60,FUN_71000f0e30,	glSecondaryColor3fv
710018af67	FUN_71000b2c60,FUN_71000f0e30,	glWindowPos2f
710018af75	FUN_71000b2c60,FUN_71000f0e30,	glIsQuery
710018af7f	FUN_71000b2c60,FUN_71000f0e30,	glStencilMaskSeparate
710018af95	FUN_71000b2c60,FUN_71000f0e30,	glUniform1i
710018afa1	FUN_71000b2c60,FUN_71000f0e30,	glVertexAttrib2sv
710018afb3	FUN_71000b2c60,FUN_71000f0e30,	glVertexAttrib3d
710018afc4	FUN_71000b2c60,FUN_71000f0e30,	glVertexAttrib4Nuiv
710018afd8	FUN_71000b2c60,FUN_71000f0e30,	glVertexAttrib4d
710018afe9	FUN_71000b2c60,FUN_71000f0e30,	glClearBufferiv
710018aff9	FUN_71000b2c60,	glRenderbufferStorageMultisampleANGLE
710018b01f	FUN_71000b2c60,	glQueryCounterANGLE
710018b033	FUN_71000b2c60,	glResolveMultisampleFramebufferAPPLE
710018b058	FUN_71000b2c60,FUN_71000f0e30,	glTextureRangeAPPLE
710018b06c	FUN_71000b2c60,FUN_71000f0e30,	glIsVertexArrayAPPLE
710018b081	FUN_71000b2c60,FUN_71000f0e30,	glUniformHandleui64vARB
710018b099	FUN_71000b2c60,FUN_71000f0e30,	glTextureStorage2DMultisample
710018b0b7	FUN_71000b2c60,FUN_71000f0e30,	glProgramUniform3ui64ARB
710018b0d0	FUN_71000b2c60,FUN_71000f0e30,	glUniform4i64ARB
710018b0e1	FUN_71000b2c60,FUN_71000f0e30,	glMultiDrawElementsIndirectCountARB
710018b105	FUN_71000b2c60,FUN_71000f0e30,	glGetQueryObjectuivARB
710018b11c	FUN_71000b2c60,FUN_71000f0e30,	glGetnPixelMapfvARB
710018b130	FUN_71000b2c60,FUN_71000f0e30,	glProgramUniformMatrix2dv
710018b14a	FUN_71000b2c60,FUN_71000b2c60,FUN_71000f0e30,	glTexImage2DMultisample
710018b162	FUN_71000b2c60,FUN_71000f0e30,	glDrawTransformFeedback
710018b17a	FUN_71000b2c60,FUN_71000f0e30,	glVertexAttribL1dv
710018b18d	FUN_71000f0e30,FUN_71000cbf60,	glGetProgramEnvParameterdvARB
710018b1ab	FUN_71000f0e30,FUN_71000cbf60,	glGetVertexAttribfvARB
710018b1c2	FUN_71000f0e30,FUN_71000cbf60,	glVertexAttrib4usvARB
710018b1d8	FUN_71000b2c60,FUN_71000f0e30,	glMultiTexCoordP3ui
710018b1ec	FUN_71000b2c60,FUN_71000f0e30,	glTexCoordP1ui
710018b1fb	FUN_71000b2c60,FUN_71000f0e30,	glWindowPos2dARB
710018b20c	FUN_71000b2c60,FUN_71000f0e30,	glGenFragmentShadersATI
710018b224	FUN_71000b2c60,FUN_71000f0e30,	glNormalStream3ivATI
710018b239	FUN_71000b2c60,FUN_71000f0e30,	glVertexStream3ivATI
710018b24e	FUN_71000b2c60,FUN_71000f0e30,	glBlendEquationSeparateEXT
710018b269	FUN_71000b2c60,	glBufferStorageEXT
710018b27c	FUN_71000b2c60,FUN_71000f0e30,	glCopyMultiTexImage2DEXT
710018b295	FUN_71000b2c60,FUN_71000f0e30,	glDisableClientStateIndexedEXT
710018b2b4	FUN_71000b2c60,FUN_71000f0e30,	glGetVertexArrayIntegervEXT
710018b2d0	FUN_71000b2c60,FUN_71000f0e30,	glMatrixMultfEXT
710018b2e1	FUN_71000b2c60,FUN_71000f0e30,	glProgramUniform4iEXT
710018b2f7	FUN_71000b2c60,FUN_71000f0e30,	glTextureParameterfvEXT
710018b30f	FUN_71000b2c60,	glDrawBuffersEXT
710018b320	FUN_71000b2c60,FUN_71000f0e30,	glFramebufferTexture2DEXT
710018b33a	FUN_71000b2c60,FUN_71000f0e30,	glBindBufferRangeEXT
710018b34f	FUN_71000b2c60,FUN_71000f0e30,	glSetInvariantEXT
710018b361	FUN_71000b2c60,FUN_71000f0e30,	glMultiModeDrawArraysIBM
710018b37a	FUN_71000b2c60,FUN_71000f0e30,	glReadnPixels
710018b388	FUN_71000b2c60,FUN_71000f0e30,	glMultiDrawArraysIndirectBindlessNV
710018b3ac	FUN_71000b2c60,FUN_71000f0e30,	glIsTextureHandleResidentNV
710018b3c8	FUN_71000b2c60,FUN_71000f0e30,	glDrawCommandsNV
710018b3d9	FUN_71000b2c60,FUN_71000f0e30,	glDrawCommandsStatesAddressNV
710018b3f7	FUN_71000b2c60,FUN_71000f0e30,	glSubpixelPrecisionBiasNV
710018b411	FUN_71000b2c60,FUN_71000f0e30,	glSignalVkSemaphoreNV
710018b427	FUN_71000b2c60,FUN_71000f0e30,	glGetProgramNamedParameterfvNV
710018b446	FUN_71000b2c60,FUN_71000f0e30,	glProgramUniform2i64NV
710018b45d	FUN_71000b2c60,FUN_71000f0e30,	glProgramUniform2ui64NV
710018b475	FUN_71000b2c60,FUN_71000f0e30,	glProgramUniform3ui64NV
710018b48d	FUN_71000b2c60,FUN_71000f0e30,	glProgramUniform4i64NV
710018b4a4	FUN_71000b2c60,FUN_71000f0e30,	glUniform1ui64vNV
710018b4b6	FUN_71000b2c60,FUN_71000f0e30,	glVertexAttribs4hvNV
710018b4cb	FUN_71000b2c60,	glUniformMatrix3x2fvNV
710018b4e2	FUN_71000b2c60,FUN_71000f0e30,	glCoverFillPathInstancedNV
710018b4fd	FUN_71000b2c60,FUN_71000f0e30,	glGetPathTexGenivNV
710018b511	FUN_71000b2c60,FUN_71000f0e30,	glMatrixMultTranspose3x3fNV
710018b52d	FUN_71000b2c60,FUN_71000f0e30,	glPathColorGenNV
710018b53e	FUN_71000b2c60,FUN_71000f0e30,	glStencilThenCoverFillPathInstancedNV
710018b564	FUN_71000b2c60,FUN_71000f0e30,	glPointParameterivNV
710018b579	FUN_71000b2c60,FUN_71000f0e30,	glVDPAUUnregisterSurfaceNV
710018b594	FUN_71000b2c60,FUN_71000f0e30,	glGetProgramParameterdvNV
710018b5ae	FUN_71000b2c60,FUN_71000f0e30,	glVertexAttrib4fvNV
710018b5c2	FUN_71000b2c60,	glPointParameterx
710018b5d4	FUN_71000b2c60,FUN_71000f0e30,	glFragmentLightfvSGIX
710018b5ea	FUN_71000b2c60,FUN_71000f0e30,	glFragmentMaterialiSGIX
710018b602	FUN_71000b2c60,	glGetNonlinMaterialfvSGIX
710018b61c	FUN_71000b2c60,	glVectorOperationSGIX
710018b632	FUN_71000b2c60,FUN_71000f0e30,	glGetColorTableParameterivSGI
710018b650	FUN_71000b2c60,FUN_71000f0e30,	glReplacementCodeuiTexCoord2fNormal3fVertex3fvSUN
710018b682	FUN_71000b2c60,FUN_71000f0e30,	glReplacementCodeuiVertex3fSUN
710018b6a1	FUN_71000b2c60,FUN_71000f0e30,	glTexCoord4fColor4fNormal3fVertex4fSUN
710018b6c8	FUN_71000dfba0,	bad png sig
710018b6d4	FUN_71000e4550,	BMP RLE
710018b6dc	Shader_CheckCompileErrors,	| ERROR::SHADER: Compile-time error: Type: 
710018b708	FUN_71000f0e30,	glColor4ub
710018b713	FUN_71000f0e30,	glIndexd
710018b71c	FUN_71000f0e30,	glRasterPos2f
710018b72a	FUN_71000f0e30,	glVertex4f
710018b735	FUN_71000f0e30,	glPassThrough
710018b743	FUN_71000f0e30,	glEvaluateDepthValuesARB
710018b75c	FUN_71000f0e30,	glObjectLabelKHR
710018b76d	FUN_71000f0e30,	glGetProgramEnvParameterIuivNV
710018b78c	FUN_71000f0e30,	glVertex2bOES
710018b79a	FUN_71000f0e30,	glColor4xvOES
710018b7a8	FUN_71000f0e30,	glGetMapxvOES
710018b7b6	FUN_71000f0e30,	glMultiTexCoord3xvOES
710018b7cc	FUN_71000f0e30,	glMultiTexCoord4xvOES
710018b7e2	FUN_71000f0e30,	glPixelMapx
710018b7ee	FUN_71000f0e30,	glRasterPos4xOES
710018b7ff	FUN_71000f0e30,	glFrustumfOES
710018b80d	FUN_71000f0e30,	glPixelTexGenParameterivSGIS
710018b82a	71001b87b8,	GL_OES_single_precision
710018b842	FUN_7100109380,	nvnDeviceGetSeparateSamplerHandle
710018b864	FUN_7100109380,	nvnWindowBuilderSetPresentInterval
710018b887	FUN_7100109380,	nvnWindowAcquireTexture
710018b89f	FUN_7100109380,	nvnBufferBuilderSetDefaults
710018b8bb	FUN_7100109380,	nvnTextureBuilderSetTarget
710018b8d6	FUN_7100109380,	nvnTextureBuilderSetPackagedTextureLayout
710018b900	FUN_7100109380,	nvnTextureGetLevels
710018b914	FUN_7100109380,	nvnTextureReadTexels
710018b929	FUN_7100109380,	nvnSamplerBuilderSetReductionFilter
710018b94d	FUN_7100109380,	nvnSamplerBuilderGetWrapMode
710018b96a	FUN_7100109380,	nvnMultisampleStateGetRasterSamples
710018b98e	FUN_7100109380,	nvnDepthStencilStateGetStencilOp
710018b9af	FUN_7100109380,	nvnCommandBufferClearDepthStencil
710018b9d1	FUN_7100109380,	nvnCommandBufferSetStencilMask
710018b9f0	FUN_7100109380,	nvnEventBuilderGetStorage
710018ba0a	Renderer_Init,	NESFrameBuffer
710018ba19	Renderer_Init,	rom:/assets/shaders/sprite.fs
710018ba37	Renderer_DrawExtrasMenu,	EXTRAS
710018ba3e	GameDef_Load,GameDef_Load,GameDef_Load,GameDef_Load,GameDef_Load,GameDef_Load,GameDef_Load,GameDef_Load,GameDef_Load,GameDef_Load,GameDef_Load,GameDef_Load,GameDef_Load,GameDef_Load,GameDef_Load,GameDef_Load,GameDef_Load,GameDef_Load,GameDef_Load,GameDef_Load,GameDef_Load,GameDef_Load,	carbon
710018ba45	GameDef_Load,GameDef_Load,	MenuBar
710018ba4d	71001b2aa8,71001b77c0,	GL_3DFX_texture_compression_FXT1
710018ba6e	71001b2b48,71001b7848,	GL_AMD_query_buffer_object
710018ba89	71001b2be0,	GL_ANGLE_depth_texture
710018baa0	71001b2d10,71001b7a58,	GL_ARB_ES2_compatibility
710018bab9	71001b2d50,71001b7980,	GL_ARB_buffer_storage
710018bacf	71001b2d68,71001b7998,	GL_ARB_clear_texture
710018bae4	71001b2e10,71001b7a40,	GL_ARB_draw_indirect
710018baf9	71001b2e78,71001b7ac8,	GL_ARB_framebuffer_sRGB
710018bb11	71001b2f10,71001b7b60,	GL_ARB_multi_bind
710018bb23	71001b3030,71001b7c78,	GL_ARB_shader_precision
710018bb3b	71001b3090,71001b7cd8,	GL_ARB_shadow_ambient
710018bb51	71001b30e8,71001b7d30,	GL_ARB_texture_buffer_object
710018bb6e	71001b31b0,71001b7df8,	GL_ARB_texture_stencil8
710018bb86	71001b31e8,71001b7e40,	GL_ARB_transform_feedback3
710018bba1	71001b34b0,71001b8010,	GL_EXT_fog_coord
710018bbb2	71001b34d8,71001b8028,	GL_EXT_framebuffer_multisample_blit_scaled
710018bbdd	71001b3548,	GL_EXT_instanced_arrays
710018bbf5	71001b37c0,71001b8208,	GL_EXT_texture_filter_anisotropic
710018bc17	71001b3898,71001b8290,	GL_EXT_vertex_attrib_64bit
710018bc32	71001b3b10,	GL_NV_explicit_attrib_location
710018bc51	71001b3b58,71001b8510,	GL_NV_fragment_program2
710018bc69	71001b3bc0,71001b8558,	GL_NV_gpu_program4
710018bc7c	71001b3bf8,	GL_NV_instanced_arrays
710018bc93	71001b3c20,	GL_NV_non_square_matrices
710018bcad	71001b3d50,71001b8678,	GL_NV_stereo_view_rendering
710018bcc9	71001b4120,	GL_SGIX_instrument_error
710018bce2	71001b4198,71001b8938,	GL_SGIX_polynomial_ffd
710018bcf9	71001b4228,	GL_SGIX_texture_phase
710018bd0f	71001b4250,	GL_SGIX_vertex_array_object
710018bd2b	FUN_71000b2c60,FUN_71000f0e30,	glLoadTransposeMatrixf
710018bd42	FUN_71000b2c60,FUN_71000f0e30,	glBlendFuncSeparate
710018bd56	FUN_71000b2c60,FUN_71000f0e30,	glSecondaryColor3f
710018bd69	FUN_71000b2c60,FUN_71000f0e30,	glSecondaryColor3sv
710018bd7d	FUN_71000b2c60,FUN_71000f0e30,	glWindowPos2i
710018bd8b	FUN_71000b2c60,FUN_71000f0e30,	glShaderSource
710018bd9a	FUN_71000b2c60,FUN_71000f0e30,	glVertexAttrib2d
710018bdab	FUN_71000b2c60,FUN_71000f0e30,	glVertexAttrib3s
710018bdbc	FUN_71000b2c60,FUN_71000f0e30,	glFramebufferTexture
710018bdd1	FUN_71000b2c60,FUN_71000f0e30,	glDeleteNamesAMD
710018bde2	FUN_71000b2c60,FUN_71000f0e30,	glTessellationModeAMD
710018bdf8	FUN_71000b2c60,FUN_71000f0e30,	glDebugMessageCallbackARB
710018be12	FUN_71000b2c60,FUN_71000f0e30,	glGetNamedBufferPointerv
710018be2b	FUN_71000b2c60,FUN_71000f0e30,	glNamedFramebufferTexture
710018be45	FUN_71000b2c60,FUN_71000f0e30,	glColorTableParameteriv
710018be5d	FUN_71000b2c60,FUN_71000f0e30,	glConvolutionParameterfv
710018be76	FUN_71000b2c60,FUN_71000f0e30,	glInvalidateFramebuffer
710018be8e	FUN_71000b2c60,FUN_71000f0e30,	glDeleteQueriesARB
710018bea1	FUN_71000b2c60,FUN_71000f0e30,	glGenQueriesARB
710018beb1	FUN_71000b2c60,FUN_71000f0e30,	glPointParameterfARB
710018bec6	FUN_71000b2c60,FUN_71000f0e30,	glGetnUniformivARB
710018bed9	FUN_71000b2c60,FUN_71000f0e30,	glProgramUniformMatrix2fv
710018bef3	FUN_71000b2c60,FUN_71000f0e30,	glValidateProgramARB
710018bf08	FUN_71000b2c60,FUN_71000f0e30,	glVertexArrayVertexAttribFormatEXT
710018bf2b	FUN_71000f0e30,FUN_71000cbf60,	glGetVertexAttribPointervARB
710018bf48	FUN_71000f0e30,FUN_71000cbf60,	glVertexAttrib4uivARB
710018bf5e	FUN_71000b2c60,FUN_71000f0e30,	glPassTexCoordATI
710018bf70	FUN_71000b2c60,FUN_71000f0e30,	glSetFragmentShaderConstantATI
710018bf8f	FUN_71000b2c60,FUN_71000f0e30,	glGetVariantArrayObjectfvATI
710018bfac	FUN_71000b2c60,FUN_71000f0e30,	glVertexStream3sATI
710018bfc0	FUN_71000b2c60,FUN_71000f0e30,	glVertexStream4svATI
710018bfd5	FUN_71000b2c60,	glGetFragDataIndexEXT
710018bfeb	FUN_71000b2c60,FUN_71000f0e30,	glBlendFuncSeparateEXT
710018c002	FUN_71000b2c60,FUN_71000f0e30,	glColorSubTableEXT
710018c015	FUN_71000b2c60,FUN_71000f0e30,	glCompressedMultiTexSubImage2DEXT
710018c037	FUN_71000b2c60,FUN_71000f0e30,	glCompressedMultiTexSubImage3DEXT
710018c059	FUN_71000b2c60,FUN_71000f0e30,	glFramebufferDrawBufferEXT
710018c074	FUN_71000b2c60,FUN_71000f0e30,	glMatrixLoadTransposedEXT
710018c08e	FUN_71000b2c60,FUN_71000f0e30,	glVertexArrayTexCoordOffsetEXT
710018c0ad	FUN_71000b2c60,FUN_71000f0e30,	glIsMemoryObjectEXT
710018c0c1	FUN_71000b2c60,FUN_71000f0e30,	glPixelTransformParameterfEXT
710018c0df	FUN_71000b2c60,FUN_71000f0e30,	glSecondaryColor3fEXT
710018c0f5	FUN_71000b2c60,FUN_71000f0e30,	glGenSemaphoresEXT
710018c108	FUN_71000b2c60,FUN_71000f0e30,	glGetVertexAttribLdvEXT
710018c120	FUN_71000b2c60,FUN_71000f0e30,	glDeleteVertexShaderEXT
710018c138	FUN_71000b2c60,FUN_71000f0e30,	glGetLocalConstantFloatvEXT
710018c154	FUN_71000b2c60,FUN_71000f0e30,	glSyncTextureINTEL
710018c167	FUN_71000b2c60,FUN_71000f0e30,	glGetnUniformiv
710018c177	FUN_71000b2c60,FUN_71000f0e30,	glWindowPos2sMESA
710018c189	FUN_71000b2c60,FUN_71000f0e30,	glWindowPos3dMESA
710018c19b	FUN_71000b2c60,FUN_71000f0e30,	glViewportPositionWScaleNV
710018c1b6	FUN_71000b2c60,FUN_71000f0e30,	glProgramNamedParameter4fNV
710018c1d2	FUN_71000b2c60,FUN_71000f0e30,	glProgramNamedParameter4fvNV
710018c1ef	FUN_71000b2c60,FUN_71000f0e30,	glUniform3i64vNV
710018c200	FUN_71000b2c60,FUN_71000f0e30,	glUniform3ui64NV
710018c211	FUN_71000b2c60,FUN_71000f0e30,	glUniform3ui64vNV
710018c223	FUN_71000b2c60,FUN_71000f0e30,	glMultiTexCoord2hvNV
710018c238	FUN_71000b2c60,FUN_71000f0e30,	glDeleteOcclusionQueriesNV
710018c253	FUN_71000b2c60,FUN_71000f0e30,	glPathCoverDepthFuncNV
710018c26a	FUN_71000b2c60,FUN_71000f0e30,	glPathGlyphIndexArrayNV
710018c282	FUN_71000b2c60,FUN_71000f0e30,	glPresentFrameDualFillNV
710018c29b	FUN_71000b2c60,FUN_71000f0e30,	glGetCombinerStageParameterfvNV
710018c2bb	FUN_71000b2c60,FUN_71000f0e30,	glBindBufferRangeNV
710018c2cf	FUN_71000b2c60,FUN_71000f0e30,	glVertexAttribs1fvNV
710018c2e4	FUN_71000b2c60,FUN_71000f0e30,	glVertexAttribs2svNV
710018c2f9	FUN_71000b2c60,	glExtGetFramebuffersQCOM
710018c312	FUN_71000b2c60,	glEndTilingQCOM
710018c322	FUN_71000b2c60,FUN_71000f0e30,	glGetFogFuncSGIS
710018c333	FUN_71000b2c60,	glInterleavedTextureCoordSetsSGIS
710018c355	FUN_71000b2c60,FUN_71000f0e30,	glFragmentLightModelivSGIX
710018c370	FUN_71000b2c60,	glGetNonlinLightfvSGIX
710018c387	FUN_71000b2c60,	glGetVectorOperationSGIX
710018c3a0	FUN_71000b2c60,FUN_71000f0e30,	glReplacementCodeuiTexCoord2fColor4fNormal3fVertex3fSUN
710018c3d8	FUN_71000d7f00,	only 8-bit
710018c3e3	FUN_71000dad60,	bad DNL height
710018c3f4	71001b6360,	XML_ERROR_EMPTY_DOCUMENT
710018c40d	FUN_71000f0e30,	glColor3ui
710018c418	FUN_71000f0e30,	glRasterPos4s
710018c426	FUN_71000f0e30,	glTexCoord3fv
710018c434	FUN_71000f0e30,	glMaterialiv
710018c441	FUN_71000f0e30,	glTexEnvi
710018c44b	FUN_71000f0e30,	glMapGrid1d
710018c457	FUN_71000f0e30,	glMapGrid2f
710018c463	FUN_71000f0e30,	glDrawPixels
710018c470	FUN_71000f0e30,	glGetMaterialfv
710018c480	FUN_71000f0e30,	glPolygonOffset
710018c490	FUN_71000f0e30,	glGetnMapiv
710018c49c	FUN_71000f0e30,	glUseProgramStagesEXT
710018c4b2	FUN_71000f0e30,	glGetGraphicsResetStatusKHR
710018c4ce	FUN_71000f0e30,	glGetnUniformuivKHR
710018c4e2	FUN_71000f0e30,	glClearDepthxOES
710018c4f3	FUN_71000f0e30,	glConvolutionParameterxOES
710018c50e	FUN_71000f0e30,	glGetTexLevelParameterxvOES
710018c52a	FUN_71000f0e30,	glPassThroughxOES
710018c53c	FUN_71000f0e30,	glOrthofOES
710018c548	FUN_71000f0e30,	glListParameterfvSGIX
710018c55e	71001b8850,	GL_SGIS_point_parameters
710018c577	FUN_7100109380,	nvnDeviceGetTextureHandle
710018c591	FUN_7100109380,	nvnDeviceApplyDeferredFinalizes
710018c5b1	FUN_7100109380,	nvnQueuePresentTexture
710018c5c8	FUN_7100109380,	nvnWindowBuilderSetDevice
710018c5e2	FUN_7100109380,	nvnWindowBuilderSetNativeWindow
710018c602	FUN_7100109380,	nvnWindowBuilderGetTexture
710018c61d	FUN_7100109380,	nvnWindowBuilderGetNativeWindow
710018c63d	FUN_7100109380,	nvnWindowSetPresentInterval
710018c659	FUN_7100109380,	nvnMemoryPoolBuilderGetFlags
710018c676	FUN_7100109380,	nvnTextureBuilderGetPackagedTextureLayout
710018c6a0	FUN_7100109380,	nvnCommandBufferBindColorState
710018c6bf	FUN_7100109380,	nvnCommandBufferBindImages
710018c6da	FUN_7100109380,	nvnCommandBufferSetInnerTessellationLevels
710018c705	FUN_7100109380,	nvnCommandBufferDrawArrays
710018c720	FUN_7100109380,	nvnCommandBufferDispatchComputeIndirect
710018c748	FUN_7100109380,	nvnCommandBufferSetViewportSwizzles
710018c76c	FUN_7100109380,	nvnCommandBufferSetLineWidth
710018c789	FUN_7100109380,	nvnCommandBufferSetSamplerPool
710018c7a8	FUN_7100109380,	nvnCommandBufferSetColorReductionThresholds
710018c7d4	GbaSystem_LoadRom,	rom:/game.gba
710018c7e2	FUN_710009a210,	Filter : GameBoy Color
710018c7f9	Artwork_LoadTextures,	rom:/assets/artwork/2_BonusArtwork_P13.png
710018c824	FUN_71000a2860,	EGL_ANGLE_d3d_share_handle_client_buffer
710018c84d	71001b2c20,	GL_ANGLE_texture_compression_dxt5
710018c86f	71001b2c68,71001b78f0,	GL_APPLE_element_array
710018c886	71001b2f20,71001b7b70,	GL_ARB_multisample
710018c899	71001b2f48,71001b7b98,	GL_ARB_pipeline_statistics_query
710018c8ba	71001b2f80,71001b7bd0,	GL_ARB_provoking_vertex
710018c8d2	71001b2fe0,71001b7c28,	GL_ARB_shader_atomic_counter_ops
710018c8f3	71001b3020,71001b7c68,	GL_ARB_shader_image_size
710018c90c	71001b3290,	GL_ARM_shader_framebuffer_fetch_depth_stencil
710018c93a	71001b32a0,	GL_ATIX_texture_env_combine3
710018c957	71001b32c8,71001b7ec8,	GL_ATI_envmap_bumpmap
710018c96d	71001b3490,71001b7ff0,	GL_EXT_draw_instanced
710018c983	71001b3580,71001b80a8,	GL_EXT_multi_draw_arrays
710018c99c	FUN_71000b2c60,FUN_71000b2c60,FUN_71000b2c60,FUN_71000b2c60,71001b3688,71001b8150,	GL_EXT_separate_specular_color
710018c9bb	71001b36c8,	GL_EXT_shader_non_constant_global_initializers
710018c9ea	71001b3800,71001b8238,	GL_EXT_texture_perturb_normal
710018ca08	71001b3818,71001b8250,	GL_EXT_texture_sRGB
710018ca1c	71001b3930,71001b8330,	GL_INGR_interlace_read
710018ca33	71001b3a68,71001b8438,	GL_NV_blend_minmax_factor
710018ca4d	71001b3a80,71001b8450,	GL_NV_command_list
710018ca60	71001b3be0,71001b8570,	GL_NV_gpu_shader5
710018ca72	71001b3d30,71001b8668,	GL_NV_shader_thread_group
710018ca8c	71001b3d68,71001b8690,	GL_NV_texgen_reflection
710018caa4	71001b3e80,71001b8790,	GL_OES_byte_coordinates
710018cabc	71001b4008,	GL_SGIX_bali_g_instruments
710018cad7	71001b4010,	GL_SGIX_bali_r_instruments
710018caf2	71001b4258,71001b89a8,	GL_SGIX_vertex_preclip
710018cb09	FUN_71000a2860,	eglReleaseThread
710018cb1a	FUN_71000b2c60,FUN_71000f0e30,	glMultiTexCoord1fv
710018cb2d	FUN_71000b2c60,FUN_71000f0e30,	glMultiTexCoord3f
710018cb3f	FUN_71000b2c60,FUN_71000f0e30,	glMultiTexCoord4i
710018cb51	FUN_71000b2c60,FUN_71000f0e30,	glWindowPos3dv
710018cb60	FUN_71000b2c60,FUN_71000f0e30,	glDeleteQueries
710018cb70	FUN_71000b2c60,FUN_71000f0e30,	glUniformMatrix4fv
710018cb83	FUN_71000b2c60,FUN_71000f0e30,	glVertexAttrib4Nusv
710018cb97	FUN_71000b2c60,FUN_71000f0e30,	glBlendFuncSeparateIndexedAMD
710018cbb5	FUN_71000b2c60,FUN_71000f0e30,	glClearNamedBufferDataEXT
710018cbcf	FUN_71000b2c60,FUN_71000b2c60,FUN_71000f0e30,	glCopyBufferSubData
710018cbe3	FUN_71000b2c60,FUN_71000f0e30,	glCopyImageSubData
710018cbf6	FUN_71000b2c60,FUN_71000f0e30,	glMapNamedBuffer
710018cc07	FUN_71000b2c60,FUN_71000f0e30,	glNamedFramebufferRenderbuffer
710018cc26	FUN_71000b2c60,FUN_71000f0e30,	glVertexArrayAttribLFormat
710018cc41	FUN_71000b2c60,FUN_71000f0e30,	glUniform1d
710018cc4d	FUN_71000b2c60,FUN_71000f0e30,	glGetnUniformui64vARB
710018cc63	FUN_71000b2c60,FUN_71000f0e30,	glProgramUniform2i64ARB
710018cc7b	FUN_71000b2c60,FUN_71000f0e30,	glUniform4i64vARB
710018cc8d	FUN_71000b2c60,FUN_71000f0e30,	glInvalidateTexSubImage
710018cca5	FUN_71000b2c60,FUN_71000f0e30,	glMatrixIndexPointerARB
710018ccbd	FUN_71000b2c60,FUN_71000f0e30,	glMultiTexCoord2dvARB
710018ccd3	FUN_71000b2c60,FUN_71000f0e30,	glBeginQueryARB
710018cce3	FUN_71000b2c60,FUN_71000f0e30,	glGetnConvolutionFilterARB
710018ccfe	FUN_71000b2c60,FUN_71000f0e30,	glProgramUniform1uiv
710018cd13	FUN_71000b2c60,FUN_71000f0e30,	glUniform2fARB
710018cd22	FUN_71000b2c60,FUN_71000f0e30,	glUniformMatrix3fvARB
710018cd38	FUN_71000b2c60,FUN_71000b2c60,FUN_71000f0e30,	glGetMultisamplefv
710018cd4b	FUN_71000b2c60,FUN_71000f0e30,	glTexStorage1D
710018cd5a	FUN_71000f0e30,FUN_71000cbf60,	glVertexAttrib1dARB
710018cd6e	FUN_71000b2c60,FUN_71000f0e30,	glMultiTexCoordP1ui
710018cd82	FUN_71000b2c60,FUN_71000f0e30,	glVertexAttribP4ui
710018cd95	FUN_71000b2c60,FUN_71000f0e30,	glNamedBufferStorageEXT
710018cdad	FUN_71000b2c60,FUN_71000f0e30,	glTangentPointerEXT
710018cdc1	FUN_71000b2c60,FUN_71000f0e30,	glGetMultiTexGendvEXT
710018cdd7	FUN_71000b2c60,FUN_71000f0e30,	glGetTextureParameterivEXT
710018cdf2	FUN_71000b2c60,FUN_71000f0e30,	glMatrixPushEXT
710018ce02	FUN_71000b2c60,FUN_71000f0e30,	glNamedProgramLocalParameter4fvEXT
710018ce25	FUN_71000b2c60,FUN_71000f0e30,	glNamedProgramLocalParameterI4uivEXT
710018ce4a	FUN_71000b2c60,FUN_71000f0e30,	glProgramUniform3ivEXT
710018ce61	FUN_71000b2c60,FUN_71000f0e30,	glTextureSubImage2DEXT
710018ce78	FUN_71000b2c60,	glBlendFunciEXT
710018ce88	FUN_71000b2c60,	glFragmentMaterialfvEXT
710018cea0	FUN_71000b2c60,FUN_71000f0e30,	glFramebufferTextureEXT
710018ceb8	FUN_71000b2c60,FUN_71000f0e30,	glPointParameterfEXT
710018cecd	FUN_71000b2c60,FUN_71000f0e30,	glSecondaryColor3dEXT
710018cee3	FUN_71000b2c60,FUN_71000f0e30,	glGenTexturesEXT
710018cef4	FUN_71000b2c60,FUN_71000f0e30,	glGetVariantIntegervEXT
710018cf0c	FUN_71000b2c60,FUN_71000f0e30,	glGetPerfQueryInfoINTEL
710018cf24	FUN_71000b2c60,FUN_71000f0e30,	glWindowPos4svMESA
710018cf37	FUN_71000b2c60,FUN_71000f0e30,	glMulticastBarrierNV
710018cf4c	FUN_71000b2c60,FUN_71000f0e30,	glRenderGpuMaskNV
710018cf5e	FUN_71000b2c60,FUN_71000f0e30,	glUniform4i64vNV
710018cf6f	FUN_71000b2c60,FUN_71000f0e30,	glColor3hvNV
710018cf7c	FUN_71000b2c60,FUN_71000f0e30,	glVertex3hvNV
710018cf8a	FUN_71000b2c60,FUN_71000f0e30,	glVertexAttribs1hvNV
710018cf9f	FUN_71000b2c60,FUN_71000f0e30,	glGetCombinerOutputParameterivNV
710018cfc0	FUN_71000b2c60,	glCopyTexSubImage3DNV
710018cfd6	FUN_71000b2c60,FUN_71000f0e30,	glVDPAUInitNV
710018cfe4	FUN_71000b2c60,FUN_71000f0e30,	glVDPAURegisterVideoSurfaceNV
710018d002	FUN_71000b2c60,FUN_71000f0e30,	glVertexAttrib2fNV
710018d015	FUN_71000b2c60,	glViewportIndexedfNV
710018d02a	FUN_71000b2c60,	glAlphaFuncx
710018d037	FUN_71000b2c60,	glIsSupportedREGAL
710018d04a	FUN_71000b2c60,FUN_71000f0e30,	glFragmentColorMaterialSGIX
710018d066	FUN_71000b2c60,FUN_71000f0e30,	glFragmentLightModelfvSGIX
710018d081	FUN_71000b2c60,FUN_71000f0e30,	glGlobalAlphaFactoruiSUN
710018d09a	TextRenderer_Init,	canvas
710018d0a1	FUN_71000dffe0,	1/2/4/8/16-bit only
710018d0b8	FUN_71000f0e30,	glTexImage1D
710018d0c5	FUN_71000f0e30,	glRasterPos2fv
710018d0d4	FUN_71000f0e30,	glRasterPos3dv
710018d0e3	FUN_71000f0e30,	glTexCoord2s
710018d0f0	FUN_71000f0e30,	glLightModelf
710018d0fe	FUN_71000f0e30,	glTexGendv
710018d109	FUN_71000f0e30,	glAlphaFunc
710018d115	FUN_71000f0e30,	glLoadIdentity
710018d124	FUN_71000f0e30,	glTranslatef
710018d131	FUN_71000f0e30,	glFramebufferFetchBarrierEXT
710018d14e	FUN_71000f0e30,	glObjectPtrLabelKHR
710018d162	FUN_71000f0e30,	glIndexxvOES
710018d16f	FUN_71000f0e30,	glTexGenxvOES
710018d17d	FUN_71000f0e30,	glPixelTexGenParameterfSGIS
710018d199	FUN_7100109380,	nvnDeviceSetDebugLabel
710018d1b0	FUN_7100109380,	nvnDeviceRegisterFastClearColorui
710018d1d2	FUN_7100109380,	nvnQueueBuilderSetDevice
710018d1eb	FUN_7100109380,	nvnQueueBuilderGetMemorySize
710018d208	FUN_7100109380,	nvnProgramInitialize
710018d21d	FUN_7100109380,	nvnSamplerPoolRegisterSamplerBuilder
710018d242	FUN_7100109380,	nvnTextureBuilderGetSwizzle
710018d25e	FUN_7100109380,	nvnTextureGetZCullStorageSize
710018d27c	FUN_7100109380,	nvnSamplerInitialize
710018d291	FUN_7100109380,	nvnSamplerGetLodBias
710018d2a6	FUN_7100109380,	nvnColorStateSetLogicOp
710018d2be	FUN_7100109380,	nvnColorStateGetBlendEnable
710018d2da	FUN_7100109380,	nvnPolygonStateGetCullFace
710018d2f5	FUN_7100109380,	nvnVertexAttribStateGetStreamIndex
710018d318	FUN_7100109380,	nvnCommandBufferResumeTransformFeedback
710018d340	FUN_7100109380,	nvnCommandBufferSetSubpixelPrecisionBias
710018d369	FUN_7100109380,	nvnEventBuilderGetMemoryPool
710018d386	Renderer_DrawExtrasMenu,Renderer_Init,	GameBorder
710018d391	Renderer_DrawExtrasMenu,Renderer_Init,	MenuPreview
710018d39d	App_UpdateInput,App_UpdateInput,Renderer_DrawPauseMenu,	PreviewImage1
710018d3ab	FUN_71001056b0,GameDef_Load,FUN_710009cff0,	width
710018d3b1	GameDef_Load,	engine
710018d3b8	71001b2a08,	GL_VERSION_1_2
710018d3c7	71001b2a48,	GL_VERSION_3_1
710018d3d6	71001b2c78,71001b7900,	GL_APPLE_float_pixels
710018d3ec	71001b2ce0,71001b7930,	GL_APPLE_texture_range
710018d403	71001b2d28,71001b7a70,	GL_ARB_ES3_compatibility
710018d41c	71001b2d78,71001b79a8,	GL_ARB_color_buffer_float
710018d436	71001b2d90,71001b79c0,	GL_ARB_compute_shader
710018d44c	71001b2db0,71001b79e0,	GL_ARB_copy_buffer
710018d45f	71001b2e18,71001b7a48,	GL_ARB_draw_instanced
710018d475	71001b2f00,71001b7b50,	GL_ARB_map_buffer_range
710018d48d	71001b3058,71001b7ca0,	GL_ARB_shader_texture_lod
710018d4a7	71001b3150,71001b7d98,	GL_ARB_texture_filter_minmax
710018d4c4	71001b31b8,71001b7e00,	GL_ARB_texture_storage
710018d4db	71001b3210,71001b7e58,	GL_ARB_vertex_array_bgra
710018d4f4	71001b32b8,71001b7eb8,	GL_ATI_draw_buffers
710018d508	71001b3460,71001b7fe0,	GL_EXT_direct_state_access
710018d523	71001b3ab8,71001b8490,	GL_NV_copy_depth_to_color
710018d53d	71001b3b80,71001b8528,	GL_NV_framebuffer_mixed_samples
710018d55d	71001b3c58,71001b85b8,	GL_NV_parameter_buffer_object2
710018d57c	71001b3cf0,71001b8628,	GL_NV_shader_atomic_counters
710018d599	71001b3d08,71001b8640,	GL_NV_shader_atomic_fp16_vector
710018d5b9	71001b3e20,71001b8718,	GL_NV_vertex_attrib_integer_64bit
710018d5db	71001b3e70,71001b8760,	GL_NV_viewport_array2
710018d5f1	71001b3ee8,	GL_QCOM_extended_get2
710018d607	71001b3fd0,71001b8870,	GL_SGIS_texture_edge_clamp
710018d622	71001b4070,	GL_SGIX_cylinder_texgen
710018d63a	71001b4138,	GL_SGIX_line_quality_hint
710018d654	71001b42d0,	GL_SUN_read_video_pixels
710018d66d	FUN_71000a2860,	eglDestroySync
710018d67c	FUN_71000a2860,	eglSetBlobCacheFuncsANDROID
710018d698	FUN_71000a2860,	eglGetOutputPortsEXT
710018d6ad	FUN_71000b2c60,FUN_71000f0e30,	glClientActiveTexture
710018d6c3	FUN_71000b2c60,FUN_71000f0e30,	glGetCompressedTexImage
710018d6db	FUN_71000b2c60,FUN_71000f0e30,	glMultiTexCoord1i
710018d6ed	FUN_71000b2c60,FUN_71000f0e30,	glAttachShader
710018d6fc	FUN_71000b2c60,FUN_71000f0e30,	glGetActiveUniform
710018d70f	FUN_71000b2c60,FUN_71000f0e30,	glIsShader
710018d71a	FUN_71000b2c60,FUN_71000f0e30,	glVertexAttrib4s
710018d72b	FUN_71000b2c60,FUN_71000f0e30,	glClearBufferfi
710018d73b	FUN_71000b2c60,FUN_71000f0e30,	glGetVertexAttribIuiv
710018d751	FUN_71000b2c60,FUN_71000f0e30,	glUniform2ui
710018d75e	FUN_71000b2c60,FUN_71000f0e30,	glVertexAttribI1iv
710018d771	FUN_71000b2c60,FUN_71000f0e30,	glBlendFuncSeparatei
710018d786	FUN_71000b2c60,FUN_71000f0e30,	glTbufferMask3DFX
710018d798	FUN_71000b2c60,FUN_71000f0e30,	glGetFragDataIndex
710018d7ab	FUN_71000b2c60,FUN_71000f0e30,	glClearTexSubImage
710018d7be	FUN_71000b2c60,FUN_71000f0e30,	glTextureParameterf
710018d7d2	FUN_71000b2c60,FUN_71000f0e30,	glTextureParameteriv
710018d7e7	FUN_71000b2c60,FUN_71000f0e30,	glUniform2i64vARB
710018d7f9	FUN_71000b2c60,FUN_71000f0e30,	glUniform3i64vARB
710018d80b	FUN_71000b2c60,FUN_71000f0e30,	glGetSeparableFilter
710018d820	FUN_71000b2c60,FUN_71000f0e30,	glDrawElementsInstancedARB
710018d83b	FUN_71000b2c60,FUN_71000f0e30,	glMultiTexCoord4sARB
710018d850	FUN_71000b2c60,FUN_71000f0e30,	glGetQueryivARB
710018d860	FUN_71000b2c60,FUN_71000b2c60,FUN_71000f0e30,	glProvokingVertex
710018d872	FUN_71000b2c60,FUN_71000f0e30,	glSamplerParameteriv
710018d887	FUN_71000b2c60,FUN_71000f0e30,	glProgramUniform2d
710018d89a	FUN_71000b2c60,FUN_71000f0e30,	glProgramUniformMatrix2x4fv
710018d8b6	FUN_71000b2c60,FUN_71000f0e30,	glProgramUniformMatrix3x4fv
710018d8d2	FUN_71000b2c60,FUN_71000f0e30,	glMemoryBarrier
710018d8e2	FUN_71000b2c60,FUN_71000f0e30,	glUniform4iARB
710018d8f1	FUN_71000b2c60,FUN_71000f0e30,	glUniform4ivARB
710018d901	FUN_71000b2c60,FUN_71000f0e30,	glCompileShaderIncludeARB
710018d91b	FUN_71000b2c60,FUN_71000f0e30,	glPatchParameterfv
710018d92e	FUN_71000b2c60,FUN_71000f0e30,	glTextureStorage2DMultisampleEXT
710018d94f	FUN_71000b2c60,FUN_71000b2c60,FUN_71000f0e30,	glBindVertexArray
710018d961	FUN_71000b2c60,FUN_71000f0e30,	glVertexAttribLFormat
710018d977	FUN_71000f0e30,FUN_71000cbf60,	glDisableVertexAttribArrayARB
710018d995	FUN_71000f0e30,FUN_71000cbf60,	glVertexAttrib2dvARB
710018d9aa	FUN_71000f0e30,FUN_71000cbf60,	glVertexAttrib2svARB
710018d9bf	FUN_71000f0e30,FUN_71000cbf60,	glVertexAttrib4NsvARB
710018d9d5	FUN_71000b2c60,FUN_71000f0e30,	glMultiTexCoordP3uiv
710018d9ea	FUN_71000b2c60,FUN_71000f0e30,	glVertexP4ui
710018d9f7	FUN_71000b2c60,FUN_71000f0e30,	glWindowPos3iARB
710018da08	FUN_71000b2c60,FUN_71000f0e30,	glUnmapObjectBufferATI
710018da1f	FUN_71000b2c60,FUN_71000f0e30,	glNormalStream3fATI
710018da33	FUN_71000b2c60,FUN_71000f0e30,	glVertexStream1svATI
710018da48	FUN_71000b2c60,FUN_71000f0e30,	glVertexStream2dvATI
710018da5d	FUN_71000b2c60,FUN_71000f0e30,	glVertexStream2svATI
710018da72	FUN_71000b2c60,	glDrawElementsInstancedBaseInstanceEXT
710018da99	FUN_71000b2c60,FUN_71000f0e30,	glSeparableFilter2DEXT
710018dab0	FUN_71000b2c60,FUN_71000f0e30,	glBindMultiTextureEXT
710018dac6	FUN_71000b2c60,FUN_71000f0e30,	glGetFramebufferParameterivEXT
710018dae5	FUN_71000b2c60,FUN_71000f0e30,	glMatrixMultTransposefEXT
710018daff	FUN_71000b2c60,FUN_71000f0e30,	glMatrixRotatedEXT
710018db12	FUN_71000b2c60,FUN_71000f0e30,	glMultiTexImage1DEXT
710018db27	FUN_71000b2c60,	glIsEnablediEXT
710018db37	FUN_71000b2c60,FUN_71000f0e30,	glGetRenderbufferParameterivEXT
710018db57	FUN_71000b2c60,FUN_71000f0e30,	glProgramParameteriEXT
710018db6e	FUN_71000b2c60,FUN_71000f0e30,	glVertexAttribI3uivEXT
710018db85	FUN_71000b2c60,	glVertexAttribDivisorEXT
710018db9e	FUN_71000b2c60,FUN_71000f0e30,	glMemoryObjectParameterivEXT
710018dbbb	FUN_71000b2c60,FUN_71000f0e30,	glTextureStorageMem2DEXT
710018dbd4	FUN_71000b2c60,FUN_71000f0e30,	glTexSubImage3DEXT
710018dbe7	FUN_71000b2c60,	glTextureViewEXT
710018dbf8	FUN_71000b2c60,FUN_71000f0e30,	glEnableVariantClientStateEXT
710018dc16	FUN_71000b2c60,FUN_71000f0e30,	glFrameTerminatorGREMEDY
710018dc2f	FUN_71000b2c60,FUN_71000f0e30,	glFogCoordPointerListIBM
710018dc48	FUN_71000b2c60,FUN_71000f0e30,	glGetNextPerfQueryIdINTEL
710018dc62	FUN_71000b2c60,FUN_71000f0e30,	glObjectLabel
710018dc70	FUN_71000b2c60,FUN_71000f0e30,	glGetnUniformfv
710018dc80	FUN_71000b2c60,	glBufferRegionEnabled
710018dc96	FUN_71000b2c60,FUN_71000f0e30,	glWindowPos4ivMESA
710018dca9	FUN_71000b2c60,	glStereoParameteriNV
710018dcbe	FUN_71000b2c60,FUN_71000f0e30,	glMultiDrawElementsIndirectBindlessCountNV
710018dce9	FUN_71000b2c60,FUN_71000f0e30,	glDrawCommandsAddressNV
710018dd01	FUN_71000b2c60,FUN_71000f0e30,	glProgramEnvParameterI4iNV
710018dd1c	FUN_71000b2c60,FUN_71000f0e30,	glColor4hNV
710018dd28	FUN_71000b2c60,FUN_71000f0e30,	glTexCoord3hvNV
710018dd38	FUN_71000b2c60,	glVertexAttribDivisorNV
710018dd50	FUN_71000b2c60,FUN_71000f0e30,	glGetPathColorGenfvNV
710018dd66	FUN_71000b2c60,FUN_71000f0e30,	glPathGlyphIndexRangeNV
710018dd7e	FUN_71000b2c60,FUN_71000f0e30,	glCombinerParameterfNV
710018dd95	FUN_71000b2c60,FUN_71000f0e30,	glVDPAUSurfaceAccessNV
710018ddac	FUN_71000b2c60,FUN_71000f0e30,	glVertexAttribL1ui64NV
710018ddc3	FUN_71000b2c60,FUN_71000f0e30,	glIndexFormatNV
710018ddd3	FUN_71000b2c60,FUN_71000f0e30,	glVertexAttrib1svNV
710018dde7	FUN_71000b2c60,FUN_71000f0e30,	glVertexAttrib4ubvNV
710018ddfc	FUN_71000b2c60,FUN_71000f0e30,	glEndVideoCaptureNV
710018de10	FUN_71000b2c60,	glFramebufferFetchBarrierQCOM
710018de2e	FUN_71000b2c60,	glColor4x
710018de38	FUN_71000b2c60,	glLightModelxv
710018de47	FUN_71000b2c60,FUN_71000f0e30,	glFragmentMaterialfvSGIX
710018de60	FUN_71000b2c60,FUN_71000f0e30,	glReplacementCodeusvSUN
710018de78	FUN_71000b2c60,FUN_71000f0e30,	glReplacementCodeuiNormal3fVertex3fSUN
710018de9f	FUN_71000cda40,	can't fopen
710018deab	FUN_71000dad60,	bad DC huff
710018deb7	FUN_71000d7230,	not HDR
710018debf		Element nesting is too deep.
710018dedc	71001b6328,	XML_ERROR_PARSING_ELEMENT
710018def6	71001b6358,	XML_ERROR_PARSING_UNKNOWN
710018df10	71001b6378,	XML_CAN_NOT_CONVERT_TEXT
710018df29	FUN_71000f0e30,	glCullFace
710018df34	FUN_71000f0e30,	glColor3i
710018df3e	FUN_71000f0e30,	glEnd
710018df44	FUN_71000f0e30,	glIndexfv
710018df4e	FUN_71000f0e30,	glNormal3f
710018df59	FUN_71000f0e30,	glTexCoord1i
710018df66	FUN_71000f0e30,	glTexCoord3iv
710018df74	FUN_71000f0e30,	glVertex2i
710018df7f	FUN_71000f0e30,	glFeedbackBuffer
710018df90	FUN_71000f0e30,	glPopMatrix
710018df9c	FUN_71000f0e30,	glGetnPixelMapusv
710018dfae	FUN_71000f0e30,	glApplyFramebufferAttachmentCMAAINTEL
710018dfd4	FUN_71000f0e30,	glMultiTexCoord2bOES
710018dfe9	FUN_71000f0e30,	glTexCoord1bvOES
710018dffa	FUN_71000f0e30,	glAlphaFuncxOES
710018e00a	FUN_71000f0e30,	glClipPlanexOES
710018e01a	FUN_71000f0e30,	glNormal3xOES
710018e028	FUN_71000f0e30,	glConvolutionParameterxvOES
710018e044	FUN_71000f0e30,	glGetClipPlanefOES
710018e057	FUN_71000f0e30,	glHintPGI
710018e061	FUN_71000f0e30,	glTextureColorMaskSGIS
710018e078	FUN_71000f0e30,	glStartInstrumentsSGIX
710018e08f	71001b85f0,	GL_NV_query_resource
710018e0a4	FUN_7100109380,	nvnDeviceFinalizeCommandHandle
710018e0c3	FUN_7100109380,	nvnMemoryPoolFlushMappedRange
710018e0e1	FUN_7100109380,	nvnTextureBuilderGetMemoryOffset
710018e102	FUN_7100109380,	nvnBlendStateSetDefaults
710018e11b	FUN_7100109380,	nvnCommandBufferSetRenderEnableConditional
710018e146	FUN_7100109380,	nvnCommandBufferResolveDepthBuffer
710018e169	CPUIsGBABios,	.bios
710018e16f	GbSystem_LoadSlotPreviews,	Empty Slot 1
710018e17c	gb_present_frame,Renderer_Init,	PauseMenuText
710018e18a	Graphics_InitEGL,	rom:/assets/splash/wf_logo.mp4
710018e1a9	FUN_710009cff0,	audio/vorbis
710018e1b6	FUN_710009cff0,	sample-rate
710018e1c2	MenuSound_LoadAll,	rom:/assets/sounds/sndchange.wav
710018e1e3	GameDef_Load,	romName
710018e1eb	FUN_71000a2860,FUN_71000a2860,	eglInitialize
710018e1f9	FUN_71000a2860,FUN_71000a2860,	eglQueryString
710018e208	71001b2ac8,71001b77d0,	GL_AMD_conservative_depth
710018e222	71001b2ae8,71001b77f0,	GL_AMD_framebuffer_sample_positions
710018e246	71001b2af0,71001b77f8,	GL_AMD_gcn_shader
710018e258	71001b2cb0,71001b7928,	GL_APPLE_specular_vector
710018e271	71001b2d40,71001b7970,	GL_ARB_bindless_texture
710018e289	71001b2fe8,71001b7c30,	GL_ARB_shader_atomic_counters
710018e2a7	71001b3098,71001b7ce0,	GL_ARB_sparse_buffer
710018e2bc	71001b30d8,71001b7d20,	GL_ARB_texture_barrier
710018e2d3	71001b3230,71001b7e78,	GL_ARB_vertex_blend
710018e2e7	71001b3310,71001b7f08,	GL_ATI_texture_env_combine3
710018e303	71001b3320,71001b7f18,	GL_ATI_texture_mirror_once
710018e31e	71001b3380,71001b7f48,	GL_EXT_bgra
710018e32a	71001b3520,71001b8058,	GL_EXT_histogram
710018e33b	71001b3968,	GL_INTEL_texture_scissor
710018e354	71001b3a98,71001b8468,	GL_NV_conservative_raster
710018e36e	71001b3b40,71001b84f0,	GL_NV_fog_distance
710018e381	71001b3ea0,71001b87d8,	GL_OVR_multiview
710018e392	71001b3eb0,	GL_OVR_multiview_multisampled_render_to_texture
710018e3c2	71001b3ef8,	GL_QCOM_perfmon_global_mode
710018e3de	71001b3f90,71001b8838,	GL_SGIS_multisample
710018e3f2	FUN_71000a2860,	eglQueryContext
710018e402	FUN_71000a2860,	eglGetSyncAttrib
710018e413	FUN_71000a2860,	eglQueryDebugKHR
710018e424	FUN_71000b2c60,FUN_71000f0e30,	glActiveTexture
710018e434	FUN_71000b2c60,FUN_71000f0e30,	glEndQuery
710018e43f	FUN_71000b2c60,FUN_71000f0e30,	glGenQueries
710018e44c	FUN_71000b2c60,FUN_71000f0e30,	glUniform2iv
710018e459	FUN_71000b2c60,FUN_71000f0e30,	glUniform3i
710018e465	FUN_71000b2c60,FUN_71000f0e30,	glEnablei
710018e46f	FUN_71000b2c60,FUN_71000f0e30,	glGetTexParameterIiv
710018e484	FUN_71000b2c60,	glDrawElementsInstancedANGLE
710018e4a1	FUN_71000b2c60,	glGetQueryObjectivANGLE
710018e4b9	FUN_71000b2c60,FUN_71000f0e30,	glDisableVertexAttribAPPLE
710018e4d4	FUN_71000b2c60,FUN_71000f0e30,	glDrawElementsInstancedBaseInstance
710018e4f8	FUN_71000b2c60,FUN_71000f0e30,	glCheckNamedFramebufferStatus
710018e516	FUN_71000b2c60,FUN_71000f0e30,	glGetTransformFeedbackiv
710018e52f	FUN_71000b2c60,FUN_71000f0e30,	glNamedFramebufferReadBuffer
710018e54c	FUN_71000b2c60,FUN_71000f0e30,	glVertexArrayAttribIFormat
710018e567	FUN_71000b2c60,FUN_71000f0e30,	glFramebufferParameteri
710018e57f	FUN_71000b2c60,FUN_71000f0e30,	glFramebufferTextureFaceARB
710018e59b	FUN_71000b2c60,FUN_71000f0e30,	glUniform1dv
710018e5a8	FUN_71000b2c60,FUN_71000f0e30,	glUniform3dv
710018e5b5	FUN_71000b2c60,FUN_71000f0e30,	glColorSubTable
710018e5c5	FUN_71000b2c60,FUN_71000f0e30,	glGetConvolutionParameterfv
710018e5e1	FUN_71000b2c60,FUN_71000b2c60,FUN_71000f0e30,	glFlushMappedBufferRange
710018e5fa	FUN_71000b2c60,FUN_71000f0e30,	glMultiTexCoord1dARB
710018e60f	FUN_71000b2c60,FUN_71000f0e30,	glMultiTexCoord1ivARB
710018e625	FUN_71000b2c60,FUN_71000f0e30,	glGetnPolygonStippleARB
710018e63d	FUN_71000b2c60,FUN_71000f0e30,	glMinSampleShadingARB
710018e653	FUN_71000b2c60,FUN_71000f0e30,	glIsSampler
710018e65f	FUN_71000b2c60,FUN_71000f0e30,	glProgramUniform2ui
710018e673	FUN_71000b2c60,FUN_71000f0e30,	glProgramUniform2uiv
710018e688	FUN_71000b2c60,FUN_71000f0e30,	glUseProgramStages
710018e69b	FUN_71000b2c60,FUN_71000f0e30,	glTextureBufferRangeEXT
710018e6b3	FUN_71000b2c60,FUN_71000f0e30,	glTexStorage2D
710018e6c2	FUN_71000b2c60,FUN_71000f0e30,	glGetQueryObjectui64v
710018e6d8	FUN_71000b2c60,FUN_71000f0e30,	glVertexAttribL4dv
710018e6eb	FUN_71000b2c60,FUN_71000f0e30,	glVertexArrayVertexAttribBindingEXT
710018e70f	FUN_71000f0e30,FUN_71000cbf60,	glVertexAttrib2fvARB
710018e724	FUN_71000f0e30,FUN_71000cbf60,	glVertexAttrib4fvARB
710018e739	FUN_71000f0e30,FUN_71000cbf60,	glVertexAttrib4sARB
710018e74d	FUN_71000b2c60,FUN_71000f0e30,	glNormalP3uiv
710018e75b	FUN_71000b2c60,FUN_71000f0e30,	glVertexP3uiv
710018e769	FUN_71000b2c60,FUN_71000f0e30,	glWindowPos2ivARB
710018e77b	FUN_71000b2c60,FUN_71000f0e30,	glGetArrayObjectfvATI
710018e791	FUN_71000b2c60,FUN_71000f0e30,	glGetObjectBufferfvATI
710018e7a8	FUN_71000b2c60,FUN_71000f0e30,	glVertexStream1ivATI
710018e7bd	FUN_71000b2c60,FUN_71000f0e30,	glGetSeparableFilterEXT
710018e7d5	FUN_71000b2c60,FUN_71000f0e30,	glFlushMappedNamedBufferRangeEXT
710018e7f6	FUN_71000b2c60,FUN_71000f0e30,	glMultiTexBufferEXT
710018e80a	FUN_71000b2c60,FUN_71000f0e30,	glProgramUniform2uiEXT
710018e821	FUN_71000b2c60,FUN_71000f0e30,	glTextureBufferEXT
710018e834	FUN_71000b2c60,FUN_71000f0e30,	glGetBooleanIndexedvEXT
710018e84c	FUN_71000b2c60,FUN_71000f0e30,	glCheckFramebufferStatusEXT
710018e868	FUN_71000b2c60,FUN_71000f0e30,	glSampleMaskEXT
710018e878	FUN_71000b2c60,	glGetIntegeri_vEXT
710018e88b	FUN_71000b2c60,FUN_71000f0e30,	glTexturePageCommitmentEXT
710018e8a6	FUN_71000b2c60,FUN_71000f0e30,	glGetQueryObjectui64vEXT
710018e8bf	FUN_71000b2c60,FUN_71000f0e30,	glBindTextureUnitParameterEXT
710018e8dd	FUN_71000b2c60,FUN_71000f0e30,	glGetLocalConstantIntegervEXT
710018e8fb	FUN_71000b2c60,FUN_71000f0e30,	glGetPerfCounterInfoINTEL
710018e915	FUN_71000b2c60,	glTexScissorFuncINTEL
710018e92b	FUN_71000b2c60,FUN_71000f0e30,	glDebugMessageControl
710018e941	FUN_71000b2c60,FUN_71000f0e30,	glWindowPos3iMESA
710018e953	FUN_71000b2c60,FUN_71000f0e30,	glSetFenceNV
710018e960	FUN_71000b2c60,FUN_71000f0e30,	glMulticastFramebufferSampleLocationsfvNV
710018e98a	FUN_71000b2c60,FUN_71000f0e30,	glProgramLocalParameterI4ivNV
710018e9a8	FUN_71000b2c60,FUN_71000f0e30,	glProgramUniform1i64NV
710018e9bf	FUN_71000b2c60,FUN_71000f0e30,	glMultiTexCoord3hNV
710018e9d3	FUN_71000b2c60,FUN_71000f0e30,	glSecondaryColor3hNV
710018e9e8	FUN_71000b2c60,	glUniformMatrix3x4fvNV
710018e9ff	FUN_71000b2c60,FUN_71000f0e30,	glGetPathLengthNV
710018ea11	FUN_71000b2c60,FUN_71000f0e30,	glPathParameterfNV
710018ea24	FUN_71000b2c60,FUN_71000f0e30,	glVDPAURegisterOutputSurfaceNV
710018ea43	FUN_71000b2c60,FUN_71000f0e30,	glDeleteProgramsNV
710018ea56	FUN_71000b2c60,FUN_71000f0e30,	glVertexAttrib1fvNV
710018ea6a	FUN_71000b2c60,	glAlphaFuncQCOM
710018ea7a	FUN_71000b2c60,	glEnableDriverControlQCOM
710018ea94	FUN_71000b2c60,	glPolygonOffsetx
710018eaa5	FUN_71000b2c60,	glSelectTextureTransformSGIS
710018eac2	FUN_71000b2c60,	glSwapMPEGPredictorsSGIX
710018eadb	FUN_71000b2c60,	glPixelTransformParameterfvSGI
710018eafa	FUN_71000b2c60,FUN_71000f0e30,	glGlobalAlphaFactorfSUN
710018eb12	FUN_71000b2c60,FUN_71000f0e30,	glGlobalAlphaFactorsSUN
710018eb2a	FUN_71000dffe0,	tRNS with alpha
710018eb3a	FUN_71000d0680,	bad bpp
710018eb42	FUN_71000d0680,	wrong channel count
710018eb5b	FUN_71000d0680,	bad palette
710018eb67		XMLDeclaration value=%s
710018eb84	FUN_71000f0e30,	glGetTexImage
710018eb92	FUN_71000f0e30,	glIndexdv
710018eb9c	FUN_71000f0e30,	glVertex3d
710018eba7	FUN_71000f0e30,	glTexEnviv
710018ebb2	FUN_71000f0e30,	glGetLightiv
710018ebbf	FUN_71000f0e30,	glVertexPointer
710018ebcf	FUN_71000f0e30,	glTangent3bvEXT
710018ebdf	FUN_71000f0e30,	glProgramUniformMatrix3dvEXT
710018ebfc	FUN_71000f0e30,	glIsProgramPipelineEXT
710018ec13	FUN_71000f0e30,	glValidateProgramPipelineEXT
710018ec30	FUN_71000f0e30,	glQueryResourceNV
710018ec42	FUN_71000f0e30,	glGenQueryResourceTagNV
710018ec5a	FUN_71000f0e30,	glTransformFeedbackStreamAttribsNV
710018ec7d	FUN_71000f0e30,	glEvalCoord2xvOES
710018ec8f	FUN_71000f0e30,	glMultiTexCoord1xOES
710018eca4	FUN_71001056b0,	nv12-uv-offset
710018ecb3	FUN_7100109380,	nvnDeviceSetWindowOriginMode
710018ecd0	FUN_7100109380,	nvnDeviceIsExternalDebuggerAttached
710018ecf4	FUN_7100109380,	nvnQueueBuilderGetMemory
710018ed0d	FUN_7100109380,	nvnQueueFlush
710018ed1b	FUN_7100109380,	nvnTexturePoolRegisterTexture
710018ed39	FUN_7100109380,	nvnBufferBuilderGetMemoryPool
710018ed57	FUN_7100109380,	nvnBufferMap
710018ed64	FUN_7100109380,	nvnBlendStateGetAdvancedMode
710018ed81	FUN_7100109380,	nvnMultisampleStateGetCoverageToColorEnable
710018edad	FUN_7100109380,	nvnPolygonStateSetPolygonOffsetEnables
710018edd4	FUN_7100109380,	nvnVertexAttribStateSetFormat
710018edf2	FUN_7100109380,	nvnVertexAttribStateGetFormat
710018ee10	FUN_7100109380,	nvnVertexStreamStateSetDefaults
710018ee30	FUN_7100109380,	nvnCommandBufferCopyCommands
710018ee4d	FUN_7100109380,	nvnCommandBufferBindPolygonState
710018ee6e	FUN_7100109380,	nvnCommandBufferSetViewport
710018ee8a	FUN_7100109380,	nvnCommandBufferClearTexturei
710018eea8	FUN_7100109380,	nvnCommandBufferPushDebugGroupDynamic
710018eed1	GameDef_Load,GameDef_Load,	intro
710018eed7	71001b2b78,71001b7888,	GL_AMD_shader_stencil_export
710018eef4	71001b2bb0,71001b78b8,	GL_AMD_transform_feedback3_lines_triangles
710018ef1f	71001b2cd8,	GL_APPLE_texture_packed_float
710018ef3d	71001b2e28,71001b7a78,	GL_ARB_explicit_attrib_location
710018ef5d	71001b2f40,71001b7b90,	GL_ARB_parallel_shader_compile
710018ef7c	71001b2f70,71001b7bc0,	GL_ARB_post_depth_coverage
710018ef97	71001b2fc0,71001b7c08,	GL_ARB_sampler_objects
710018efae	FUN_71000b2c60,FUN_71000b2c60,FUN_71000b2c60,FUN_71000b2c60,71001b3040,71001b7c88,	GL_ARB_shader_storage_buffer_object
710018efd2	71001b3238,71001b7e80,	GL_ARB_vertex_buffer_object
710018efee	71001b3240,71001b7e88,	GL_ARB_vertex_program
710018f004	71001b3318,71001b7f10,	GL_ATI_texture_float
710018f019	71001b34d0,71001b8020,	GL_EXT_framebuffer_multisample
710018f038	71001b3570,71001b8098,	GL_EXT_memory_object_win32
710018f053	71001b38b8,71001b82b0,	GL_EXT_window_rectangles
710018f06c	71001b3bf0,	GL_NV_image_formats
710018f080	71001b3c40,	GL_NV_packed_float
710018f093	71001b3c88,71001b85d8,	GL_NV_point_sprite
710018f0a6	71001b3cd8,	GL_NV_sRGB_formats
710018f0b9	71001b3d88,	GL_NV_texture_compression_latc
710018f0d8	71001b3dd0,71001b86c8,	GL_NV_texture_rectangle_compressed
710018f0fb	71001b3e00,71001b86f8,	GL_NV_uniform_buffer_unified_memory
710018f11f	71001b4078,	GL_SGIX_datapipe
710018f130	71001b42c8,71001b89d8,	GL_SUN_mesh_array
710018f142	FUN_71000a2860,	eglGetCurrentSurface
710018f157	FUN_71000a2860,	eglMakeCurrent
710018f166	FUN_71000a2860,	eglSwapBuffersWithDamageEXT
710018f182	FUN_71000a2860,	eglCreateSync64KHR
710018f195	FUN_71000a2860,	eglSignalSyncKHR
710018f1a6	FUN_71000a2860,	eglResetStreamNV
710018f1b7	FUN_71000b2c60,FUN_71000f0e30,	glFogCoorddv
710018f1c4	FUN_71000b2c60,FUN_71000f0e30,	glSecondaryColor3usv
710018f1d9	FUN_71000b2c60,FUN_71000f0e30,	glUniform1fv
710018f1e6	FUN_71000b2c60,FUN_71000f0e30,	glUniform4fv
710018f1f3	FUN_71000b2c60,FUN_71000f0e30,	glVertexAttrib4uiv
710018f206	FUN_71000b2c60,FUN_71000f0e30,	glVertexAttribI4ui
710018f219	FUN_71000b2c60,FUN_71000f0e30,	glVertexAttribDivisor
710018f22f	FUN_71000b2c60,FUN_71000f0e30,	glGenFencesAPPLE
710018f240	FUN_71000b2c60,FUN_71000f0e30,	glSetFenceAPPLE
710018f250	FUN_71000b2c60,FUN_71000f0e30,	glObjectUnpurgeableAPPLE
710018f269	FUN_71000b2c60,FUN_71000f0e30,	glFlushVertexArrayRangeAPPLE
710018f286	FUN_71000b2c60,FUN_71000f0e30,	glEnableVertexAttribAPPLE
710018f2a0	FUN_71000b2c60,FUN_71000f0e30,	glClearTexImage
710018f2b0	FUN_71000b2c60,FUN_71000f0e30,	glCreateRenderbuffers
710018f2c6	FUN_71000b2c60,FUN_71000f0e30,	glGetTextureLevelParameterfv
710018f2e3	FUN_71000b2c60,FUN_71000f0e30,	glGetTextureParameterIuiv
710018f2fd	FUN_71000b2c60,FUN_71000b2c60,FUN_71000f0e30,	glMultiDrawElementsBaseVertex
710018f31b	FUN_71000b2c60,FUN_71000f0e30,	glMultiTexCoord1fvARB
710018f331	FUN_71000b2c60,FUN_71000f0e30,	glPolygonOffsetClamp
710018f346	FUN_71000b2c60,FUN_71000f0e30,	glGetnMapdvARB
710018f355	FUN_71000b2c60,FUN_71000f0e30,	glGetnSeparableFilterARB
710018f36e	FUN_71000b2c60,FUN_71000f0e30,	glFramebufferSampleLocationsfvARB
710018f390	FUN_71000b2c60,FUN_71000f0e30,	glBindProgramPipeline
710018f3a6	FUN_71000b2c60,FUN_71000f0e30,	glProgramUniform1fv
710018f3ba	FUN_71000b2c60,FUN_71000f0e30,	glProgramUniform3d
710018f3cd	FUN_71000b2c60,FUN_71000f0e30,	glLinkProgramARB
710018f3de	FUN_71000b2c60,FUN_71000f0e30,	glUniform2ivARB
710018f3ee	FUN_71000b2c60,FUN_71000f0e30,	glPatchParameteri
710018f400	FUN_71000b2c60,	glDrawArraysInstancedBaseInstanceEXT
710018f425	FUN_71000b2c60,FUN_71000f0e30,	glCullParameterfvEXT
710018f43a	FUN_71000b2c60,FUN_71000f0e30,	glGetDoublei_vEXT
710018f44c	FUN_71000b2c60,FUN_71000f0e30,	glGetPointerIndexedvEXT
710018f464	FUN_71000b2c60,FUN_71000f0e30,	glNamedProgramLocalParametersI4uivEXT
710018f48a	FUN_71000b2c60,FUN_71000f0e30,	glTextureParameterfEXT
710018f4a1	FUN_71000b2c60,FUN_71000f0e30,	glVertexArrayVertexAttribOffsetEXT
710018f4c4	FUN_71000b2c60,	glFragmentMaterialfEXT
710018f4db	FUN_71000b2c60,FUN_71000f0e30,	glDeleteFramebuffersEXT
710018f4f3	FUN_71000b2c60,FUN_71000f0e30,	glUniform1uiEXT
710018f503	FUN_71000b2c60,FUN_71000f0e30,	glVertexAttribIPointerEXT
710018f51d	FUN_71000b2c60,FUN_71000f0e30,	glIndexFuncEXT
710018f52c	FUN_71000b2c60,FUN_71000f0e30,	glApplyTextureEXT
710018f53e	FUN_71000b2c60,FUN_71000f0e30,	glBufferStorageMemEXT
710018f554	FUN_71000b2c60,FUN_71000f0e30,	glTexStorageMem3DMultisampleEXT
710018f574	FUN_71000b2c60,FUN_71000f0e30,	glMultiDrawElementsEXT
710018f58b	FUN_71000b2c60,FUN_71000f0e30,	glTextureStorage2DEXT
710018f5a1	FUN_71000b2c60,FUN_71000f0e30,	glDrawArraysEXT
710018f5b1	FUN_71000b2c60,FUN_71000f0e30,	glVertexWeightfvEXT
710018f5c5	FUN_71000b2c60,FUN_71000f0e30,	glWindowPos4fvMESA
710018f5d8	FUN_71000b2c60,FUN_71000f0e30,	glStateCaptureNV
710018f5e9	FUN_71000b2c60,FUN_71000f0e30,	glEndConditionalRenderNV
710018f602	FUN_71000b2c60,FUN_71000f0e30,	glMapParameterivNV
710018f615	FUN_71000b2c60,FUN_71000f0e30,	glGetUniformi64vNV
710018f628	FUN_71000b2c60,FUN_71000f0e30,	glVertex2hNV
710018f635	FUN_71000b2c60,FUN_71000f0e30,	glIsPointInStrokePathNV
710018f64d	FUN_71000b2c60,FUN_71000f0e30,	glMakeBufferNonResidentNV
710018f667	FUN_71000b2c60,FUN_71000f0e30,	glVertexAttribL1i64vNV
710018f67e	FUN_71000b2c60,FUN_71000f0e30,	glVertexAttribFormatNV
710018f695	FUN_71000b2c60,FUN_71000f0e30,	glAreProgramsResidentNV
710018f6ad	FUN_71000b2c60,	glLineWidthx
710018f6ba	FUN_71000b2c60,	glMaterialx
710018f6c6	FUN_71000b2c60,	glScalex
710018f6cf	FUN_71000b2c60,FUN_71000f0e30,	glTexFilterFuncSGIS
710018f6e3	FUN_71000b2c60,	glReadVideoPixelsSUN
710018f6f8	FUN_71000b2c60,FUN_71000f0e30,	glReplacementCodeuiColor4ubVertex3fSUN
710018f71f	FUN_71000b2c60,FUN_71000f0e30,	glReplacementCodeuiColor4ubVertex3fvSUN
710018f747	FUN_71000b2c60,FUN_71000f0e30,	glTexCoord2fVertex3fSUN
710018f75f	FUN_71000e2020,FUN_71000d7230,FUN_71000cdb60,FUN_71000e2b20,FUN_71000cdd50,FUN_71000cdd50,FUN_71000e4ef0,FUN_71000d0680,FUN_71000d0680,FUN_71000e1720,FUN_71000d7f00,FUN_71000d7f00,FUN_71000dffe0,	outofmem
710018f768	FUN_71000dad60,FUN_71000cdd50,FUN_71000deec0,	bad huffman code
710018f779	FUN_71000dffe0,	0-pixel image
710018f787		zlib corrupt
710018f797	FUN_71000f0e30,	glStencilFunc
710018f7a5	FUN_71000f0e30,	glGetBooleanv
710018f7b3	FUN_71000f0e30,	glNormal3sv
710018f7bf	FUN_71000f0e30,	glRasterPos4f
710018f7cd	FUN_71000f0e30,	glTexCoord2iv
710018f7db	FUN_71000f0e30,	glVertex3sv
710018f7e7	FUN_71000f0e30,	glLightfv
710018f7f1	FUN_71000f0e30,	glTangent3fEXT
710018f800	FUN_71000f0e30,	glProgramUniformMatrix3x4dvEXT
710018f81f	FUN_71000f0e30,	glGetnUniformfvKHR
710018f832	FUN_71000f0e30,	glLightxvOES
710018f83f	FUN_71000f0e30,	glPointParameterxOES
710018f854	FUN_71000f0e30,	glMap1xOES
710018f85f	FUN_71000f0e30,	glPrioritizeTexturesxOES
710018f878	FUN_71000f0e30,	glRasterPos2xOES
710018f889	FUN_71000f0e30,	glPointParameterfvSGIS
710018f8a0	71001b8658,	GL_NV_shader_buffer_store
710018f8ba	FUN_7100109380,	nvnDeviceSetIntermediateShaderCache
710018f8de	FUN_7100109380,	nvnDeviceRegisterFastClearDepth
710018f8fe	FUN_7100109380,	nvnQueueBuilderGetCommandFlushThreshold
710018f926	FUN_7100109380,	nvnBufferGetDebugID
710018f93a	FUN_7100109380,	nvnBlendStateSetBlendTarget
710018f956	FUN_7100109380,	nvnMultisampleStateSetDefaults
710018f975	FUN_7100109380,	nvnMultisampleStateGetAlphaToCoverageEnable
710018f9a1	FUN_7100109380,	nvnCommandBufferBindTextures
710018f9be	FUN_7100109380,	nvnCommandBufferSetConservativeRasterDilate
710018f9ea	FUN_7100109380,	nvnCommandBufferCopyTextureToBuffer
710018fa0e	FUN_7100109380,	nvnCommandBufferCopyBufferToBuffer
710018fa31	FUN_7100109380,	nvnCommandBufferDownsample
710018fa52	GameDef_Load,GameDef_Load,GameDef_Load,GameDef_Load,GameDef_Load,GameDef_Load,GameDef_Load,	mainMenu
710018fa5b	71001b2aa0,71001b77b8,	GL_3DFX_tbuffer
710018fa6b	71001b2b20,71001b7828,	GL_AMD_name_gen_delete
710018fa82	71001b2b58,71001b7858,	GL_AMD_seamless_cubemap_per_texture
710018faa6	71001b2d20,71001b7a68,	GL_ARB_ES3_2_compatibility
710018fac1	71001b2d30,71001b7960,	GL_ARB_arrays_of_arrays
710018fad9	71001b2d60,71001b7990,	GL_ARB_clear_buffer_object
710018faf4	71001b2ec0,71001b7b10,	GL_ARB_half_float_vertex
710018fb0d	71001b2fa8,	GL_ARB_robustness_share_group_isolation
710018fb35	71001b32c0,71001b7ec0,	GL_ATI_element_array
710018fb4a	71001b3378,	GL_EXT_base_instance
710018fb5f	71001b33a0,	GL_EXT_blend_func_extended
710018fb7a	71001b34f8,	GL_EXT_geometry_shader
710018fb91	71001b3610,71001b8108,	GL_EXT_post_depth_coverage
710018fbac	71001b3718,71001b81a0,	GL_EXT_stencil_two_side
710018fbc4	71001b3b50,71001b8500,	GL_NV_fragment_program
710018fbdb	71001b3bc8,71001b8560,	GL_NV_gpu_program5
710018fbee	71001b3c18,71001b8598,	GL_NV_multisample_filter_hint
710018fc0c	71001b3c50,71001b85b0,	GL_NV_parameter_buffer_object
710018fc2a	71001b3d70,	GL_NV_texture_array
710018fc3e	71001b3dc8,71001b86c0,	GL_NV_texture_rectangle
710018fc56	71001b3f18,	GL_REGAL_ES1_0_compatibility
710018fc73	71001b41d0,	GL_SGIX_slim
710018fc80	71001b4298,	GL_SGI_complex_type
710018fc94	FUN_71000b2c60,FUN_71000f0e30,	glMultiTexCoord2dv
710018fca7	FUN_71000b2c60,FUN_71000f0e30,	glSecondaryColor3ub
710018fcbb	FUN_71000b2c60,FUN_71000f0e30,	glWindowPos3f
710018fcc9	FUN_71000b2c60,FUN_71000f0e30,	glBindBuffer
710018fcd6	FUN_71000b2c60,FUN_71000f0e30,	glGetQueryObjectuiv
710018fcea	FUN_71000b2c60,FUN_71000f0e30,	glDeleteProgram
710018fcfa	FUN_71000b2c60,FUN_71000f0e30,	glGetVertexAttribdv
710018fd0e	FUN_71000b2c60,FUN_71000f0e30,	glUniform2f
710018fd1a	FUN_71000b2c60,FUN_71000f0e30,	glVertexAttribI1uiv
710018fd2e	FUN_71000b2c60,FUN_71000f0e30,	glVertexAttribI4usv
710018fd42	FUN_71000b2c60,FUN_71000f0e30,	glQueryObjectParameteruiAMD
710018fd5e	FUN_71000b2c60,FUN_71000f0e30,	glDeleteVertexArraysAPPLE
710018fd78	FUN_71000b2c60,FUN_71000f0e30,	glGetTextureSamplerHandleARB
710018fd95	FUN_71000b2c60,FUN_71000f0e30,	glClearNamedFramebufferiv
710018fdaf	FUN_71000b2c60,FUN_71000f0e30,	glCreateSamplers
710018fdc0	FUN_71000b2c60,FUN_71000f0e30,	glGetNamedBufferParameteriv
710018fddc	FUN_71000b2c60,FUN_71000f0e30,	glVertexArrayVertexBuffers
710018fdf7	FUN_71000b2c60,FUN_71000f0e30,	glDrawElementsIndirect
710018fe0e	FUN_71000cbb00,FUN_71000f0e30,	glFramebufferTextureLayer
710018fe28	FUN_71000b2c60,FUN_71000f0e30,	glFramebufferTextureARB
710018fe40	FUN_71000b2c60,FUN_71000f0e30,	glUniformMatrix4dv
710018fe53	FUN_71000b2c60,FUN_71000f0e30,	glConvolutionFilter2D
710018fe69	FUN_71000b2c60,FUN_71000f0e30,	glGetConvolutionFilter
710018fe80	FUN_71000b2c60,FUN_71000f0e30,	glMultiTexCoord3fvARB
710018fe96	FUN_71000b2c60,FUN_71000f0e30,	glMultiTexCoord4dvARB
710018feac	FUN_71000b2c60,FUN_71000f0e30,	glEndQueryARB
710018feba	FUN_71000b2c60,FUN_71000f0e30,	glGetProgramResourceIndex
710018fed4	FUN_71000b2c60,FUN_71000f0e30,	glProgramUniform1f
710018fee7	FUN_71000b2c60,FUN_71000f0e30,	glProgramUniform2f
710018fefa	FUN_71000b2c60,FUN_71000f0e30,	glProgramUniform3dv
710018ff0e	FUN_71000b2c60,FUN_71000f0e30,	glProgramUniformMatrix4x3fv
710018ff2a	FUN_71000b2c60,FUN_71000f0e30,	glGetActiveSubroutineName
710018ff44	FUN_71000b2c60,FUN_71000f0e30,	glGetActiveSubroutineUniformiv
710018ff63	FUN_71000b2c60,FUN_71000f0e30,	glTexBufferRange
710018ff74	FUN_71000cbde0,FUN_71000f0e30,	glGetActiveUniformBlockiv
710018ff8e	FUN_71000b2c60,FUN_71000f0e30,	glVertexAttribLPointer
710018ffa5	FUN_71000b2c60,FUN_71000f0e30,	glVertexArrayVertexBindingDivisorEXT
710018ffca	FUN_71000f0e30,FUN_71000cbf60,	glVertexAttrib1sARB
710018ffde	FUN_71000f0e30,FUN_71000cbf60,	glVertexAttrib1svARB
710018fff3	FUN_71000f0e30,FUN_71000cbf60,	glVertexAttrib4NivARB
7100190009	FUN_71000b2c60,FUN_71000f0e30,	glWindowPos2sARB
710019001a	FUN_71000b2c60,FUN_71000f0e30,	glUpdateObjectBufferATI
7100190032	FUN_71000b2c60,FUN_71000f0e30,	glVertexStream3fATI
7100190046	FUN_71000b2c60,FUN_71000f0e30,	glGetConvolutionParameterivEXT
7100190065	FUN_71000b2c60,FUN_71000f0e30,	glGetNamedProgramLocalParameterdvEXT
710019008a	FUN_71000b2c60,FUN_71000f0e30,	glGetNamedProgramLocalParameterfvEXT
71001900af	FUN_71000b2c60,FUN_71000f0e30,	glNamedFramebufferTexture2DEXT
71001900ce	FUN_71000b2c60,FUN_71000f0e30,	glProgramUniform1uivEXT
71001900e6	FUN_71000b2c60,	glFragmentLightivEXT
71001900fb	FUN_71000b2c60,FUN_71000f0e30,	glGetHistogramParameterivEXT
7100190118	FUN_71000b2c60,FUN_71000f0e30,	glNamedBufferStorageMemEXT
7100190133	FUN_71000b2c60,FUN_71000f0e30,	glImportMemoryWin32HandleEXT
7100190150	FUN_71000b2c60,FUN_71000f0e30,	glImportMemoryWin32NameEXT
710019016b	FUN_71000b2c60,	glMultiDrawElementsIndirectEXT
710019018a	FUN_71000b2c60,FUN_71000f0e30,	glGetTexParameterIivEXT
71001901a2	FUN_71000b2c60,FUN_71000f0e30,	glAreTexturesResidentEXT
71001901bb	FUN_71000b2c60,FUN_71000f0e30,	glSetLocalConstantEXT
71001901d1	FUN_71000b2c60,FUN_71000f0e30,	glUnmapTexture2DINTEL
71001901e7	FUN_71000b2c60,FUN_71000f0e30,	glDebugMessageInsert
71001901fc	FUN_71000b2c60,FUN_71000f0e30,	glPushDebugGroup
710019020d	FUN_71000b2c60,FUN_71000f0e30,	glWindowPos3svMESA
7100190220	FUN_71000b2c60,FUN_71000f0e30,	glWindowPos4sMESA
7100190232	FUN_71000b2c60,FUN_71000f0e30,	glSignalVkFenceNV
7100190244	FUN_71000b2c60,FUN_71000f0e30,	glGenFencesNV
7100190252	FUN_71000b2c60,	glRenderbufferStorageMultisampleNV
7100190275	FUN_71000b2c60,FUN_71000f0e30,	glMulticastGetQueryObjecti64vNV
7100190295	FUN_71000b2c60,FUN_71000f0e30,	glProgramEnvParameterI4uivNV
71001902b2	FUN_71000b2c60,FUN_71000f0e30,	glUniform4ui64NV
71001902c3	FUN_71000b2c60,FUN_71000f0e30,	glVertex4hvNV
71001902d1	FUN_71000b2c60,FUN_71000f0e30,	glGetPathCoordsNV
71001902e3	FUN_71000b2c60,FUN_71000f0e30,	glMatrixMult3x2fNV
71001902f6	FUN_71000b2c60,FUN_71000f0e30,	glPathStringNV
7100190305	FUN_71000b2c60,FUN_71000f0e30,	glStencilFillPathInstancedNV
7100190322	FUN_71000b2c60,FUN_71000f0e30,	glStencilStrokePathInstancedNV
7100190341	FUN_71000b2c60,FUN_71000f0e30,	glGetCombinerInputParameterfvNV
7100190361	FUN_71000b2c60,FUN_71000f0e30,	glBeginTransformFeedbackNV
710019037c	FUN_71000b2c60,FUN_71000f0e30,	glVertexAttrib1dvNV
7100190390	FUN_71000b2c60,FUN_71000f0e30,	glGetVideoCaptureStreamfvNV
71001903ac	FUN_71000b2c60,	glDepthRangeIndexedfNV
71001903c3	FUN_71000b2c60,	glScissorIndexedvNV
71001903d7	FUN_71000b2c60,	glMultiTexCoord4x
71001903e9	FUN_71000b2c60,	glGetProcAddressREGAL
71001903ff	FUN_71000b2c60,FUN_71000f0e30,	glDetailTexFuncSGIS
7100190413	FUN_71000b2c60,FUN_71000f0e30,	glGetDetailTexFuncSGIS
710019042a	FUN_71000b2c60,	glGetFogLayersSGIX
710019043d	FUN_71000b2c60,FUN_71000f0e30,	glGetFragmentMaterialivSGIX
7100190459	FUN_71000b2c60,	glMPEGQuantTableubv
710019046d	FUN_71000b2c60,FUN_71000f0e30,	glSpriteParameterfvSGIX
7100190485	FUN_71000b2c60,FUN_71000f0e30,	glReplacementCodeubSUN
710019049c	FUN_71000b2c60,FUN_71000f0e30,	glReplacementCodeuivSUN
71001904b4	FUN_71000b2c60,FUN_71000f0e30,	glNormal3fVertex3fSUN
71001904ca	FUN_71000e78f0,	bad sizes
71001904d4		XMLElement name=%s
71001904e7		xml version="1.0" encoding="UTF-8"
710019050a	FUN_71000f0e30,	glTexParameteri
710019051a	FUN_71000f0e30,	glColorMask
7100190526	FUN_71000f0e30,	glTexCoord2fv
7100190534	FUN_71000f0e30,	glTexCoord4f
7100190541	FUN_71000f0e30,	glVertex2s
710019054c	FUN_71000f0e30,	glClipPlane
7100190558	FUN_71000f0e30,	glTexEnvfv
7100190563	FUN_71000f0e30,	glTexGend
710019056d	FUN_71000f0e30,	glClearIndex
710019057a	FUN_71000f0e30,	glGetTexEnvfv
7100190588	FUN_71000f0e30,	glFrustum
7100190592	FUN_71000f0e30,	glMultMatrixf
71001905a0	FUN_71000f0e30,	glCopyTexSubImage2D
71001905b4	FUN_71000f0e30,	glColorPointer
71001905c3	FUN_71000f0e30,	glIndexubv
71001905ce	FUN_71000f0e30,	glProgramUniformMatrix2x3dvEXT
71001905ed	FUN_71000f0e30,	glGetnUniformivKHR
7100190600	FUN_71000f0e30,	glGetProgramLocalParameterIivNV
7100190620	FUN_71000f0e30,	glColor4xOES
710019062d	FUN_71000f0e30,	glPolygonOffsetxOES
7100190641	FUN_71000f0e30,	glMultiTexCoord2xvOES
7100190657	FUN_71000f0e30,	glTexCoord4xOES
7100190667	FUN_71000f0e30,	glVertex4xvOES
7100190676	FUN_71000f0e30,	glReadInstrumentsSGIX
710019068c	71001b8908,	GL_SGIX_instruments
71001906a0	FUN_7100109380,	nvnDeviceInitialize
71001906b4	FUN_7100109380,	nvnQueueSubmitCommands
71001906cb	FUN_7100109380,	nvnWindowGetPresentInterval
71001906e7	FUN_7100109380,	nvnTexturePoolInitialize
7100190700	FUN_7100109380,	nvnSamplerPoolFinalize
7100190717	FUN_7100109380,	nvnTextureBuilderGetStorageSize
7100190737	FUN_7100109380,	nvnTextureBuilderGetTarget
7100190752	FUN_7100109380,	nvnTextureBuilderGetMemoryPool
7100190771	FUN_7100109380,	nvnSamplerGetDebugID
7100190786	FUN_7100109380,	nvnBlendStateGetAdvancedPremultipliedSrc
71001907af	FUN_7100109380,	nvnColorStateGetLogicOp
71001907c7	FUN_7100109380,	nvnMultisampleStateGetMultisampleEnable
71001907ef	FUN_7100109380,	nvnMultisampleStateSetSampleLocationsGridEnable
710019081f	FUN_7100109380,	nvnCommandBufferBindStorageBuffers
7100190842	FUN_7100109380,	nvnCommandBufferSetOuterTessellationLevels
710019086d	FUN_7100109380,	nvnCommandBufferDrawElementsIndirect
7100190892	FUN_7100109380,	nvnCommandBufferSetStencilValueMask
71001908b6	FUN_7100109380,	nvnCommandBufferSetStencilCullCriteria
71001908dd	FUN_710009cff0,	audio/mp4a-latm
71001908ed	Artwork_LoadTextures,	rom:/assets/artwork/2_BonusArtwork_P05.png
7100190918	Artwork_LoadTextures,	rom:/assets/artwork/2_BonusArtwork_P15.png
7100190943	GameDef_Load,	InGameBackground
7100190954	71001b2a40,	GL_VERSION_3_0
7100190963	71001b2a50,	GL_VERSION_3_2
7100190972	71001b2b00,71001b7808,	GL_AMD_gpu_shader_int16
710019098a	71001b2b60,71001b7860,	GL_AMD_shader_atomic_counter_ops
71001909ab	71001b2b68,71001b7868,	GL_AMD_shader_ballot
71001909c0	71001b2dc0,71001b79f0,	GL_ARB_cull_distance
71001909d5	71001b2ef0,71001b7b40,	GL_ARB_invalidate_subdata
71001909ef	71001b2f18,71001b7b68,	GL_ARB_multi_draw_indirect
7100190a0a	71001b2f68,71001b7bb8,	GL_ARB_polygon_offset_clamp
7100190a26	71001b3068,71001b7cb0,	GL_ARB_shading_language_100
7100190a42	71001b3148,71001b7d90,	GL_ARB_texture_filter_anisotropic
7100190a64	71001b31e0,71001b7e38,	GL_ARB_transform_feedback2
7100190a7f	71001b3248,71001b7e90,	GL_ARB_vertex_shader
7100190a94	71001b32d8,71001b7ed8,	GL_ATI_map_object_buffer
7100190aad	71001b35a0,	GL_EXT_multisample_compatibility
7100190ace	71001b3690,71001b8158,	GL_EXT_shader_framebuffer_fetch
7100190aee	71001b3748,71001b81c8,	GL_EXT_texture_buffer_object
7100190b0b	71001b3910,71001b8308,	GL_IBM_static_data
7100190b1e	71001b3928,71001b8328,	GL_INGR_color_clamp
7100190b32	71001b39e0,71001b83d8,	GL_MESA_resize_buffers
7100190b49	71001b3a28,	GL_NV_EGL_stream_consumer_external
7100190b6c	71001b3d60,71001b8688,	GL_NV_texgen_emboss
7100190b80	71001b3e38,71001b8730,	GL_NV_vertex_program1_1
7100190b98	71001b3e90,71001b87c8,	GL_OML_resample
7100190ba8	71001b3fe8,71001b8888,	GL_SGIS_texture_select
7100190bbf	71001b40d8,	GL_SGIX_fog_texture
7100190bd3	71001b4190,71001b8930,	GL_SGIX_pixel_tiles
7100190be7	FUN_71000a2860,	eglChooseConfig
7100190bf7	FUN_71000a2860,	eglQueryOutputLayerStringEXT
7100190c14	FUN_71000b2c60,FUN_71000f0e30,	glSecondaryColor3ui
7100190c28	FUN_71000b2c60,FUN_71000f0e30,	glGetActiveAttrib
7100190c3a	FUN_71000b2c60,FUN_71000f0e30,	glLinkProgram
7100190c48	FUN_71000b2c60,FUN_71000f0e30,	glUniform3iv
7100190c55	FUN_71000b2c60,FUN_71000f0e30,	glVertexAttrib1d
7100190c66	FUN_71000b2c60,FUN_71000f0e30,	glVertexAttrib4Nub
7100190c79	FUN_71000b2c60,FUN_71000f0e30,	glVertexAttrib4iv
7100190c8b	FUN_71000b2c60,FUN_71000f0e30,	glGetGraphicsResetStatus
7100190ca4	FUN_71000b2c60,FUN_71000f0e30,	glTextureStorageSparseAMD
7100190cbe	FUN_71000b2c60,	glGetSyncivAPPLE
7100190ccf	FUN_71000b2c60,FUN_71000f0e30,	glVertexArrayParameteriAPPLE
7100190cec	FUN_71000b2c60,FUN_71000f0e30,	glClearNamedFramebufferuiv
7100190d07	FUN_71000b2c60,FUN_71000f0e30,	glGetVertexArrayIndexed64iv
7100190d23	FUN_71000cbb00,FUN_71000f0e30,	glGenFramebuffers
7100190d35	FUN_71000b2c60,FUN_71000f0e30,	glUniform3i64ARB
7100190d46	FUN_71000b2c60,FUN_71000f0e30,	glConvolutionParameterf
7100190d5e	FUN_71000b2c60,FUN_71000f0e30,	glGetnPixelMapuivARB
7100190d73	FUN_71000b2c60,FUN_71000f0e30,	glGetProgramPipelineiv
7100190d8a	FUN_71000b2c60,FUN_71000f0e30,	glIsProgramPipeline
7100190d9e	FUN_71000b2c60,FUN_71000f0e30,	glProgramUniform2i
7100190db1	FUN_71000b2c60,FUN_71000f0e30,	glProgramUniformMatrix4dv
7100190dcb	FUN_71000b2c60,FUN_71000f0e30,	glGetActiveAtomicCounterBufferiv
7100190dec	FUN_71000b2c60,FUN_71000f0e30,	glBindImageTexture
7100190dff	FUN_71000b2c60,FUN_71000f0e30,	glCreateShaderObjectARB
7100190e17	FUN_71000b2c60,FUN_71000f0e30,	glPauseTransformFeedback
7100190e30	FUN_71000b2c60,FUN_71000f0e30,	glVertexAttribL1d
7100190e42	FUN_71000b2c60,FUN_71000f0e30,	glGetBufferParameterivARB
7100190e5c	FUN_71000b2c60,FUN_71000f0e30,	glWindowPos3dvARB
7100190e6e	FUN_71000b2c60,FUN_71000f0e30,	glMapObjectBufferATI
7100190e83	FUN_71000b2c60,FUN_71000f0e30,	glVertexStream1dvATI
7100190e98	FUN_71000b2c60,FUN_71000f0e30,	glVertexStream4fATI
7100190eac	FUN_71000b2c60,FUN_71000f0e30,	glPopGroupMarkerEXT
7100190ec0	FUN_71000b2c60,FUN_71000f0e30,	glGetMultiTexGenfvEXT
7100190ed6	FUN_71000b2c60,FUN_71000f0e30,	glMatrixTranslatedEXT
7100190eec	FUN_71000b2c60,FUN_71000f0e30,	glNamedProgramLocalParameter4dvEXT
7100190f0f	FUN_71000b2c60,	glDisableiEXT
7100190f1d	FUN_71000b2c60,	glDrawElementsInstancedBaseVertexEXT
7100190f42	FUN_71000b2c60,	glMultiDrawElementsBaseVertexEXT
7100190f63	FUN_71000b2c60,	glFragmentColorMaterialEXT
7100190f7e	FUN_71000b2c60,FUN_71000f0e30,	glTextureStorageMem1DEXT
7100190f97	FUN_71000b2c60,	glBeginSceneEXT
7100190fa7	FUN_71000b2c60,FUN_71000f0e30,	glSecondaryColor3fvEXT
7100190fbe	FUN_71000b2c60,FUN_71000f0e30,	glUseShaderProgramEXT
7100190fd4	FUN_71000b2c60,FUN_71000f0e30,	glActiveStencilFaceEXT
7100190feb	FUN_71000b2c60,FUN_71000f0e30,	glTexParameterIuivEXT
7100191001	FUN_71000b2c60,FUN_71000f0e30,	glArrayElementEXT
7100191013	FUN_71000b2c60,FUN_71000f0e30,	glEndVertexShaderEXT
7100191028	FUN_71000b2c60,FUN_71000f0e30,	glShaderOp2EXT
7100191037	FUN_71000b2c60,FUN_71000f0e30,	glVariantuivEXT
7100191047	FUN_71000b2c60,FUN_71000f0e30,	glMultiModeDrawElementsIBM
7100191062	FUN_71000b2c60,FUN_71000f0e30,	glIsCommandListNV
7100191074	FUN_71000b2c60,FUN_71000f0e30,	glClearDepthdNV
7100191084	FUN_71000b2c60,FUN_71000f0e30,	glDrawTextureNV
7100191094	FUN_71000b2c60,FUN_71000f0e30,	glUniform1ui64NV
71001910a5	FUN_71000b2c60,FUN_71000f0e30,	glVertexAttrib4hNV
71001910b8	FUN_71000b2c60,FUN_71000f0e30,	glProgramBufferParametersIuivNV
71001910d8	FUN_71000b2c60,	glPolygonModeNV
71001910e8	FUN_71000b2c60,FUN_71000f0e30,	glGetCombinerInputParameterivNV
7100191108	FUN_71000b2c60,FUN_71000f0e30,	glGetFinalCombinerInputParameterfvNV
710019112d	FUN_71000b2c60,FUN_71000f0e30,	glNamedFramebufferSampleLocationsfvNV
7100191153	FUN_71000b2c60,FUN_71000f0e30,	glVertexAttribL2i64NV
7100191169	FUN_71000b2c60,FUN_71000f0e30,	glGetVertexAttribfvNV
710019117f	FUN_71000b2c60,FUN_71000f0e30,	glVertexAttrib1sNV
7100191192	FUN_71000b2c60,FUN_71000f0e30,	glVertexAttribs1dvNV
71001911a7	FUN_71000b2c60,	glExtIsProgramBinaryQCOM
71001911c0	FUN_71000b2c60,	glMultMatrixx
71001911ce	FUN_71000b2c60,	glAllocMPEGPredictorsSGIX
71001911e8	FUN_71000b2c60,FUN_71000f0e30,	glTagSampleBufferSGIX
71001911fe	FUN_71000b2c60,FUN_71000f0e30,	glColorTableParameterivSGI
7100191219	FUN_71000b2c60,FUN_71000f0e30,	glColor4ubVertex2fSUN
710019122f	FUN_71000b2c60,FUN_71000f0e30,	glTexCoord4fVertex4fSUN
7100191247	TextRenderer_Init,	Vertex shader compile failed

7100191265	TextRenderer_Init,	quads
710019126b	FUN_71000dffe0,	tRNS after IDAT
710019127b	FUN_71000f0e30,	glEdgeFlagv
7100191287	FUN_71000f0e30,	glRasterPos2d
7100191295	FUN_71000f0e30,	glRectdv
710019129e	FUN_71000f0e30,	glTexCoord1sv
71001912ac	FUN_71000f0e30,	glTexCoord3s
71001912b9	FUN_71000f0e30,	glVertex2dv
71001912c5	FUN_71000f0e30,	glVertex4iv
71001912d1	FUN_71000f0e30,	glVertex4sv
71001912dd	FUN_71000f0e30,	glLightModeli
71001912eb	FUN_71000f0e30,	glTexGeniv
71001912f6	FUN_71000f0e30,	glMap1d
71001912fe	FUN_71000f0e30,	glEvalPoint1
710019130b	FUN_71000f0e30,	glGetMapiv
7100191316	FUN_71000f0e30,	glGetPixelMapuiv
7100191327	FUN_71000f0e30,	glGetTexEnviv
7100191335	FUN_71000f0e30,	glProgramUniformMatrix4x3dvEXT
7100191354	FUN_71000f0e30,	glDeleteQueryResourceTagNV
710019136f	FUN_71000f0e30,	glVertex3bOES
710019137d	FUN_71000f0e30,	glScalexOES
7100191389	FUN_71000f0e30,	glVertex2xvOES
7100191398	FUN_71000f0e30,	glLightEnviSGIX
71001913a8	FUN_71000f0e30,	glPollInstrumentsSGIX
71001913be	71001b7bf0,	GL_ARB_robustness_isolation
71001913da	71001b83d0,	GL_MESA_program_binary_formats
71001913f9	FUN_71001056b0,	nv12-y-offset
7100191407	FUN_7100109380,	nvnQueueGetTotalControlMemoryUsed
7100191429	FUN_7100109380,	nvnQueueBuilderGetControlMemorySize
710019144d	FUN_7100109380,	nvnWindowSetCrop
710019145e	FUN_7100109380,	nvnMemoryPoolFinalize
7100191474	FUN_7100109380,	nvnMemoryPoolMap
7100191485	FUN_7100109380,	nvnTextureBuilderSetDefaults
71001914a2	FUN_7100109380,	nvnTextureBuilderGetHeight
71001914bd	FUN_7100109380,	nvnTextureBuilderGetPackagedTextureData
71001914e5	FUN_7100109380,	nvnTextureViewGetDepthStencilMode
7100191507	FUN_7100109380,	nvnBlendStateGetBlendTarget
7100191523	FUN_7100109380,	nvnChannelMaskStateSetDefaults
7100191542	FUN_7100109380,	nvnPolygonStateGetPolygonOffsetEnables
7100191569	FUN_7100109380,	nvnDepthStencilStateGetStencilFunc
710019158c	FUN_7100109380,	nvnCommandBufferBindVertexStreamState
71001915b2	FUN_7100109380,	nvnCommandBufferSetPrimitiveRestart
71001915d6	FUN_7100109380,	nvnCommandBufferBindSeparateTextures
71001915fb	FUN_7100109380,	nvnEventBuilderSetStorage
7100191615	Renderer_DrawMainMenu,Renderer_Init,GameDef_Load,	DescriptionBar
7100191624	FUN_710009a210,	RESUME GAME
7100191634	71001b2a10,	GL_VERSION_1_2_1
7100191645	71001b2a30,	GL_VERSION_2_0
7100191654	71001b2a60,	GL_VERSION_4_0
7100191663	71001b2b18,71001b7820,	GL_AMD_multi_draw_indirect
710019167e	71001b2f50,71001b7ba0,	GL_ARB_pixel_buffer_object
7100191699	71001b2f58,71001b7ba8,	GL_ARB_point_parameters
71001916b1	71001b3048,71001b7c90,	GL_ARB_shader_subroutine
71001916ca	71001b30e0,71001b7d28,	GL_ARB_texture_border_clamp
71001916e6	71001b3288,	GL_ARM_shader_framebuffer_fetch
7100191706	71001b32a8,	GL_ATIX_texture_env_route
7100191720	71001b3300,71001b7f00,	GL_ATI_text_fragment_shader
710019173c	71001b3410,	GL_EXT_compressed_ETC1_RGB8_sub_texture
7100191764	71001b3568,71001b8090,	GL_EXT_memory_object_fd
710019177c	71001b3578,71001b80a0,	GL_EXT_misc_attribute
7100191792	71001b3670,71001b8138,	GL_EXT_semaphore_fd
71001917a6	71001b37b8,71001b8200,	GL_EXT_texture_env_dot3
71001917be	71001b3858,	GL_EXT_texture_type_2_10_10_10_REV
71001917e1	71001b3af8,71001b84b8,	GL_NV_draw_texture
71001917f4	71001b3ba0,71001b8538,	GL_NV_geometry_program4
710019180c	71001b3cc8,71001b8608,	GL_NV_register_combiners2
7100191826	71001b3d40,	GL_NV_shadow_samplers_array
7100191842	71001b3e28,71001b8720,	GL_NV_vertex_buffer_unified_memory
7100191865	71001b3ef0,	GL_QCOM_framebuffer_foveated
7100191882	71001b3fe0,71001b8880,	GL_SGIS_texture_lod
7100191896	71001b4068,	GL_SGIX_cube_map
71001918a7	71001b40d0,	GL_SGIX_fog_scale
71001918b9	71001b4108,71001b8900,	GL_SGIX_igloo_interface
71001918d1	71001b4110,	GL_SGIX_image_compression
71001918eb	71001b41d8,	GL_SGIX_spotlight_cutoff
7100191904	71001b4208,71001b8988,	GL_SGIX_texture_coordinate_clamp
7100191925	71001b4210,71001b8990,	GL_SGIX_texture_lod_bias
710019193e	71001b4218,	GL_SGIX_texture_mipmap_anisotropic
7100191961	71001b42f0,71001b8a00,	GL_WIN_phong_shading
7100191976	FUN_71000a2860,	eglQueryDeviceStringEXT
710019198e	FUN_71000a2860,	eglDestroyImageKHR
71001919a1	FUN_71000a2860,	eglCreateStreamFromFileDescriptorKHR
71001919c6	FUN_71000f0910,FUN_71000b2c60,FUN_71000b2c60,FUN_71000f0e30,	glGetStringi
71001919d3	FUN_71000b2c60,FUN_71000f0e30,	glCompressedTexImage1D
71001919ea	FUN_71000b2c60,FUN_71000f0e30,	glMultiTexCoord3fv
71001919fd	FUN_71000b2c60,FUN_71000f0e30,	glMultiTexCoord3sv
7100191a10	FUN_71000b2c60,FUN_71000f0e30,	glMultiTexCoord4fv
7100191a23	FUN_71000b2c60,FUN_71000f0e30,	glSecondaryColor3s
7100191a36	FUN_71000b2c60,FUN_71000f0e30,	glWindowPos2d
7100191a44	FUN_71000b2c60,FUN_71000f0e30,	glUniformMatrix2fv
7100191a57	FUN_71000b2c60,FUN_71000f0e30,	glVertexAttrib4fv
7100191a69	FUN_71000b2c60,FUN_71000f0e30,	glVertexAttrib4usv
7100191a7c	FUN_71000b2c60,FUN_71000f0e30,	glGetFragDataLocation
7100191a92	FUN_71000b2c60,FUN_71000f0e30,	glVertexAttribI1ui
7100191aa5	FUN_71000b2c60,FUN_71000f0e30,	glVertexAttribI4ubv
7100191ab9	FUN_71000b2c60,FUN_71000f0e30,	glGetFramebufferParameterfvAMD
7100191ad8	FUN_71000b2c60,FUN_71000f0e30,	glMapVertexAttrib2dAPPLE
7100191af1	FUN_71000b2c60,FUN_71000f0e30,	glShaderBinary
7100191b00	FUN_71000b2c60,FUN_71000f0e30,	glClearNamedBufferSubDataEXT
7100191b1d	FUN_71000b2c60,FUN_71000f0e30,	glGetTextureImage
7100191b2f	FUN_71000b2c60,FUN_71000f0e30,	glTextureSubImage2D
7100191b43	FUN_71000b2c60,FUN_71000f0e30,	glVertexArrayElementBuffer
7100191b5e	FUN_71000b2c60,FUN_71000f0e30,	glUniform3d
7100191b6a	FUN_71000b2c60,FUN_71000f0e30,	glUniform1i64vARB
7100191b7c	FUN_71000b2c60,FUN_71000f0e30,	glConvolutionParameteriv
7100191b95	FUN_71000b2c60,FUN_71000f0e30,	glCopyConvolutionFilter1D
7100191baf	FUN_71000b2c60,FUN_71000f0e30,	glVertexAttribDivisorARB
7100191bc8	FUN_71000b2c60,FUN_71000f0e30,	glInvalidateBufferData
7100191bdf	FUN_71000b2c60,FUN_71000f0e30,	glNamedFramebufferSampleLocationsfvARB
7100191c06	FUN_71000b2c60,FUN_71000f0e30,	glGenSamplers
7100191c14	FUN_71000b2c60,FUN_71000f0e30,	glGetObjectParameterivARB
7100191c2e	FUN_71000b2c60,FUN_71000f0e30,	glUniform4fvARB
7100191c3e	FUN_71000b2c60,FUN_71000b2c60,FUN_71000f0e30,	glDeleteSync
7100191c4b	FUN_71000b2c60,FUN_71000b2c60,FUN_71000f0e30,	glWaitSync
7100191c56	FUN_71000f0e30,FUN_71000cbf60,	glDeleteProgramsARB
7100191c6a	FUN_71000f0e30,FUN_71000cbf60,	glGetVertexAttribdvARB
7100191c81	FUN_71000f0e30,FUN_71000cbf60,	glVertexAttrib2fARB
7100191c95	FUN_71000f0e30,FUN_71000cbf60,	glVertexAttrib4svARB
7100191caa	FUN_71000b2c60,FUN_71000f0e30,	glTexBumpParameterivATI
7100191cc2	FUN_71000b2c60,FUN_71000f0e30,	glColorFragmentOp2ATI
7100191cd8	FUN_71000b2c60,FUN_71000f0e30,	glGetVertexAttribArrayObjectfvATI
7100191cfa	FUN_71000b2c60,FUN_71000f0e30,	glCopyTextureSubImage3DEXT
7100191d15	FUN_71000b2c60,FUN_71000f0e30,	glMultiTexParameterfEXT
7100191d2d	FUN_71000b2c60,FUN_71000f0e30,	glVertexArrayEdgeFlagOffsetEXT
7100191d4c	FUN_71000b2c60,FUN_71000f0e30,	glVertexArrayIndexOffsetEXT
7100191d68	FUN_71000b2c60,FUN_71000f0e30,	glGenRenderbuffersEXT
7100191d7e	FUN_71000b2c60,FUN_71000f0e30,	glUniform4uivEXT
7100191d8f	FUN_71000b2c60,FUN_71000f0e30,	glVertexAttribI2uivEXT
7100191da6	FUN_71000b2c60,FUN_71000f0e30,	glTextureStorageMem3DEXT
7100191dbf	FUN_71000b2c60,FUN_71000f0e30,	glColorTableEXT
7100191dcf	FUN_71000b2c60,FUN_71000f0e30,	glSecondaryColor3bvEXT
7100191de6	FUN_71000b2c60,FUN_71000f0e30,	glIsSemaphoreEXT
7100191df7	FUN_71000b2c60,FUN_71000f0e30,	glBindImageTextureEXT
7100191e0d	FUN_71000b2c60,	glTexStorage3DEXT
7100191e1f	FUN_71000b2c60,FUN_71000f0e30,	glVertexAttribL3dvEXT
7100191e35	FUN_71000b2c60,FUN_71000f0e30,	glVariantdvEXT
7100191e44	FUN_71000b2c60,FUN_71000f0e30,	glNormalPointervINTEL
7100191e5a	FUN_71000b2c60,FUN_71000f0e30,	glResizeBuffersMESA
7100191e6e	FUN_71000b2c60,FUN_71000f0e30,	glDepthRangedNV
7100191e7e	FUN_71000b2c60,FUN_71000f0e30,	glGetMapAttribParameterfvNV
7100191e9a	FUN_71000b2c60,FUN_71000f0e30,	glMapParameterfvNV
7100191ead	FUN_71000b2c60,FUN_71000f0e30,	glGetProgramNamedParameterdvNV
7100191ecc	FUN_71000b2c60,FUN_71000f0e30,	glProgramLocalParametersI4ivNV
7100191eeb	FUN_71000b2c60,FUN_71000f0e30,	glProgramLocalParametersI4uivNV
7100191f0b	FUN_71000b2c60,FUN_71000f0e30,	glMultiTexCoord1hNV
7100191f1f	FUN_71000b2c60,FUN_71000f0e30,	glMultiTexCoord1hvNV
7100191f34	FUN_71000b2c60,FUN_71000f0e30,	glSecondaryColor3hvNV
7100191f4a	FUN_71000b2c60,FUN_71000f0e30,	glVertexAttrib1hNV
7100191f5d	FUN_71000b2c60,FUN_71000f0e30,	glCoverStrokePathNV
7100191f71	FUN_71000b2c60,FUN_71000f0e30,	glGetPathCommandsNV
7100191f85	FUN_71000b2c60,FUN_71000f0e30,	glTexImage2DMultisampleCoverageNV
7100191fa7	FUN_71000b2c60,FUN_71000f0e30,	glGetTransformFeedbackVaryingNV
7100191fc7	FUN_71000b2c60,FUN_71000f0e30,	glBindProgramNV
7100191fd7	FUN_71000b2c60,FUN_71000f0e30,	glProgramParameter4dNV
7100191fee	FUN_71000b2c60,FUN_71000f0e30,	glGetVideoCaptureStreamivNV
710019200a	FUN_71000b2c60,FUN_71000f0e30,	glVideoCaptureStreamParameterfvNV
710019202c	FUN_71000b2c60,	glDisableDriverControlQCOM
7100192047	FUN_71000b2c60,	glGetDriverControlStringQCOM
7100192064	FUN_71000b2c60,	glExtGetBuffersQCOM
7100192078	FUN_71000b2c60,	glFogxv
7100192080	FUN_71000b2c60,	glLightxv
710019208a	FUN_71000b2c60,	glGetExtensionREGAL
710019209e	FUN_71000b2c60,	glPixelTransformParameterivSGI
71001920bd	FUN_71000d0680,FUN_71000d0680,	bad format
71001920c8	FUN_71000f0e30,	glColor4bv
71001920d3	FUN_71000f0e30,	glTexCoord2dv
71001920e1	FUN_71000f0e30,	glTexCoord4iv
71001920ef	FUN_71000f0e30,	glLightModelfv
71001920fe	FUN_71000f0e30,	glRenderMode
710019210b	FUN_71000f0e30,	glPopAttrib
7100192117	FUN_71000f0e30,	glEvalPoint2
7100192124	FUN_71000f0e30,	glGetMapfv
710019212f	FUN_71000f0e30,	glPopClientAttrib
7100192141	FUN_71000f0e30,	glEGLImageTargetTextureStorageEXT
7100192163	FUN_71000f0e30,	glTangent3dEXT
7100192172	FUN_71000f0e30,	glProgramUniformMatrix4dvEXT
710019218f	FUN_71000f0e30,	glActiveShaderProgramEXT
71001921a8	FUN_71000f0e30,	glMultiTexCoord3bvOES
71001921be	FUN_71000f0e30,	glMultMatrixxOES
71001921cf	FUN_71000f0e30,	glGetPixelTexGenParameterivSGIS
71001921ef	FUN_71000f0e30,	glDeformationMap3dSGIX
7100192206	71001b8160,	GL_EXT_shader_framebuffer_fetch_non_coherent
7100192233	71001b8868,	GL_SGIS_texture_color_mask
710019224e	FUN_7100109380,	nvnWindowBuilderGetNumActiveTextures
7100192273	FUN_7100109380,	nvnTextureBuilderSetSize2D
710019228e	FUN_7100109380,	nvnTextureGetTarget
71001922a2	FUN_7100109380,	nvnSamplerBuilderSetBorderColor
71001922c2	FUN_7100109380,	nvnSamplerBuilderGetBorderColori
71001922e3	FUN_7100109380,	nvnBlendStateGetAdvancedNormalizedDst
7100192309	FUN_7100109380,	nvnMultisampleStateSetCoverageModulationMode
7100192336	FUN_7100109380,	nvnCommandBufferAddControlMemory
7100192357	FUN_7100109380,	nvnCommandBufferBindStorageBuffer
7100192379	FUN_7100109380,	nvnCommandBufferFenceSync
7100192393	FUN_7100109380,	nvnSyncCreateGLSync
71001923a7	FUN_7100109380,	nvnEventGetMemoryOffset
71001923bf	cart_load,	save:/%s.sav
71001923cc	GameDef_Load,	Splash2
71001923d4	GameDef_Load,	ControlImage
71001923e1	71001b2ad0,71001b77d8,	GL_AMD_debug_output
71001923f5	71001b2b40,	GL_AMD_program_binary_Z400
7100192410	71001b2e70,71001b7ac0,	GL_ARB_framebuffer_object
710019242a	71001b2ee8,71001b7b38,	GL_ARB_internalformat_query2
7100192447	71001b3208,71001b7e50,	GL_ARB_uniform_buffer_object
7100192464	71001b33e0,71001b7f88,	GL_EXT_clip_volume_hint
710019247c	71001b35c8,71001b80c0,	GL_EXT_packed_float
7100192490	71001b3848,	GL_EXT_texture_storage
71001924a7	71001b38c0,71001b82b8,	GL_EXT_x11_sync_object
71001924be	71001b38e0,71001b82d8,	GL_HP_image_transform
71001924d4	71001b3908,71001b8300,	GL_IBM_rasterpos_clip
71001924ea	71001b3918,71001b8310,	GL_IBM_texture_mirrored_repeat
7100192509	71001b3b88,	GL_NV_framebuffer_multisample
7100192527	71001b3ba8,71001b8548,	GL_NV_geometry_shader4
710019253e	71001b3c98,71001b85e0,	GL_NV_present_video
7100192552	71001b3d28,71001b8660,	GL_NV_shader_storage_buffer_object
7100192575	71001b3f58,71001b8800,	GL_S3_s3tc
7100192580	71001b4040,71001b88c0,	GL_SGIX_clipmap
7100192590	71001b4050,	GL_SGIX_color_table_index_mode
71001925af	71001b40c0,71001b88e8,	GL_SGIX_fog_offset
71001925c2	71001b40f0,	GL_SGIX_fragments_instrument
71001925df	71001b4170,	GL_SGIX_packed_6bytes
71001925f5	71001b41b0,71001b8948,	GL_SGIX_resample
7100192606	71001b4270,71001b89b8,	GL_SGIX_ycrcb_subsample
710019261e	FUN_71000a2860,	eglGetOutputLayersEXT
7100192634	FUN_71000a2860,	eglSetDamageRegionKHR
710019264a	FUN_71000a2860,	eglDestroySyncNV
710019265b	FUN_71000b2c60,FUN_71000f0e30,	glMultiTexCoord3dv
710019266e	FUN_71000b2c60,FUN_71000f0e30,	glMultiTexCoord3iv
7100192681	FUN_71000b2c60,FUN_71000f0e30,	glBlendEquationSeparate
7100192699	FUN_71000b2c60,FUN_71000f0e30,	glVertexAttrib2fv
71001926ab	FUN_71000b2c60,FUN_71000f0e30,	glUniformMatrix3x4fv
71001926c0	FUN_71000b2c60,FUN_71000f0e30,	glNamedFramebufferSamplePositionsfvAMD
71001926e7	FUN_71000b2c60,	glGenQueriesANGLE
71001926f9	FUN_71000b2c60,	glRenderbufferStorageMultisampleAPPLE
710019271f	FUN_71000b2c60,FUN_71000f0e30,	glCreateVertexArrays
7100192734	FUN_71000b2c60,FUN_71000f0e30,	glGetNamedFramebufferAttachmentParameteriv
710019275f	FUN_71000b2c60,FUN_71000f0e30,	glGetQueryBufferObjectiv
7100192778	FUN_71000b2c60,FUN_71000f0e30,	glTextureStorage3D
710019278b	FUN_71000b2c60,FUN_71000f0e30,	glUniformMatrix2x4dv
71001927a0	FUN_71000b2c60,FUN_71000f0e30,	glUniformMatrix4x2dv
71001927b5	FUN_71000b2c60,FUN_71000f0e30,	glResetMinmax
71001927c3	FUN_71000b2c60,FUN_71000f0e30,	glProgramUniform3f
71001927d6	FUN_71000b2c60,FUN_71000f0e30,	glProgramUniform4dv
71001927ea	FUN_71000b2c60,FUN_71000f0e30,	glDetachObjectARB
71001927fc	FUN_71000b2c60,FUN_71000f0e30,	glGetUniformLocationARB
7100192814	FUN_71000b2c60,FUN_71000f0e30,	glUniform3ivARB
7100192824	FUN_71000b2c60,FUN_71000b2c60,FUN_71000f0e30,	glSampleMaski
7100192832	FUN_71000b2c60,FUN_71000f0e30,	glGetQueryObjecti64v
7100192847	FUN_71000b2c60,FUN_71000f0e30,	glVertexBlendARB
7100192858	FUN_71000b2c60,FUN_71000f0e30,	glWeightPointerARB
710019286b	FUN_71000b2c60,FUN_71000f0e30,	glBufferSubDataARB
710019287e	FUN_71000f0e30,FUN_71000cbf60,	glProgramEnvParameter4dvARB
710019289a	FUN_71000b2c60,FUN_71000f0e30,	glGetActiveAttribARB
71001928af	FUN_71000b2c60,FUN_71000f0e30,	glVertexAttribP3uiv
71001928c3	FUN_71000b2c60,FUN_71000f0e30,	glTexBumpParameterfvATI
71001928db	FUN_71000b2c60,FUN_71000f0e30,	glVertexStream3iATI
71001928ef	FUN_71000b2c60,FUN_71000f0e30,	glCompressedTextureImage2DEXT
710019290d	FUN_71000b2c60,FUN_71000f0e30,	glCopyMultiTexImage1DEXT
7100192926	FUN_71000b2c60,FUN_71000f0e30,	glEnableClientStateIndexedEXT
7100192944	FUN_71000b2c60,FUN_71000f0e30,	glGetCompressedTextureImageEXT
7100192963	FUN_71000b2c60,FUN_71000f0e30,	glGetMultiTexGenivEXT
7100192979	FUN_71000b2c60,FUN_71000f0e30,	glGetNamedFramebufferAttachmentParameterivEXT
71001929a7	FUN_71000b2c60,FUN_71000f0e30,	glNamedCopyBufferSubDataEXT
71001929c3	FUN_71000b2c60,FUN_71000f0e30,	glNamedFramebufferTextureEXT
71001929e0	FUN_71000b2c60,FUN_71000f0e30,	glNamedProgramLocalParametersI4ivEXT
7100192a05	FUN_71000b2c60,FUN_71000f0e30,	glProgramUniform4uiEXT
7100192a1c	FUN_71000b2c60,FUN_71000f0e30,	glBufferStorageExternalEXT
7100192a37	FUN_71000b2c60,	glFragmentLightModelfvEXT
7100192a51	FUN_71000b2c60,	glFragmentLightfEXT
7100192a65	FUN_71000b2c60,	glFragmentLightfvEXT
7100192a7a	FUN_71000b2c60,	glFragmentMaterialivEXT
7100192a92	FUN_71000b2c60,FUN_71000f0e30,	glUniform2uiEXT
7100192aa2	FUN_71000b2c60,FUN_71000f0e30,	glDeleteSemaphoresEXT
7100192ab8	FUN_71000b2c60,FUN_71000f0e30,	glBindVertexShaderEXT
7100192ace	FUN_71000b2c60,FUN_71000f0e30,	glGetVariantFloatvEXT
7100192ae4	FUN_71000b2c60,FUN_71000f0e30,	glDebugMessageCallback
7100192afb	FUN_71000b2c60,FUN_71000f0e30,	glWindowPos2dvMESA
7100192b0e	FUN_71000b2c60,FUN_71000f0e30,	glWindowPos2iMESA
7100192b20	FUN_71000b2c60,FUN_71000f0e30,	glGetTextureHandleNV
7100192b35	FUN_71000b2c60,FUN_71000f0e30,	glCallCommandListNV
7100192b49	FUN_71000b2c60,FUN_71000f0e30,	glDepthBoundsdNV
7100192b5a	FUN_71000b2c60,	glDrawElementsInstancedNV
7100192b74	FUN_71000b2c60,FUN_71000f0e30,	glDeleteFencesNV
7100192b85	FUN_71000b2c60,FUN_71000f0e30,	glProgramUniform3ui64vNV
7100192b9e	FUN_71000b2c60,FUN_71000f0e30,	glProgramUniform4ui64NV
7100192bb6	FUN_71000b2c60,FUN_71000f0e30,	glUniform2i64NV
7100192bc6	FUN_71000b2c60,FUN_71000f0e30,	glVertexAttrib3hNV
7100192bd9	FUN_71000b2c60,FUN_71000f0e30,	glCopyPathNV
7100192be6	FUN_71000b2c60,FUN_71000f0e30,	glIsPathNV
7100192bf1	FUN_71000b2c60,FUN_71000f0e30,	glPathMemoryGlyphIndexArrayNV
7100192c0f	FUN_71000b2c60,FUN_71000f0e30,	glPointAlongPathNV
7100192c22	FUN_71000b2c60,FUN_71000f0e30,	glTextureImage2DMultisampleNV
7100192c40	FUN_71000b2c60,FUN_71000f0e30,	glVDPAUUnmapSurfacesNV
7100192c57	FUN_71000b2c60,FUN_71000f0e30,	glGetVertexAttribLui64vNV
7100192c71	FUN_71000b2c60,FUN_71000f0e30,	glVertexAttribL2ui64NV
7100192c88	FUN_71000b2c60,FUN_71000f0e30,	glVertexAttrib1dNV
7100192c9b	FUN_71000b2c60,FUN_71000f0e30,	glVertexAttribs1svNV
7100192cb0	FUN_71000b2c60,	glGetClipPlanex
7100192cc0	FUN_71000b2c60,FUN_71000f0e30,	glFragmentMaterialfSGIX
7100192cd8	FUN_71000b2c60,FUN_71000f0e30,	glReplacementCodeuiColor3fVertex3fSUN
7100192cfe	FUN_71000b2c60,FUN_71000f0e30,	glReplacementCodeuiColor4fNormal3fVertex3fSUN
7100192d2c	FUN_71000b2c60,FUN_71000f0e30,	glTexCoord2fColor4fNormal3fVertex3fvSUN
7100192d54	FUN_71000d93c0,	expected marker
7100192d64	FUN_71000d93c0,	bad DRI len
7100192d70	FUN_71000e4550,	bad BMP
7100192d78	FUN_71000d7230,FUN_71000d0680,	corrupt
7100192d80	FUN_71000d7230,	unsupported format
7100192d93	Shader_CheckCompileErrors,	| ERROR::Shader: Link-time error: Type: 
7100192dbc	SpriteRenderer_DrawSprite,	model
7100192dc2	FUN_71000f0e30,	glGetTexLevelParameterfv
7100192ddb	FUN_71000f0e30,	glRasterPos2s
7100192de9	FUN_71000f0e30,	glRasterPos4d
7100192df7	FUN_71000f0e30,	glRasterPos4iv
7100192e06	FUN_71000f0e30,	glTexCoord1dv
7100192e14	FUN_71000f0e30,	glVertex3s
7100192e1f	FUN_71000f0e30,	glVertex4dv
7100192e2b	FUN_71000f0e30,	glFogi
7100192e32	FUN_71000f0e30,	glMap1f
7100192e3a	FUN_71000f0e30,	glMapGrid2d
7100192e46	FUN_71000f0e30,	glEvalMesh2
7100192e52	FUN_71000f0e30,	glPixelZoom
7100192e5e	FUN_71000f0e30,	glDrawElements
7100192e6d	FUN_71000f0e30,	glCopyTexSubImage1D
7100192e81	FUN_71000f0e30,	glQueryResourceTagNV
7100192e96	FUN_71000f0e30,	glMultiTexCoord1bOES
7100192eab	FUN_71000f0e30,	glFogxOES
7100192eb5	FUN_71000f0e30,	glSampleCoveragexOES
7100192eca	FUN_71000f0e30,	glListParameteriSGIX
7100192edf	FUN_71001056b0,	nv12-colorspace
7100192eef	FUN_7100109380,	nvnDeviceSetDepthMode
7100192f05	FUN_7100109380,	nvnWindowSetDebugLabel
7100192f1c	FUN_7100109380,	nvnProgramSetShaders
7100192f31	FUN_7100109380,	nvnMemoryPoolBuilderGetMemory
7100192f4f	FUN_7100109380,	nvnTexturePoolSetDebugLabel
7100192f6b	FUN_7100109380,	nvnTextureBuilderSetFlags
7100192f85	FUN_7100109380,	nvnTextureBuilderSetSize1D
7100192fa0	FUN_7100109380,	nvnTextureBuilderGetDepth
7100192fba	FUN_7100109380,	nvnTextureGetFlags
7100192fcd	FUN_7100109380,	nvnSamplerBuilderSetLodBias
7100192fe9	FUN_7100109380,	nvnSamplerBuilderGetLodClamp
7100193006	FUN_7100109380,	nvnSamplerGetMinMagFilter
7100193020	FUN_7100109380,	nvnCommandBufferDrawArraysIndirect
7100193043	FUN_7100109380,	nvnCommandBufferSetViewports
7100193060	FUN_7100109380,	nvnCommandBufferClearBuffer
710019307c	FUN_7100109380,	nvnCommandBufferClearTexture
7100193099	FUN_7100109380,	nvnCommandBufferInsertDebugMarkerDynamic
71001930c2	FUN_7100109380,	nvnQueueFenceSync
71001930d4	gb_save_state,	%04d-%02d-%02d %02d:%02d
71001930ed	Renderer_DrawMainMenu,Renderer_DrawMenuBackground,Renderer_Init,GameDef_Load,	MenuBackground
71001930fc	Renderer_DrawExtrasMenu,	Explore bonus content
7100193112	Renderer_DrawPauseMenu,	CONFIRM SAVE ?
7100193121	FUN_71000a2860,	EGL_ANDROID_create_native_client_buffer
7100193149	71001b2a78,	GL_VERSION_4_3
7100193158	71001b2b38,71001b7840,	GL_AMD_pinned_memory
710019316d	71001b2da0,71001b79d0,	GL_ARB_conditional_render_inverted
7100193190	71001b2dc8,71001b79f8,	GL_ARB_debug_output
71001931a4	71001b3050,71001b7c98,	GL_ARB_shader_texture_image_samples
71001931c8	FUN_71000b2c60,FUN_71000b2c60,FUN_71000b2c60,FUN_71000b2c60,71001b3360,	GL_EXT_EGL_image_array
71001931df	71001b33b0,71001b7f70,	GL_EXT_blend_logic_op
71001931f5	71001b34b8,	GL_EXT_frag_depth
7100193207	71001b34c0,	GL_EXT_fragment_lighting
7100193220	71001b36f0,	GL_EXT_shadow_samplers
7100193237	71001b3758,	GL_EXT_texture_compression_astc_decode_mode_rgb9e5
710019326a	71001b38d0,71001b82c8,	GL_GREMEDY_string_marker
7100193283	71001b3940,71001b8348,	GL_INTEL_fragment_shader_ordering
71001932a5	71001b3998,71001b8398,	GL_KHR_parallel_shader_compile
71001932c4	71001b3a00,71001b8770,	GL_NVX_blend_equation_advanced_multi_draw_buffers
71001932f6	71001b3c10,71001b8590,	GL_NV_multisample_coverage
7100193311	71001b40b0,	GL_SGIX_fog_factor_to_alpha
710019332d	71001b4308,	GL_WIN_swap_hint
710019333e	FUN_71000a2860,	eglCreatePixmapSurface
7100193355	FUN_71000a2860,	eglGetConfigs
7100193363	FUN_71000a2860,	eglBindAPI
710019336e	FUN_71000a2860,	eglGetSyncAttribNV
7100193381	FUN_71000b2c60,FUN_71000f0e30,	glGetQueryObjectiv
7100193394	FUN_71000b2c60,FUN_71000f0e30,	glGetShaderiv
71001933a2	FUN_71000b2c60,FUN_71000f0e30,	glVertexAttrib4Nsv
71001933b5	FUN_71000b2c60,FUN_71000f0e30,	glGetDebugMessageLogAMD
71001933cd	FUN_71000b2c60,FUN_71000f0e30,	glDeleteFencesAPPLE
71001933e1	FUN_71000b2c60,FUN_71000f0e30,	glGenVertexArraysAPPLE
71001933f8	FUN_71000b2c60,FUN_71000f0e30,	glIsVertexAttribEnabledAPPLE
7100193415	FUN_71000b2c60,FUN_71000f0e30,	glProgramUniform4i64vARB
710019342e	FUN_71000b2c60,FUN_71000f0e30,	glGetInternalformati64v
7100193446	FUN_71000b2c60,FUN_71000f0e30,	glMatrixIndexubvARB
710019345a	FUN_71000b2c60,FUN_71000f0e30,	glBindBuffersRange
710019346d	FUN_71000b2c60,FUN_71000f0e30,	glGetQueryObjectivARB
7100193483	FUN_71000b2c60,FUN_71000f0e30,	glProgramUniform1i
7100193496	FUN_71000b2c60,FUN_71000f0e30,	glProgramUniform4d
71001934a9	FUN_71000b2c60,FUN_71000f0e30,	glProgramUniformMatrix3x4dv
71001934c5	FUN_71000b2c60,FUN_71000b2c60,FUN_71000f0e30,	glClientWaitSync
71001934d6	FUN_71000b2c60,FUN_71000b2c60,FUN_71000f0e30,	glGetInteger64v
71001934e6	FUN_71000b2c60,FUN_71000f0e30,	glTextureBarrier
71001934f7	FUN_71000cbde0,FUN_71000f0e30,	glGetActiveUniformBlockName
7100193513	FUN_71000b2c60,FUN_71000b2c60,FUN_71000f0e30,	glGenVertexArrays
7100193525	FUN_71000b2c60,FUN_71000f0e30,	glVertexAttribL2dv
7100193538	FUN_71000b2c60,FUN_71000f0e30,	glWeightuivARB
7100193547	FUN_71000b2c60,FUN_71000f0e30,	glUnmapBufferARB
7100193558	FUN_71000f0e30,FUN_71000cbf60,	glGetProgramStringARB
710019356e	FUN_71000b2c60,FUN_71000f0e30,	glMultiTexCoordP4ui
7100193582	FUN_71000b2c60,FUN_71000f0e30,	glGetDoublei_v
7100193591	FUN_71000b2c60,FUN_71000f0e30,	glAlphaFragmentOp3ATI
71001935a7	FUN_71000b2c60,FUN_71000f0e30,	glDisableClientStateiEXT
71001935c0	FUN_71000b2c60,FUN_71000f0e30,	glGetTextureImageEXT
71001935d5	FUN_71000b2c60,FUN_71000f0e30,	glMatrixLoadTransposefEXT
71001935ef	FUN_71000b2c60,FUN_71000f0e30,	glMultiTexEnviEXT
7100193601	FUN_71000b2c60,FUN_71000f0e30,	glMultiTexImage3DEXT
7100193616	FUN_71000b2c60,FUN_71000f0e30,	glProgramUniform2ivEXT
710019362d	FUN_71000b2c60,FUN_71000f0e30,	glDisableIndexedEXT
7100193641	FUN_71000b2c60,	glBlendFuncSeparateiEXT
7100193659	FUN_71000b2c60,	glGetFragmentLightfvEXT
7100193671	FUN_71000b2c60,FUN_71000f0e30,	glGetVertexAttribIivEXT
7100193689	FUN_71000b2c60,FUN_71000f0e30,	glUniform1uivEXT
710019369a	FUN_71000b2c60,FUN_71000f0e30,	glResetMinmaxEXT
71001936ab	FUN_71000b2c60,FUN_71000f0e30,	glTextureStorageMem2DMultisampleEXT
71001936cf	FUN_71000b2c60,	glGetFramebufferPixelLocalStorageSizeEXT
71001936f8	FUN_71000b2c60,FUN_71000f0e30,	glClearColorIuiEXT
710019370b	FUN_71000b2c60,FUN_71000f0e30,	glDeleteTexturesEXT
710019371f	FUN_71000b2c60,	glTexStorage2DEXT
7100193731	FUN_71000b2c60,FUN_71000f0e30,	glEndTransformFeedbackEXT
710019374b	FUN_71000b2c60,FUN_71000f0e30,	glTransformFeedbackVaryingsEXT
710019376a	FUN_71000b2c60,FUN_71000f0e30,	glBindMaterialParameterEXT
7100193785	FUN_71000b2c60,FUN_71000f0e30,	glGetLocalConstantBooleanvEXT
71001937a3	FUN_71000b2c60,FUN_71000f0e30,	glVariantusvEXT
71001937b3	FUN_71000b2c60,FUN_71000f0e30,	glWindowRectanglesEXT
71001937c9	FUN_71000b2c60,FUN_71000f0e30,	glImageTransformParameteriHP
71001937e6	FUN_71000b2c60,FUN_71000f0e30,	glImageTransformParameterivHP
7100193804	FUN_71000b2c60,FUN_71000f0e30,	glColorPointerListIBM
710019381a	FUN_71000b2c60,	glDeleteBufferRegion
710019382f	FUN_71000b2c60,FUN_71000f0e30,	glGetTextureSamplerHandleNV
710019384b	FUN_71000b2c60,FUN_71000f0e30,	glGetMapControlPointsNV
7100193863	FUN_71000b2c60,FUN_71000f0e30,	glProgramEnvParameterI4ivNV
710019387f	FUN_71000b2c60,FUN_71000f0e30,	glProgramUniform1i64vNV
7100193897	FUN_71000b2c60,FUN_71000f0e30,	glProgramUniform4ui64vNV
71001938b0	FUN_71000b2c60,FUN_71000f0e30,	glMatrixMult3x3fNV
71001938c3	FUN_71000b2c60,FUN_71000f0e30,	glPathParameterfvNV
71001938d7	FUN_71000b2c60,FUN_71000f0e30,	glPrimitiveRestartNV
71001938ec	FUN_71000b2c60,FUN_71000f0e30,	glCombinerParameterfvNV
7100193904	FUN_71000b2c60,FUN_71000f0e30,	glTextureBarrierNV
7100193917	FUN_71000b2c60,FUN_71000f0e30,	glVertexAttribL2ui64vNV
710019392f	FUN_71000b2c60,FUN_71000f0e30,	glProgramParameter4fvNV
7100193947	FUN_71000b2c60,FUN_71000f0e30,	glTrackMatrixNV
7100193957	FUN_71000b2c60,FUN_71000f0e30,	glVertexAttrib3svNV
710019396b	FUN_71000b2c60,FUN_71000f0e30,	glVertexAttrib4dvNV
710019397f	FUN_71000b2c60,FUN_71000f0e30,	glVertexAttribs3fvNV
7100193994	FUN_71000b2c60,FUN_71000f0e30,	glVertexAttribs4svNV
71001939a9	FUN_71000b2c60,	glGetFloati_vNV
71001939b9	FUN_71000b2c60,	glDepthRangex
71001939c7	FUN_71000b2c60,	glSampleCoveragex
71001939d9	FUN_71000b2c60,	glGetTexEnvxv
71001939e7	FUN_71000b2c60,	glLogMessageCallbackREGAL
7100193a01	FUN_71000b2c60,FUN_71000f0e30,	glTexImage4DSGIS
7100193a12	FUN_71000b2c60,FUN_71000f0e30,	glIsAsyncMarkerSGIX
7100193a26	FUN_71000b2c60,	glMPEGPredictorSGIX
7100193a3a	FUN_71000b2c60,FUN_71000f0e30,	glPixelTexGenSGIX
7100193a4c	FUN_71000b2c60,FUN_71000f0e30,	glReplacementCodeuiSUN
7100193a63	FUN_71000b2c60,FUN_71000f0e30,	glReplacementCodeusSUN
7100193a7a	FUN_71000dad60,	bad SOS len
7100193a86	FUN_71000dffe0,	bad comp method
7100193a96	FUN_71000e4ef0,	bad Image Descriptor
7100193aab	FUN_71000ef9b0,	filename=<null>
7100193abb	FUN_71000f0e30,	glGetTexLevelParameteriv
7100193ad4	FUN_71000f0e30,	glIsEnabled
7100193ae0	FUN_71000f0e30,	glCallLists
7100193aec	FUN_71000f0e30,	glColor4sv
7100193af7	FUN_71000f0e30,	glRectiv
7100193b00	FUN_71000f0e30,	glTexCoord1iv
7100193b0e	FUN_71000f0e30,	glTexCoord4dv
7100193b1c	FUN_71000f0e30,	glTexCoord4i
7100193b29	FUN_71000f0e30,	glPixelTransferi
7100193b3a	FUN_71000f0e30,	glMatrixMode
7100193b47	FUN_71000f0e30,	glProgramUniformMatrix2x4dvEXT
7100193b66	FUN_71000f0e30,	glStencilClearTagEXT
7100193b7b	FUN_71000f0e30,	glGetProgramEnvParameterIivNV
7100193b99	FUN_71000f0e30,	glTexCoord2bvOES
7100193baa	FUN_71000f0e30,	glDepthRangexOES
7100193bbb	FUN_71000f0e30,	glGetConvolutionParameterxvOES
7100193bda	FUN_71000f0e30,	glRectxOES
7100193be5	FUN_71000f0e30,	glRectxvOES
7100193bf1	71001b85f8,	GL_NV_query_resource_tag
7100193c0a	FUN_7100102510,	MovieAudioOutputHandlerThread
7100193c28	FUN_7100109380,	nvnBufferGetMemoryPool
7100193c3f	FUN_7100109380,	nvnTextureViewCompare
7100193c55	FUN_7100109380,	nvnTextureReadTexelsStrided
7100193c71	FUN_7100109380,	nvnSamplerBuilderGetReductionFilter
7100193c95	FUN_7100109380,	nvnSamplerSetDebugLabel
7100193cad	FUN_7100109380,	nvnSamplerGetBorderColori
7100193cc7	FUN_7100109380,	nvnSamplerGetReductionFilter
7100193ce4	FUN_7100109380,	nvnBlendStateGetBlendFunc
7100193cfe	FUN_7100109380,	nvnBlendStateGetBlendEquation
7100193d1c	FUN_7100109380,	nvnDepthStencilStateSetDefaults
7100193d3c	FUN_7100109380,	nvnDepthStencilStateSetStencilOp
7100193d5d	FUN_7100109380,	nvnCommandBufferBindBlendState
7100193d7c	FUN_7100109380,	nvnCommandBufferSetDepthRange
7100194380	Entry Point,71001b1e10,	St8bad_cast
710019438c	Entry Point,71001b1e00,	St9exception
71001948c0	Entry Point,	St12length_error
71001948d1	Entry Point,71001b1ff0,	St11logic_error
7100195538	71001b8a68,	12StreamReader
7100195547		N5movie18ClientStreamReaderE
7100195569	FUN_7100106b50,	#version 450
layout(location = 0) in vec4 a_position;layout(location = 1) in vec2 a_texCoord;out vec2 v_texCoord;void main() {   gl_Position = a_position;   v_texCoord = a_texCoord;   v_texCoord.y = v_texCoord.y;}
710019563f	FUN_7100106b50,	#version 450
in vec2 v_texCoord;layout(binding = 0) uniform sampler2D u_textureY;layout(binding = 1) uniform sampler2D u_textureUV;layout(binding = 2) uniform UBO {    vec3 src_bias;    mat3 src_xform;};out vec4 colorOut;void main() {    float y = texture(u_textureY, v_texCoord).r;    vec2 cbcr = texture(u_textureUV, v_texCoord).rg;    vec3 yuv = vec3(y, cbcr);    yuv -= src_bias;    yuv *= src_xform;    colorOut = vec4(yuv, 1.0);}
71001957f3	FUN_7100106b50,	#version 450
in vec2 v_texCoord;layout(binding = 0) uniform sampler2D rgb_texture;out vec4 colorOut;void main() {    colorOut = texture(rgb_texture, v_texCoord).rgba;}
710019599c	71001b8ac8,	N3nns3hid8DebugPadE
71001959b8		N3nns3hid10ControllerE
71001959cf	71001b8b68,	N3nns3hid13DebugPadAssetE
71001959e9		N3nns3hid11DeviceAssetE
7100195a01	71001b8c08,	N3nns3hid7GamePadE
7100195a40	71001b8c50,	N3nns3hid12GamePadAssetE
7100195a59	71001b8cb0,	N3nns3hid16KeyboardAndMouseE
7100195a76	71001b8cf8,	N3nns3hid13KeyboardAssetE
7100195a9e		3DN3nns3hid10MouseAssetE
7100195ab7	71001b8da0,	N3nns3hid11TouchScreenE
7100195ade		0DN3nns3hid16TouchScreenAssetE
71001a6d4c	FUN_7100102360,	SDK MW+Nintendo+NintendoSDK_gll-10_4_1-Release
71001b5c50	FUN_71000dffe0,FUN_71000dffe0,	XXXX PNG chunk not known
